source,source_job_id,company,title,location,latitude,longitude,employment_type,workplace_type,detected_intents,course_scores,url
lever,41468aca-c1c2-4a7b-aec8-f499e64b6d1e,Shield AI,Aerostructures Design Engineer II (R4953),"Seattle, Washington",47.60621,-122.33207,Full Time Employee,onsite,,"{""electrical_engineering"": 0, ""computer_science"": 0, ""mechanical_engineering"": 0, ""civil_engineering"": 17, ""production_engineering"": 9, ""administration"": 9, ""data_science"": 0}",https://jobs.lever.co/shieldai/41468aca-c1c2-4a7b-aec8-f499e64b6d1e
lever,baaae144-6477-4f3b-975b-ec1d04d0a7e4,Shield AI,Aerostructures Design Engineer II (R5156),"Seattle, Washington",47.60621,-122.33207,Full Time Employee,onsite,,"{""electrical_engineering"": 9, ""computer_science"": 0, ""mechanical_engineering"": 58, ""civil_engineering"": 17, ""production_engineering"": 9, ""administration"": 9, ""data_science"": 0}",https://jobs.lever.co/shieldai/baaae144-6477-4f3b-975b-ec1d04d0a7e4
lever,30df7ce0-c4c3-400e-ac9c-12537cea37ce,Shield AI,Aerostructures Design Engineer II (R5157),"Seattle, Washington",47.60621,-122.33207,Full Time Employee,onsite,,"{""electrical_engineering"": 9, ""computer_science"": 0, ""mechanical_engineering"": 58, ""civil_engineering"": 17, ""production_engineering"": 9, ""administration"": 9, ""data_science"": 0}",https://jobs.lever.co/shieldai/30df7ce0-c4c3-400e-ac9c-12537cea37ce
lever,66ab9907-83b7-4b5a-bf16-520d54d42fa7,Shield AI,"Air Vehicle Lead, Chief Engineer","San Diego, California",32.71571,-117.16472,Full Time Employee,onsite,,"{""electrical_engineering"": 54, ""computer_science"": 0, ""mechanical_engineering"": 12, ""civil_engineering"": 9, ""production_engineering"": 9, ""administration"": 9, ""data_science"": 0}",https://jobs.lever.co/shieldai/66ab9907-83b7-4b5a-bf16-520d54d42fa7
lever,2394368a-67ff-441c-83c3-e998446327e7,Shield AI,"Applications Engineer, Autonomy (open level)","San Diego, California",32.71571,-117.16472,Full Time Employee,hybrid,,"{""electrical_engineering"": 9, ""computer_science"": 0, ""mechanical_engineering"": 9, ""civil_engineering"": 0, ""production_engineering"": 9, ""administration"": 9, ""data_science"": 0}",https://jobs.lever.co/shieldai/2394368a-67ff-441c-83c3-e998446327e7
lever,8afc41da-27a5-4054-a3c7-87b3ceb6cf0a,Shield AI,"Applications Engineer, Autonomy (open level)",United States,,,Full Time Employee,hybrid,,"{""electrical_engineering"": 9, ""computer_science"": 0, ""mechanical_engineering"": 9, ""civil_engineering"": 0, ""production_engineering"": 9, ""administration"": 9, ""data_science"": 0}",https://jobs.lever.co/shieldai/8afc41da-27a5-4054-a3c7-87b3ceb6cf0a
lever,ca142049-83c4-40bf-9522-3e323d4c3672,Shield AI,"Applications Engineer, Learning & Development- Open Level (R5053)","Washington, DC",38.89511,-77.03637,Full Time Employee,hybrid,,"{""electrical_engineering"": 0, ""computer_science"": 0, ""mechanical_engineering"": 0, ""civil_engineering"": 0, ""production_engineering"": 9, ""administration"": 9, ""data_science"": 0}",https://jobs.lever.co/shieldai/ca142049-83c4-40bf-9522-3e323d4c3672
lever,78842190-deba-4864-9ef9-272009cb15a4,Shield AI,"Associate Engineer, Manufacturing","Dallas, Texas",32.78306,-96.80667,Full Time Employee,onsite,,"{""electrical_engineering"": 54, ""computer_science"": 0, ""mechanical_engineering"": 17, ""civil_engineering"": 9, ""production_engineering"": 15, ""administration"": 9, ""data_science"": 0}",https://jobs.lever.co/shieldai/78842190-deba-4864-9ef9-272009cb15a4
lever,ce904fcd-f35e-4f69-8544-26178c18e956,Shield AI,Associate Facilities Coordinator (R5534),Kyiv,50.45466,30.5238,International EOR,onsite,internship,"{""electrical_engineering"": 0, ""computer_science"": 0, ""mechanical_engineering"": 0, ""civil_engineering"": 0, ""production_engineering"": 9, ""administration"": 9, ""data_science"": 0}",https://jobs.lever.co/shieldai/ce904fcd-f35e-4f69-8544-26178c18e956
lever,7122f5bf-e6fb-40e1-8fd1-084655a0657b,Shield AI,Associate Facilities Coordinator (R5567),Lviv,49.83826,24.02324,International EOR,onsite,internship,"{""electrical_engineering"": 0, ""computer_science"": 0, ""mechanical_engineering"": 0, ""civil_engineering"": 0, ""production_engineering"": 9, ""administration"": 9, ""data_science"": 0}",https://jobs.lever.co/shieldai/7122f5bf-e6fb-40e1-8fd1-084655a0657b
lever,5bba86c8-b11b-48a8-9ec5-e1d258defc83,Shield AI,Associate Sourcing Specialist (R5490),"Dallas, Texas",32.78306,-96.80667,Full Time Employee,onsite,,"{""electrical_engineering"": 0, ""computer_science"": 0, ""mechanical_engineering"": 9, ""civil_engineering"": 0, ""production_engineering"": 15, ""administration"": 9, ""data_science"": 0}",https://jobs.lever.co/shieldai/5bba86c8-b11b-48a8-9ec5-e1d258defc83
lever,7acef65d-2466-4959-9e86-106ecb4e7fe4,Shield AI,Associate Systems Administrator (R5698),Wichita Metro Area,37.69224,-97.33754,Full Time Employee,onsite,,"{""electrical_engineering"": 0, ""computer_science"": 0, ""mechanical_engineering"": 0, ""civil_engineering"": 9, ""production_engineering"": 9, ""administration"": 9, ""data_science"": 0}",https://jobs.lever.co/shieldai/7acef65d-2466-4959-9e86-106ecb4e7fe4
lever,ec27312c-b829-42fb-9a1f-e5733b38b0c1,Shield AI,Autonomy Integration Engineer (R5245),London,51.50853,-0.12574,Full Time Employee,onsite,,"{""electrical_engineering"": 9, ""computer_science"": 0, ""mechanical_engineering"": 0, ""civil_engineering"": 0, ""production_engineering"": 9, ""administration"": 9, ""data_science"": 0}",https://jobs.lever.co/shieldai/ec27312c-b829-42fb-9a1f-e5733b38b0c1
lever,3834c3fd-5957-481d-b935-b21ea773944e,Shield AI,Business Development & Sales Lead - UK,London,51.50853,-0.12574,International EOR,onsite,internship,"{""electrical_engineering"": 0, ""computer_science"": 0, ""mechanical_engineering"": 0, ""civil_engineering"": 0, ""production_engineering"": 9, ""administration"": 87, ""data_science"": 0}",https://jobs.lever.co/shieldai/3834c3fd-5957-481d-b935-b21ea773944e
lever,d9263358-7d87-48d1-90af-cb455b340df3,Shield AI,"Business Development Lead, Baltics (R5227)",Tallinn,59.43696,24.75353,International EOR,onsite,internship,"{""electrical_engineering"": 9, ""computer_science"": 0, ""mechanical_engineering"": 0, ""civil_engineering"": 0, ""production_engineering"": 9, ""administration"": 88, ""data_science"": 0}",https://jobs.lever.co/shieldai/d9263358-7d87-48d1-90af-cb455b340df3
lever,607decf0-c593-4307-9674-f35802cdf944,Shield AI,"Business Development Lead, Belgium, NATO & Luxembourg",Brussels,50.85045,4.34878,,onsite,,"{""electrical_engineering"": 9, ""computer_science"": 0, ""mechanical_engineering"": 0, ""civil_engineering"": 0, ""production_engineering"": 9, ""administration"": 79, ""data_science"": 0}",https://jobs.lever.co/shieldai/607decf0-c593-4307-9674-f35802cdf944
lever,1382eb7c-f076-470f-9808-0e701f21d857,Shield AI,"Business Development Lead, Central Europe (DACH, Czech Republic, Slovakia) (R5054)",Munich,48.13743,11.57549,International EOR,onsite,internship,"{""electrical_engineering"": 9, ""computer_science"": 0, ""mechanical_engineering"": 0, ""civil_engineering"": 0, ""production_engineering"": 9, ""administration"": 88, ""data_science"": 0}",https://jobs.lever.co/shieldai/1382eb7c-f076-470f-9808-0e701f21d857
lever,2d4d3eb1-3a86-46fc-a52a-23cbd2053fcc,Shield AI,"Business Development Lead, Denmark (R5596)",Copenhagen,55.67594,12.56553,International EOR,onsite,internship,"{""electrical_engineering"": 9, ""computer_science"": 0, ""mechanical_engineering"": 0, ""civil_engineering"": 0, ""production_engineering"": 0, ""administration"": 85, ""data_science"": 0}",https://jobs.lever.co/shieldai/2d4d3eb1-3a86-46fc-a52a-23cbd2053fcc
lever,45c240c6-3806-49a3-bb52-c6cc5d9f5376,Shield AI,"Business Development Lead, Netherlands (R5380)",Amsterdam,52.37403,4.88969,International EOR,onsite,internship,"{""electrical_engineering"": 9, ""computer_science"": 0, ""mechanical_engineering"": 0, ""civil_engineering"": 0, ""production_engineering"": 9, ""administration"": 88, ""data_science"": 0}",https://jobs.lever.co/shieldai/45c240c6-3806-49a3-bb52-c6cc5d9f5376
lever,14f83ee4-4097-4dc2-95c5-624ea35a3332,Shield AI,Business Development Manager - Nordics,Oslo,59.91273,10.74609,Full Time Employee,onsite,,"{""electrical_engineering"": 0, ""computer_science"": 0, ""mechanical_engineering"": 9, ""civil_engineering"": 0, ""production_engineering"": 9, ""administration"": 82, ""data_science"": 0}",https://jobs.lever.co/shieldai/14f83ee4-4097-4dc2-95c5-624ea35a3332
lever,6d7fae42-8f38-40c4-af62-3086d341112d,Shield AI,Business Development Manager – Romania Internal Security & Caucasus (R5011),Bucharest,44.43225,26.10626,International EOR,onsite,internship,"{""electrical_engineering"": 9, ""computer_science"": 0, ""mechanical_engineering"": 0, ""civil_engineering"": 0, ""production_engineering"": 9, ""administration"": 88, ""data_science"": 0}",https://jobs.lever.co/shieldai/6d7fae42-8f38-40c4-af62-3086d341112d
lever,d245b056-7a67-4ea2-81d5-1356a0e76fad,Shield AI,"Change Management Lead, Finance Transformation (R5597)","San Mateo, California",14.6982,121.1236,Full Time Employee,onsite,,"{""electrical_engineering"": 0, ""computer_science"": 0, ""mechanical_engineering"": 0, ""civil_engineering"": 0, ""production_engineering"": 9, ""administration"": 17, ""data_science"": 0}",https://jobs.lever.co/shieldai/d245b056-7a67-4ea2-81d5-1356a0e76fad
lever,144f5cec-7d0c-40eb-99b9-dd6f89fa7a91,Shield AI,"Chief Engineer, Autonomy (R4614)","Washington, DC",38.89511,-77.03637,Full Time Employee,onsite,,"{""electrical_engineering"": 0, ""computer_science"": 0, ""mechanical_engineering"": 0, ""civil_engineering"": 0, ""production_engineering"": 12, ""administration"": 51, ""data_science"": 0}",https://jobs.lever.co/shieldai/144f5cec-7d0c-40eb-99b9-dd6f89fa7a91
lever,dd795a91-7317-44ea-8197-caf6266eb8f8,Shield AI,"Chief Engineer, CCA",London,51.50853,-0.12574,International Office Entity,onsite,internship,"{""electrical_engineering"": 0, ""computer_science"": 0, ""mechanical_engineering"": 0, ""civil_engineering"": 0, ""production_engineering"": 12, ""administration"": 51, ""data_science"": 0}",https://jobs.lever.co/shieldai/dd795a91-7317-44ea-8197-caf6266eb8f8
lever,8467cb7d-74e6-453b-ba7b-c8d683048b4d,Shield AI,"Chief Engineer, Weapons",London,51.50853,-0.12574,Full Time Employee,onsite,,"{""electrical_engineering"": 0, ""computer_science"": 0, ""mechanical_engineering"": 0, ""civil_engineering"": 0, ""production_engineering"": 9, ""administration"": 42, ""data_science"": 0}",https://jobs.lever.co/shieldai/8467cb7d-74e6-453b-ba7b-c8d683048b4d
lever,a0e81787-f1f0-4bd0-be97-49039b3bed07,Shield AI,"Chief of Staff, AI Hive (R5599)",New Delhi,28.65195,77.23149,International Office Entity,onsite,internship,"{""electrical_engineering"": 0, ""computer_science"": 0, ""mechanical_engineering"": 0, ""civil_engineering"": 0, ""production_engineering"": 9, ""administration"": 57, ""data_science"": 0}",https://jobs.lever.co/shieldai/a0e81787-f1f0-4bd0-be97-49039b3bed07
lever,2e590ac0-6d75-4956-8ffa-4e983ea1ed8a,Shield AI,Communications Associate (R5514),"Washington, DC",38.89511,-77.03637,Full Time Employee,onsite,,"{""electrical_engineering"": 0, ""computer_science"": 0, ""mechanical_engineering"": 0, ""civil_engineering"": 0, ""production_engineering"": 9, ""administration"": 9, ""data_science"": 0}",https://jobs.lever.co/shieldai/2e590ac0-6d75-4956-8ffa-4e983ea1ed8a
lever,2cfe6692-a266-4d27-8832-ef652fa57ee4,Shield AI,Computer Vision Engineer (C++) (R4633),Melbourne,-37.814,144.96332,Full Time Employee,onsite,,"{""electrical_engineering"": 0, ""computer_science"": 17, ""mechanical_engineering"": 0, ""civil_engineering"": 0, ""production_engineering"": 9, ""administration"": 12, ""data_science"": 17}",https://jobs.lever.co/shieldai/2cfe6692-a266-4d27-8832-ef652fa57ee4
lever,4db7ea49-4448-480d-a741-ec7766954654,Shield AI,Configuration and Change Control Analyst (R5300),"Dallas, Texas",32.78306,-96.80667,Full Time Employee,onsite,,"{""electrical_engineering"": 9, ""computer_science"": 0, ""mechanical_engineering"": 9, ""civil_engineering"": 0, ""production_engineering"": 15, ""administration"": 9, ""data_science"": 0}",https://jobs.lever.co/shieldai/4db7ea49-4448-480d-a741-ec7766954654
lever,c9b53551-1ee8-4a26-941a-dff9d30f1e04,Shield AI,Construction Design Manager (R5486),"Dallas, Texas",32.78306,-96.80667,Full Time Employee,onsite,,"{""electrical_engineering"": 0, ""computer_science"": 0, ""mechanical_engineering"": 9, ""civil_engineering"": 17, ""production_engineering"": 15, ""administration"": 9, ""data_science"": 0}",https://jobs.lever.co/shieldai/c9b53551-1ee8-4a26-941a-dff9d30f1e04
lever,58d15d87-8794-4aae-9e1a-5593a37fd6a6,Shield AI,Cost Accounting Compliance Analyst (R5254),"Washington, DC",38.89511,-77.03637,Full Time Employee,hybrid,,"{""electrical_engineering"": 0, ""computer_science"": 0, ""mechanical_engineering"": 0, ""civil_engineering"": 9, ""production_engineering"": 9, ""administration"": 12, ""data_science"": 0}",https://jobs.lever.co/shieldai/58d15d87-8794-4aae-9e1a-5593a37fd6a6
lever,571caa29-8b8f-4a3c-aa4d-77b00fe45766,Shield AI,Creative Production Lead,Remote,,,Full Time Employee,remote,,"{""electrical_engineering"": 0, ""computer_science"": 0, ""mechanical_engineering"": 0, ""civil_engineering"": 0, ""production_engineering"": 12, ""administration"": 57, ""data_science"": 0}",https://jobs.lever.co/shieldai/571caa29-8b8f-4a3c-aa4d-77b00fe45766
lever,796a9abb-ebf1-4f69-a655-2cb91ae7ac16,Shield AI,Customer Support Systems Platform Manager - Salesforce (R5349),"Dallas, Texas",32.78306,-96.80667,Full Time Employee,onsite,,"{""electrical_engineering"": 0, ""computer_science"": 9, ""mechanical_engineering"": 0, ""civil_engineering"": 0, ""production_engineering"": 9, ""administration"": 17, ""data_science"": 0}",https://jobs.lever.co/shieldai/796a9abb-ebf1-4f69-a655-2cb91ae7ac16
lever,0b5348cc-df90-4097-b968-f6f92b47fa63,Shield AI,Deployed Operations Fleet Manager (R5174),"Dallas, Texas",32.78306,-96.80667,Full Time Employee,onsite,,"{""electrical_engineering"": 0, ""computer_science"": 0, ""mechanical_engineering"": 0, ""civil_engineering"": 0, ""production_engineering"": 17, ""administration"": 17, ""data_science"": 0}",https://jobs.lever.co/shieldai/0b5348cc-df90-4097-b968-f6f92b47fa63
lever,7ddea36b-a5c2-401c-9bb1-06ff262ff3ff,Shield AI,"Director of Business Development, Collaborative Combat Aircraft (Northeast Asia) (R5041)",Tokyo,35.6895,139.69171,International EOR,onsite,internship,"{""electrical_engineering"": 0, ""computer_science"": 0, ""mechanical_engineering"": 9, ""civil_engineering"": 0, ""production_engineering"": 9, ""administration"": 82, ""data_science"": 0}",https://jobs.lever.co/shieldai/7ddea36b-a5c2-401c-9bb1-06ff262ff3ff
lever,8b747653-dba8-4133-9056-eeedc162dbcd,Shield AI,Director of Production (R4782),"Dallas, Texas",32.78306,-96.80667,Full Time Employee,onsite,,"{""electrical_engineering"": 0, ""computer_science"": 0, ""mechanical_engineering"": 9, ""civil_engineering"": 0, ""production_engineering"": 15, ""administration"": 9, ""data_science"": 0}",https://jobs.lever.co/shieldai/8b747653-dba8-4133-9056-eeedc162dbcd
lever,df6dcf11-b405-4df0-ad74-b0bfc752270d,Shield AI,"Director, Aerostructures X-BAT","Seattle, Washington",47.60621,-122.33207,Full Time Employee,onsite,,"{""electrical_engineering"": 12, ""computer_science"": 0, ""mechanical_engineering"": 9, ""civil_engineering"": 17, ""production_engineering"": 9, ""administration"": 12, ""data_science"": 0}",https://jobs.lever.co/shieldai/df6dcf11-b405-4df0-ad74-b0bfc752270d
lever,8044a1eb-7b85-4919-84a7-3b2276f556e2,Shield AI,"Director, Avionics Engineering, V-BAT","Dallas, Texas",32.78306,-96.80667,Full Time Employee,onsite,,"{""electrical_engineering"": 17, ""computer_science"": 0, ""mechanical_engineering"": 9, ""civil_engineering"": 0, ""production_engineering"": 12, ""administration"": 9, ""data_science"": 0}",https://jobs.lever.co/shieldai/8044a1eb-7b85-4919-84a7-3b2276f556e2
lever,ea6d68b6-f5d1-4b80-abb0-0db794279b8c,Shield AI,"Director, Engineering Excellence & Design Standards","Seattle, Washington",47.60621,-122.33207,Full Time Employee,onsite,,"{""electrical_engineering"": 0, ""computer_science"": 0, ""mechanical_engineering"": 9, ""civil_engineering"": 0, ""production_engineering"": 12, ""administration"": 9, ""data_science"": 0}",https://jobs.lever.co/shieldai/ea6d68b6-f5d1-4b80-abb0-0db794279b8c
lever,695780f5-c62a-40d5-b897-a2aa4477a8e8,Shield AI,"Director, Engineering Excellence & Enablement","Washington, DC",38.89511,-77.03637,Full Time Employee,onsite,,"{""electrical_engineering"": 0, ""computer_science"": 0, ""mechanical_engineering"": 0, ""civil_engineering"": 0, ""production_engineering"": 9, ""administration"": 12, ""data_science"": 0}",https://jobs.lever.co/shieldai/695780f5-c62a-40d5-b897-a2aa4477a8e8
lever,5262c1b6-bb9d-41ff-926c-010136c9c583,Shield AI,"Director, Export Policy (R5598)","Washington, DC",38.89511,-77.03637,Full Time Employee,onsite,co_op,"{""electrical_engineering"": 0, ""computer_science"": 0, ""mechanical_engineering"": 0, ""civil_engineering"": 0, ""production_engineering"": 9, ""administration"": 12, ""data_science"": 0}",https://jobs.lever.co/shieldai/5262c1b6-bb9d-41ff-926c-010136c9c583
lever,9f3bb3e2-acea-4f52-b6af-9445920877b0,Shield AI,"Director, People Operations (R5390)","San Mateo, California",14.6982,121.1236,Full Time Employee,onsite,,"{""electrical_engineering"": 9, ""computer_science"": 0, ""mechanical_engineering"": 0, ""civil_engineering"": 0, ""production_engineering"": 17, ""administration"": 59, ""data_science"": 0}",https://jobs.lever.co/shieldai/9f3bb3e2-acea-4f52-b6af-9445920877b0
lever,f685f639-8801-4da5-915c-13a5930326b9,Shield AI,"Director, SOX Compliance (R5388)",United States,,,Full Time Employee,onsite,,"{""electrical_engineering"": 0, ""computer_science"": 0, ""mechanical_engineering"": 0, ""civil_engineering"": 0, ""production_engineering"": 9, ""administration"": 54, ""data_science"": 0}",https://jobs.lever.co/shieldai/f685f639-8801-4da5-915c-13a5930326b9
lever,94a077e0-de57-49e9-8985-b467e46b8be1,Shield AI,"Director, Test Engineering - ACP Programs (R5044)","Washington, DC",38.89511,-77.03637,Full Time Employee,onsite,,"{""electrical_engineering"": 0, ""computer_science"": 0, ""mechanical_engineering"": 0, ""civil_engineering"": 0, ""production_engineering"": 9, ""administration"": 9, ""data_science"": 0}",https://jobs.lever.co/shieldai/94a077e0-de57-49e9-8985-b467e46b8be1
lever,86c9d0c5-08f6-4ca1-b463-5b54c10eeb44,Shield AI,"District Manager, LATAM",Mexico City,,,Full Time Employee,remote,,"{""electrical_engineering"": 0, ""computer_science"": 0, ""mechanical_engineering"": 0, ""civil_engineering"": 0, ""production_engineering"": 9, ""administration"": 15, ""data_science"": 0}",https://jobs.lever.co/shieldai/86c9d0c5-08f6-4ca1-b463-5b54c10eeb44
lever,d1f893bc-6bbf-4709-af74-be04ecf24e00,Shield AI,Drone Operator (R5145),Kyiv,50.45466,30.5238,International EOR,onsite,internship,"{""electrical_engineering"": 9, ""computer_science"": 0, ""mechanical_engineering"": 0, ""civil_engineering"": 0, ""production_engineering"": 9, ""administration"": 9, ""data_science"": 0}",https://jobs.lever.co/shieldai/d1f893bc-6bbf-4709-af74-be04ecf24e00
lever,c9321f8a-b367-4dcb-9308-bd64ae6bac1d,Shield AI,Electrical Engineer I (BOS),"Boston, MA",42.35843,-71.05977,,onsite,,"{""electrical_engineering"": 79, ""computer_science"": 0, ""mechanical_engineering"": 0, ""civil_engineering"": 0, ""production_engineering"": 9, ""administration"": 9, ""data_science"": 0}",https://jobs.lever.co/shieldai/c9321f8a-b367-4dcb-9308-bd64ae6bac1d
lever,1b229cdc-9a0b-4704-b39b-b3b4c6e3fa89,Shield AI,Electrical Engineer I (SD),"San Diego, California",32.71571,-117.16472,,onsite,,"{""electrical_engineering"": 79, ""computer_science"": 0, ""mechanical_engineering"": 0, ""civil_engineering"": 0, ""production_engineering"": 9, ""administration"": 9, ""data_science"": 0}",https://jobs.lever.co/shieldai/1b229cdc-9a0b-4704-b39b-b3b4c6e3fa89
lever,37fa20c1-57dc-4aa1-9515-ecc87f22f31b,Shield AI,Electrical Engineer I (SEA) (R5046),"Seattle, Washington",47.60621,-122.33207,,onsite,,"{""electrical_engineering"": 79, ""computer_science"": 0, ""mechanical_engineering"": 0, ""civil_engineering"": 0, ""production_engineering"": 9, ""administration"": 9, ""data_science"": 0}",https://jobs.lever.co/shieldai/37fa20c1-57dc-4aa1-9515-ecc87f22f31b
lever,d07a1f9b-76eb-44ce-b0ef-5e478fd12f02,Shield AI,"Electrical Engineer, Hardware Test (R5099)","Dallas, Texas",32.78306,-96.80667,Full Time Employee,onsite,,"{""electrical_engineering"": 87, ""computer_science"": 9, ""mechanical_engineering"": 0, ""civil_engineering"": 0, ""production_engineering"": 9, ""administration"": 9, ""data_science"": 9}",https://jobs.lever.co/shieldai/d07a1f9b-76eb-44ce-b0ef-5e478fd12f02
lever,e53fdc42-177f-4413-8464-0bafb1cc81a9,Shield AI,"Electrical Engineer, Test Equipment Design","Dallas, Texas",32.78306,-96.80667,Full Time Employee,onsite,,"{""electrical_engineering"": 88, ""computer_science"": 9, ""mechanical_engineering"": 0, ""civil_engineering"": 0, ""production_engineering"": 9, ""administration"": 9, ""data_science"": 9}",https://jobs.lever.co/shieldai/e53fdc42-177f-4413-8464-0bafb1cc81a9
lever,87d982f2-8b2b-4c73-9a19-71e461c7b724,Shield AI,Electrical Engineering Spring Co-op (January 2027) (R4475),"Dallas, Texas",32.78306,-96.80667,Intern,onsite,internship; co_op,"{""electrical_engineering"": 79, ""computer_science"": 0, ""mechanical_engineering"": 9, ""civil_engineering"": 0, ""production_engineering"": 9, ""administration"": 9, ""data_science"": 0}",https://jobs.lever.co/shieldai/87d982f2-8b2b-4c73-9a19-71e461c7b724
lever,ab671f1f-1f4e-4c2e-8561-87437767f3f5,Shield AI,Electronics Failure Analysis Engineer (R5258),"Seattle, Washington",47.60621,-122.33207,Full Time Employee,onsite,,"{""electrical_engineering"": 17, ""computer_science"": 0, ""mechanical_engineering"": 9, ""civil_engineering"": 0, ""production_engineering"": 15, ""administration"": 9, ""data_science"": 0}",https://jobs.lever.co/shieldai/ab671f1f-1f4e-4c2e-8561-87437767f3f5
lever,4be8b396-8d39-4167-8855-898afc3ea49b,Shield AI,EMEA Talent Acquisition Partner (R5549),London,51.50853,-0.12574,Full Time Employee,hybrid,,"{""electrical_engineering"": 0, ""computer_science"": 0, ""mechanical_engineering"": 0, ""civil_engineering"": 0, ""production_engineering"": 9, ""administration"": 54, ""data_science"": 0}",https://jobs.lever.co/shieldai/4be8b396-8d39-4167-8855-898afc3ea49b
lever,49d0cfc6-952f-42b6-ad6c-630597a1780a,Shield AI,"Engineer I, Electrical Integration & Test (R5136)","Seattle, Washington",47.60621,-122.33207,Full Time Employee,onsite,,"{""electrical_engineering"": 67, ""computer_science"": 9, ""mechanical_engineering"": 0, ""civil_engineering"": 0, ""production_engineering"": 9, ""administration"": 9, ""data_science"": 9}",https://jobs.lever.co/shieldai/49d0cfc6-952f-42b6-ad6c-630597a1780a
lever,d4f0de22-d9eb-42a4-b192-21a9c30460e1,Shield AI,"Engineer II, Applications (R4789)",Taipei,25.05306,121.52639,International EOR,onsite,internship,"{""electrical_engineering"": 0, ""computer_science"": 0, ""mechanical_engineering"": 0, ""civil_engineering"": 0, ""production_engineering"": 9, ""administration"": 9, ""data_science"": 0}",https://jobs.lever.co/shieldai/d4f0de22-d9eb-42a4-b192-21a9c30460e1
lever,d5006f31-a431-456b-b2f3-72b527a1b125,Shield AI,"Engineer II, Autonomy (R5713)",Melbourne,-37.814,144.96332,International Office Entity,onsite,internship,"{""electrical_engineering"": 0, ""computer_science"": 0, ""mechanical_engineering"": 0, ""civil_engineering"": 0, ""production_engineering"": 9, ""administration"": 9, ""data_science"": 0}",https://jobs.lever.co/shieldai/d5006f31-a431-456b-b2f3-72b527a1b125
lever,b7078f80-3ad8-45d8-8bc4-69a143cd1ed8,Shield AI,"Engineer II, Battery Test (R5954)","San Diego, California",32.71571,-117.16472,Full Time Employee,onsite,,"{""electrical_engineering"": 59, ""computer_science"": 0, ""mechanical_engineering"": 0, ""civil_engineering"": 0, ""production_engineering"": 9, ""administration"": 9, ""data_science"": 0}",https://jobs.lever.co/shieldai/b7078f80-3ad8-45d8-8bc4-69a143cd1ed8
lever,e136857b-1cd9-4fea-9ff5-ad7587ff1835,Shield AI,"Engineer II, Electrical (R5111)","Dallas, Texas",32.78306,-96.80667,Full Time Employee,onsite,,"{""electrical_engineering"": 68, ""computer_science"": 0, ""mechanical_engineering"": 0, ""civil_engineering"": 0, ""production_engineering"": 9, ""administration"": 9, ""data_science"": 0}",https://jobs.lever.co/shieldai/e136857b-1cd9-4fea-9ff5-ad7587ff1835
lever,38d2c9ef-a04e-47db-90e0-6b16783709d7,Shield AI,"Engineer II, Future Concepts (R5910)","Washington, DC",38.89511,-77.03637,Full Time Employee,onsite,,"{""electrical_engineering"": 0, ""computer_science"": 0, ""mechanical_engineering"": 0, ""civil_engineering"": 0, ""production_engineering"": 9, ""administration"": 9, ""data_science"": 0}",https://jobs.lever.co/shieldai/38d2c9ef-a04e-47db-90e0-6b16783709d7
lever,7507c2f7-e2c4-4d3f-a55f-17f9c63140db,Shield AI,"Engineer II, Hydraulics (R4936)","Seattle, Washington",47.60621,-122.33207,Full Time Employee,onsite,,"{""electrical_engineering"": 9, ""computer_science"": 0, ""mechanical_engineering"": 42, ""civil_engineering"": 0, ""production_engineering"": 9, ""administration"": 9, ""data_science"": 0}",https://jobs.lever.co/shieldai/7507c2f7-e2c4-4d3f-a55f-17f9c63140db
lever,794e65fd-e809-43b4-87c1-2cd82651cda7,Shield AI,"Engineer II, Mechanical (R5310)","Dallas, Texas",32.78306,-96.80667,Full Time Employee,onsite,,"{""electrical_engineering"": 12, ""computer_science"": 0, ""mechanical_engineering"": 9, ""civil_engineering"": 0, ""production_engineering"": 9, ""administration"": 9, ""data_science"": 0}",https://jobs.lever.co/shieldai/794e65fd-e809-43b4-87c1-2cd82651cda7
lever,3550353a-f5db-49ab-b9fb-00f7bdb7b692,Shield AI,"Engineer II, Mechanical Design (R4922)","Seattle, Washington",47.60621,-122.33207,Full Time Employee,onsite,,"{""electrical_engineering"": 9, ""computer_science"": 0, ""mechanical_engineering"": 42, ""civil_engineering"": 0, ""production_engineering"": 9, ""administration"": 9, ""data_science"": 0}",https://jobs.lever.co/shieldai/3550353a-f5db-49ab-b9fb-00f7bdb7b692
lever,1d56e321-727e-4d28-a99c-99c4aec117eb,Shield AI,"Engineer II, Mechanical Test (R4935)","Seattle, Washington",47.60621,-122.33207,Full Time Employee,onsite,,"{""electrical_engineering"": 9, ""computer_science"": 9, ""mechanical_engineering"": 9, ""civil_engineering"": 9, ""production_engineering"": 9, ""administration"": 9, ""data_science"": 9}",https://jobs.lever.co/shieldai/1d56e321-727e-4d28-a99c-99c4aec117eb
lever,2158dfae-2453-4278-87de-141500e87ee1,Shield AI,"Engineer II, Structural Analysis (R4952)","Seattle, Washington",47.60621,-122.33207,Full Time Employee,onsite,,"{""electrical_engineering"": 9, ""computer_science"": 0, ""mechanical_engineering"": 9, ""civil_engineering"": 9, ""production_engineering"": 9, ""administration"": 9, ""data_science"": 0}",https://jobs.lever.co/shieldai/2158dfae-2453-4278-87de-141500e87ee1
lever,f56dc368-862d-46fe-afe5-899f225547b5,Shield AI,"Engineer II, Structural Analysis (R5166)","Seattle, Washington",47.60621,-122.33207,Full Time Employee,onsite,,"{""electrical_engineering"": 9, ""computer_science"": 0, ""mechanical_engineering"": 9, ""civil_engineering"": 9, ""production_engineering"": 9, ""administration"": 9, ""data_science"": 0}",https://jobs.lever.co/shieldai/f56dc368-862d-46fe-afe5-899f225547b5
lever,dfe3c9f3-900f-4f97-afac-7acf1cb7e592,Shield AI,"Engineer II, Systems Test (R5038)","Washington, DC",38.89511,-77.03637,Full Time Employee,onsite,,"{""electrical_engineering"": 12, ""computer_science"": 0, ""mechanical_engineering"": 0, ""civil_engineering"": 0, ""production_engineering"": 12, ""administration"": 9, ""data_science"": 0}",https://jobs.lever.co/shieldai/dfe3c9f3-900f-4f97-afac-7acf1cb7e592
lever,61a20f23-41ca-4cdc-8ee1-419516c56d9b,Shield AI,"Engineer II, Thermal Design and Analysis (R4934)","Seattle, Washington",47.60621,-122.33207,Full Time Employee,onsite,,"{""electrical_engineering"": 9, ""computer_science"": 0, ""mechanical_engineering"": 0, ""civil_engineering"": 0, ""production_engineering"": 9, ""administration"": 9, ""data_science"": 0}",https://jobs.lever.co/shieldai/61a20f23-41ca-4cdc-8ee1-419516c56d9b
lever,c2acfb31-06ad-490b-b860-297806ea1add,Shield AI,"Engineering Manager, Air Vehicle Mechanical Systems (R5391)","San Diego, California",32.71571,-117.16472,Full Time Employee,onsite,,"{""electrical_engineering"": 0, ""computer_science"": 0, ""mechanical_engineering"": 0, ""civil_engineering"": 0, ""production_engineering"": 9, ""administration"": 9, ""data_science"": 0}",https://jobs.lever.co/shieldai/c2acfb31-06ad-490b-b860-297806ea1add
lever,a65707de-fc21-4555-8817-f2dc37200831,Shield AI,"Engineering Specialist/Sr. Technician, Electrical Engineering (R4691)","Boston, MA",42.35843,-71.05977,Full Time Employee,onsite,,"{""electrical_engineering"": 79, ""computer_science"": 0, ""mechanical_engineering"": 9, ""civil_engineering"": 0, ""production_engineering"": 9, ""administration"": 12, ""data_science"": 0}",https://jobs.lever.co/shieldai/a65707de-fc21-4555-8817-f2dc37200831
lever,3a3fcf3f-71fc-4dff-97f0-e20a37a5c598,Shield AI,"Executive Assistant, Marketing (R5304)","San Mateo, California",14.6982,121.1236,Full Time Employee,onsite,,"{""electrical_engineering"": 0, ""computer_science"": 0, ""mechanical_engineering"": 0, ""civil_engineering"": 0, ""production_engineering"": 9, ""administration"": 59, ""data_science"": 0}",https://jobs.lever.co/shieldai/3a3fcf3f-71fc-4dff-97f0-e20a37a5c598
lever,28136dd4-edd8-4da6-a6a1-7ce139654c96,Shield AI,"Field Marketing Manager, India",New Delhi,28.65195,77.23149,Full Time Employee,onsite,,"{""electrical_engineering"": 0, ""computer_science"": 0, ""mechanical_engineering"": 0, ""civil_engineering"": 0, ""production_engineering"": 0, ""administration"": 59, ""data_science"": 0}",https://jobs.lever.co/shieldai/28136dd4-edd8-4da6-a6a1-7ce139654c96
lever,1d5df8ea-78b9-45b8-af18-2c33b52bb7ef,Shield AI,Field Solutions Engineer,Amsterdam,52.37403,4.88969,Full Time Employee,onsite,,"{""electrical_engineering"": 0, ""computer_science"": 0, ""mechanical_engineering"": 0, ""civil_engineering"": 0, ""production_engineering"": 9, ""administration"": 12, ""data_science"": 0}",https://jobs.lever.co/shieldai/1d5df8ea-78b9-45b8-af18-2c33b52bb7ef
lever,ad1ca43e-93d8-4953-900e-4a0ad8cbcca4,Shield AI,Field Solutions Engineer (R5632),Athens,37.98376,23.72784,International EOR,onsite,internship,"{""electrical_engineering"": 0, ""computer_science"": 0, ""mechanical_engineering"": 0, ""civil_engineering"": 0, ""production_engineering"": 9, ""administration"": 54, ""data_science"": 0}",https://jobs.lever.co/shieldai/ad1ca43e-93d8-4953-900e-4a0ad8cbcca4
lever,c71d4278-e8af-4d66-ba49-80670cccfc3c,Shield AI,Flight Test Engineer (R5898),Wichita Metro Area,37.69224,-97.33754,Full Time Employee,onsite,,"{""electrical_engineering"": 0, ""computer_science"": 0, ""mechanical_engineering"": 9, ""civil_engineering"": 0, ""production_engineering"": 9, ""administration"": 9, ""data_science"": 0}",https://jobs.lever.co/shieldai/c71d4278-e8af-4d66-ba49-80670cccfc3c
lever,be759f6f-2a84-4088-961b-abd36444d77c,Shield AI,Flight Test Instrumentation Engineer (R5009),Wichita Metro Area,37.69224,-97.33754,Full Time Employee,onsite,,"{""electrical_engineering"": 9, ""computer_science"": 0, ""mechanical_engineering"": 0, ""civil_engineering"": 0, ""production_engineering"": 12, ""administration"": 9, ""data_science"": 0}",https://jobs.lever.co/shieldai/be759f6f-2a84-4088-961b-abd36444d77c
lever,7d6a8fe1-66eb-4771-9e1d-0182490d0cd5,Shield AI,Forward Deployed Engineer (5021),London,51.50853,-0.12574,International Office Entity,onsite,internship,"{""electrical_engineering"": 0, ""computer_science"": 0, ""mechanical_engineering"": 0, ""civil_engineering"": 0, ""production_engineering"": 9, ""administration"": 9, ""data_science"": 0}",https://jobs.lever.co/shieldai/7d6a8fe1-66eb-4771-9e1d-0182490d0cd5
lever,41c56241-9a9c-473f-a5a2-b11000aa0c23,Shield AI,"Forward Deployed Engineer, Operations & Sustainment (R5497)","San Diego, California",32.71571,-117.16472,Full Time Employee,hybrid,,"{""electrical_engineering"": 0, ""computer_science"": 0, ""mechanical_engineering"": 0, ""civil_engineering"": 0, ""production_engineering"": 17, ""administration"": 17, ""data_science"": 0}",https://jobs.lever.co/shieldai/41c56241-9a9c-473f-a5a2-b11000aa0c23
lever,c57970ab-e013-4e38-b8f0-3815c500b98a,Shield AI,"Government Relations Manager - UK, Nordics and Benelux (R5217)",London,51.50853,-0.12574,International Office Entity,onsite,internship,"{""electrical_engineering"": 0, ""computer_science"": 0, ""mechanical_engineering"": 0, ""civil_engineering"": 0, ""production_engineering"": 9, ""administration"": 9, ""data_science"": 0}",https://jobs.lever.co/shieldai/c57970ab-e013-4e38-b8f0-3815c500b98a
lever,cf148e69-2ca0-4bfd-a4cc-af214bfcce8a,Shield AI,Ground Control Station (GCS) Software Engineer (R3963),"Dallas, Texas",32.78306,-96.80667,Full Time Employee,onsite,,"{""electrical_engineering"": 9, ""computer_science"": 79, ""mechanical_engineering"": 0, ""civil_engineering"": 0, ""production_engineering"": 9, ""administration"": 9, ""data_science"": 0}",https://jobs.lever.co/shieldai/cf148e69-2ca0-4bfd-a4cc-af214bfcce8a
lever,fe7531e1-c25e-4e4a-9661-19e3a2ab8e69,Shield AI,Ground System Software Engineer (R4787),"Seattle, Washington",47.60621,-122.33207,Full Time Employee,onsite,,"{""electrical_engineering"": 9, ""computer_science"": 70, ""mechanical_engineering"": 0, ""civil_engineering"": 9, ""production_engineering"": 12, ""administration"": 9, ""data_science"": 0}",https://jobs.lever.co/shieldai/fe7531e1-c25e-4e4a-9661-19e3a2ab8e69
lever,55e14c5c-ee01-4c42-afc1-3583cf5e93d9,Shield AI,Hardware Reliability Lab Engineer II (R5142),"Seattle, Washington",47.60621,-122.33207,Full Time Employee,onsite,,"{""electrical_engineering"": 17, ""computer_science"": 0, ""mechanical_engineering"": 9, ""civil_engineering"": 0, ""production_engineering"": 9, ""administration"": 9, ""data_science"": 0}",https://jobs.lever.co/shieldai/55e14c5c-ee01-4c42-afc1-3583cf5e93d9
lever,6d6a32da-b985-45ea-adc2-1e67d4791f5a,Shield AI,"Head of Business Development, Japan (R3905)",Tokyo,35.6895,139.69171,International EOR,onsite,internship,"{""electrical_engineering"": 9, ""computer_science"": 0, ""mechanical_engineering"": 0, ""civil_engineering"": 0, ""production_engineering"": 9, ""administration"": 85, ""data_science"": 0}",https://jobs.lever.co/shieldai/6d6a32da-b985-45ea-adc2-1e67d4791f5a
lever,82d77ad7-8e95-4f86-b1f3-9d3a21b6ee1d,Shield AI,"Head of Business Development, Middle East (R5057)",Abu Dhabi,24.45118,54.39696,International Office Entity,onsite,internship,"{""electrical_engineering"": 9, ""computer_science"": 0, ""mechanical_engineering"": 0, ""civil_engineering"": 0, ""production_engineering"": 9, ""administration"": 85, ""data_science"": 0}",https://jobs.lever.co/shieldai/82d77ad7-8e95-4f86-b1f3-9d3a21b6ee1d
lever,34fdab35-7536-4bc2-b042-4523ffefc140,Shield AI,Internal Communications Manager (R5918),"Washington, DC",38.89511,-77.03637,Full Time Employee,hybrid,internship,"{""electrical_engineering"": 0, ""computer_science"": 0, ""mechanical_engineering"": 0, ""civil_engineering"": 0, ""production_engineering"": 9, ""administration"": 9, ""data_science"": 0}",https://jobs.lever.co/shieldai/34fdab35-7536-4bc2-b042-4523ffefc140
lever,14e8255e-71ee-4918-bcaf-aad5994fbec4,Shield AI,Lead GTM Finance Analyst (R5361),"Washington, DC",38.89511,-77.03637,Full Time Employee,onsite,,"{""electrical_engineering"": 0, ""computer_science"": 0, ""mechanical_engineering"": 0, ""civil_engineering"": 0, ""production_engineering"": 15, ""administration"": 59, ""data_science"": 9}",https://jobs.lever.co/shieldai/14e8255e-71ee-4918-bcaf-aad5994fbec4
lever,5a5b5be3-73ed-45a1-b21b-915c0a522ac7,Shield AI,"Lead Mechanical Engineer, Hardware Test (X-BAT) (R5271)","Seattle, Washington",47.60621,-122.33207,Full Time Employee,onsite,,"{""electrical_engineering"": 17, ""computer_science"": 0, ""mechanical_engineering"": 79, ""civil_engineering"": 9, ""production_engineering"": 9, ""administration"": 9, ""data_science"": 0}",https://jobs.lever.co/shieldai/5a5b5be3-73ed-45a1-b21b-915c0a522ac7
lever,81e6b6aa-b8b8-4360-b33e-88afadfea9af,Shield AI,Lead Program Finance (R5875),"Dallas, Texas",32.78306,-96.80667,Full Time Employee,onsite,,"{""electrical_engineering"": 9, ""computer_science"": 0, ""mechanical_engineering"": 9, ""civil_engineering"": 0, ""production_engineering"": 15, ""administration"": 59, ""data_science"": 0}",https://jobs.lever.co/shieldai/81e6b6aa-b8b8-4360-b33e-88afadfea9af
lever,bd8a469f-78ae-4a87-a1a8-e4c5c5b12e85,Shield AI,Lead Program Finance Analyst (R5625),"Washington, DC",38.89511,-77.03637,Full Time Employee,hybrid,,"{""electrical_engineering"": 9, ""computer_science"": 0, ""mechanical_engineering"": 0, ""civil_engineering"": 0, ""production_engineering"": 9, ""administration"": 59, ""data_science"": 0}",https://jobs.lever.co/shieldai/bd8a469f-78ae-4a87-a1a8-e4c5c5b12e85
lever,7288397f-6318-4d86-a4de-1f321ce3cc85,Shield AI,Manager of Engineering - Autonomous Pilot Integration (R5153),"Washington, DC",38.89511,-77.03637,Full Time Employee,onsite,,"{""electrical_engineering"": 9, ""computer_science"": 0, ""mechanical_engineering"": 9, ""civil_engineering"": 0, ""production_engineering"": 12, ""administration"": 9, ""data_science"": 0}",https://jobs.lever.co/shieldai/7288397f-6318-4d86-a4de-1f321ce3cc85
lever,1110e024-0cd0-437a-8ed3-76869e925700,Shield AI,"Manager, Accounting (R5543)","San Diego, California",32.71571,-117.16472,Full Time Employee,onsite,,"{""electrical_engineering"": 0, ""computer_science"": 0, ""mechanical_engineering"": 0, ""civil_engineering"": 9, ""production_engineering"": 12, ""administration"": 12, ""data_science"": 0}",https://jobs.lever.co/shieldai/1110e024-0cd0-437a-8ed3-76869e925700
lever,c5904085-73f0-44b4-8704-faf3b9789d4c,Shield AI,"Manager, Accounting (R5544)","San Mateo, California",14.6982,121.1236,Full Time Employee,onsite,,"{""electrical_engineering"": 0, ""computer_science"": 0, ""mechanical_engineering"": 0, ""civil_engineering"": 9, ""production_engineering"": 12, ""administration"": 12, ""data_science"": 0}",https://jobs.lever.co/shieldai/c5904085-73f0-44b4-8704-faf3b9789d4c
lever,7cc0e741-8e36-4d49-8046-ba051a535705,Shield AI,"Manager, Autonomy Applications Engineering (R5188)",London,51.50853,-0.12574,International Office Entity,onsite,internship,"{""electrical_engineering"": 9, ""computer_science"": 0, ""mechanical_engineering"": 0, ""civil_engineering"": 0, ""production_engineering"": 9, ""administration"": 9, ""data_science"": 0}",https://jobs.lever.co/shieldai/7cc0e741-8e36-4d49-8046-ba051a535705
lever,003b0edf-550d-4110-b246-38d628a46a94,Shield AI,"Manager, Engineering - Software Integration (R5237)","San Diego, California",32.71571,-117.16472,Full Time Employee,onsite,,"{""electrical_engineering"": 18, ""computer_science"": 0, ""mechanical_engineering"": 0, ""civil_engineering"": 0, ""production_engineering"": 9, ""administration"": 9, ""data_science"": 0}",https://jobs.lever.co/shieldai/003b0edf-550d-4110-b246-38d628a46a94
lever,5265dba8-172f-4026-a9a0-0032c05c89b3,Shield AI,"Manager, Engineering - Structural Design (R5633)","Dallas, Texas",32.78306,-96.80667,Full Time Employee,onsite,,"{""electrical_engineering"": 9, ""computer_science"": 0, ""mechanical_engineering"": 9, ""civil_engineering"": 9, ""production_engineering"": 9, ""administration"": 9, ""data_science"": 0}",https://jobs.lever.co/shieldai/5265dba8-172f-4026-a9a0-0032c05c89b3
lever,79945606-9d3f-4b46-905b-8cfd362fae3f,Shield AI,"Manager, Propulsion (Engine) (R5086)","Seattle, Washington",47.60621,-122.33207,Full Time Employee,onsite,,"{""electrical_engineering"": 12, ""computer_science"": 0, ""mechanical_engineering"": 12, ""civil_engineering"": 0, ""production_engineering"": 9, ""administration"": 9, ""data_science"": 0}",https://jobs.lever.co/shieldai/79945606-9d3f-4b46-905b-8cfd362fae3f
lever,4eace932-a330-48ea-af58-8b4d6cbed953,Shield AI,"Manager, Propulsion (Fuel System) (R5088)","Seattle, Washington",47.60621,-122.33207,Full Time Employee,onsite,,"{""electrical_engineering"": 0, ""computer_science"": 0, ""mechanical_engineering"": 9, ""civil_engineering"": 0, ""production_engineering"": 9, ""administration"": 9, ""data_science"": 0}",https://jobs.lever.co/shieldai/4eace932-a330-48ea-af58-8b4d6cbed953
lever,baa26dc6-33b2-4678-8101-edaada14b880,Shield AI,"Manager, Propulsion (Systems & Components) (R5087)","Seattle, Washington",47.60621,-122.33207,Full Time Employee,onsite,,"{""electrical_engineering"": 12, ""computer_science"": 0, ""mechanical_engineering"": 9, ""civil_engineering"": 9, ""production_engineering"": 9, ""administration"": 9, ""data_science"": 0}",https://jobs.lever.co/shieldai/baa26dc6-33b2-4678-8101-edaada14b880
lever,b7059120-c128-4442-9a61-fb6fdecb057e,Shield AI,"Manager, Propulsion (Test) (R5089)","Seattle, Washington",47.60621,-122.33207,Full Time Employee,onsite,,"{""electrical_engineering"": 9, ""computer_science"": 0, ""mechanical_engineering"": 0, ""civil_engineering"": 9, ""production_engineering"": 9, ""administration"": 9, ""data_science"": 0}",https://jobs.lever.co/shieldai/b7059120-c128-4442-9a61-fb6fdecb057e
lever,ac3eb263-7cb3-4c06-a3df-bbfce7f31b46,Shield AI,"Manager, Quality (R5120)","Dallas, Texas",32.78306,-96.80667,Full Time Employee,onsite,,"{""electrical_engineering"": 0, ""computer_science"": 0, ""mechanical_engineering"": 9, ""civil_engineering"": 0, ""production_engineering"": 17, ""administration"": 9, ""data_science"": 0}",https://jobs.lever.co/shieldai/ac3eb263-7cb3-4c06-a3df-bbfce7f31b46
lever,4b31c2db-feb0-4a4f-96e3-20af7b267e2d,Shield AI,"Manager, Simulation Engineering (R4870)","Dallas, Texas",32.78306,-96.80667,Full Time Employee,onsite,,"{""electrical_engineering"": 0, ""computer_science"": 0, ""mechanical_engineering"": 0, ""civil_engineering"": 0, ""production_engineering"": 9, ""administration"": 9, ""data_science"": 0}",https://jobs.lever.co/shieldai/4b31c2db-feb0-4a4f-96e3-20af7b267e2d
lever,1120529c-2f7d-4b27-a29b-50976c49c433,Shield AI,"Manager, Software - Perception (R3770)","Washington, DC",38.89511,-77.03637,Full Time Employee,onsite,,"{""electrical_engineering"": 9, ""computer_science"": 0, ""mechanical_engineering"": 0, ""civil_engineering"": 0, ""production_engineering"": 9, ""administration"": 9, ""data_science"": 0}",https://jobs.lever.co/shieldai/1120529c-2f7d-4b27-a29b-50976c49c433
lever,bfcf87d0-60b0-4769-bc65-4a5544b43278,Shield AI,"Manager, Software Engineering - System Update Tools (R4745)","Dallas, Texas",32.78306,-96.80667,Full Time Employee,onsite,,"{""electrical_engineering"": 9, ""computer_science"": 70, ""mechanical_engineering"": 0, ""civil_engineering"": 0, ""production_engineering"": 9, ""administration"": 9, ""data_science"": 0}",https://jobs.lever.co/shieldai/bfcf87d0-60b0-4769-bc65-4a5544b43278
lever,4dba3daf-9cfb-45d9-8dc6-4cc2abf4e367,Shield AI,"Manager, Software Engineering (R5966)","San Diego, California",32.71571,-117.16472,,onsite,,"{""electrical_engineering"": 0, ""computer_science"": 70, ""mechanical_engineering"": 0, ""civil_engineering"": 0, ""production_engineering"": 9, ""administration"": 9, ""data_science"": 0}",https://jobs.lever.co/shieldai/4dba3daf-9cfb-45d9-8dc6-4cc2abf4e367
lever,d4dd7743-41c3-4d5f-9a6e-e305aebd8541,Shield AI,"Manager, Software Test & Autonomation (R5461)","San Diego, California",32.71571,-117.16472,Full Time Employee,onsite,,"{""electrical_engineering"": 15, ""computer_science"": 49, ""mechanical_engineering"": 0, ""civil_engineering"": 9, ""production_engineering"": 12, ""administration"": 9, ""data_science"": 0}",https://jobs.lever.co/shieldai/d4dd7743-41c3-4d5f-9a6e-e305aebd8541
lever,8ab0ecee-89be-4670-bcc0-055b8afbf254,Shield AI,Mission Systems Software Engineer - BlueSky (R5199),"Seattle, Washington",47.60621,-122.33207,Full Time Employee,onsite,,"{""electrical_engineering"": 9, ""computer_science"": 70, ""mechanical_engineering"": 0, ""civil_engineering"": 0, ""production_engineering"": 9, ""administration"": 9, ""data_science"": 0}",https://jobs.lever.co/shieldai/8ab0ecee-89be-4670-bcc0-055b8afbf254
lever,a6f44fdc-093f-4db6-9f88-5181ec75f895,Shield AI,Mission Systems Software Engineer (R5888),"Seattle, Washington",47.60621,-122.33207,Full Time Employee,onsite,,"{""electrical_engineering"": 9, ""computer_science"": 70, ""mechanical_engineering"": 0, ""civil_engineering"": 0, ""production_engineering"": 9, ""administration"": 9, ""data_science"": 0}",https://jobs.lever.co/shieldai/a6f44fdc-093f-4db6-9f88-5181ec75f895
lever,52b8f7b5-3a88-4e78-8f22-a3edc3bf1e73,Shield AI,Modeling & Simulation Engineer (R4869),"San Diego, California",32.71571,-117.16472,Full Time Employee,onsite,,"{""electrical_engineering"": 12, ""computer_science"": 12, ""mechanical_engineering"": 0, ""civil_engineering"": 0, ""production_engineering"": 9, ""administration"": 9, ""data_science"": 51}",https://jobs.lever.co/shieldai/52b8f7b5-3a88-4e78-8f22-a3edc3bf1e73
lever,2c42f55f-331d-44da-859d-16ec532df973,Shield AI,Modelling and Simulation Lead (R4706),Melbourne,-37.814,144.96332,Full Time Employee,onsite,,"{""electrical_engineering"": 15, ""computer_science"": 65, ""mechanical_engineering"": 0, ""civil_engineering"": 0, ""production_engineering"": 12, ""administration"": 9, ""data_science"": 9}",https://jobs.lever.co/shieldai/2c42f55f-331d-44da-859d-16ec532df973
lever,e0b2f4f2-a223-4b52-9620-938521f103eb,Shield AI,Object Detection and Tracking Engineer (R5244),London,51.50853,-0.12574,Full Time Employee,onsite,,"{""electrical_engineering"": 9, ""computer_science"": 0, ""mechanical_engineering"": 0, ""civil_engineering"": 0, ""production_engineering"": 9, ""administration"": 9, ""data_science"": 0}",https://jobs.lever.co/shieldai/e0b2f4f2-a223-4b52-9620-938521f103eb
lever,2bec5263-76c7-47ab-877d-3c25e2c21c18,Shield AI,Oracle Implementation Lead (R5897),"Dallas, Texas",32.78306,-96.80667,Full Time Employee,onsite,,"{""electrical_engineering"": 0, ""computer_science"": 0, ""mechanical_engineering"": 0, ""civil_engineering"": 0, ""production_engineering"": 15, ""administration"": 51, ""data_science"": 0}",https://jobs.lever.co/shieldai/2bec5263-76c7-47ab-877d-3c25e2c21c18
lever,0af53b2b-e1ba-4e73-9e94-a4a689cabab9,Shield AI,Power Electronics - Electrical Engineer I,"Seattle, Washington",47.60621,-122.33207,,onsite,,"{""electrical_engineering"": 87, ""computer_science"": 0, ""mechanical_engineering"": 0, ""civil_engineering"": 0, ""production_engineering"": 9, ""administration"": 9, ""data_science"": 0}",https://jobs.lever.co/shieldai/0af53b2b-e1ba-4e73-9e94-a4a689cabab9
lever,622ee448-5ab3-4b2e-b20b-1fff995cbc45,Shield AI,Power Electronics - Electrical Engineer II,"Seattle, Washington",47.60621,-122.33207,Full Time Employee,onsite,,"{""electrical_engineering"": 87, ""computer_science"": 0, ""mechanical_engineering"": 0, ""civil_engineering"": 0, ""production_engineering"": 9, ""administration"": 9, ""data_science"": 0}",https://jobs.lever.co/shieldai/622ee448-5ab3-4b2e-b20b-1fff995cbc45
lever,819a0502-f705-4f02-8784-ddfb1ca2b289,Shield AI,Power Electronics - Principal Electrical Engineer (R4822),"Seattle, Washington",47.60621,-122.33207,Full Time Employee,onsite,,"{""electrical_engineering"": 87, ""computer_science"": 0, ""mechanical_engineering"": 0, ""civil_engineering"": 0, ""production_engineering"": 9, ""administration"": 9, ""data_science"": 0}",https://jobs.lever.co/shieldai/819a0502-f705-4f02-8784-ddfb1ca2b289
lever,f6bbec19-f1c6-44ce-9af5-132b25b6e83a,Shield AI,Power Electronics - Thermal Engineer I (R4842),"Seattle, Washington",47.60621,-122.33207,Full Time Employee,onsite,,"{""electrical_engineering"": 87, ""computer_science"": 0, ""mechanical_engineering"": 9, ""civil_engineering"": 0, ""production_engineering"": 9, ""administration"": 9, ""data_science"": 0}",https://jobs.lever.co/shieldai/f6bbec19-f1c6-44ce-9af5-132b25b6e83a
lever,12f75166-fed5-4cc1-863d-c172e8852fb4,Shield AI,Power Electronics - Thermal Engineer Senior Staff,"Seattle, Washington",47.60621,-122.33207,Full Time Employee,onsite,,"{""electrical_engineering"": 87, ""computer_science"": 0, ""mechanical_engineering"": 9, ""civil_engineering"": 0, ""production_engineering"": 9, ""administration"": 9, ""data_science"": 0}",https://jobs.lever.co/shieldai/12f75166-fed5-4cc1-863d-c172e8852fb4
lever,c03bc781-786f-4bac-9884-4328b98e2534,Shield AI,Power System - High Voltage Test Specialist (R4728),"Seattle, Washington",47.60621,-122.33207,Full Time Employee,onsite,,"{""electrical_engineering"": 60, ""computer_science"": 0, ""mechanical_engineering"": 0, ""civil_engineering"": 0, ""production_engineering"": 9, ""administration"": 9, ""data_science"": 0}",https://jobs.lever.co/shieldai/c03bc781-786f-4bac-9884-4328b98e2534
lever,4bc0d612-d68b-43ce-8bb2-19e07d0577c7,Shield AI,Principal Aerostructures Design Engineer (R5163),"Seattle, Washington",,,Full Time Employee,remote,,"{""electrical_engineering"": 12, ""computer_science"": 0, ""mechanical_engineering"": 58, ""civil_engineering"": 17, ""production_engineering"": 12, ""administration"": 9, ""data_science"": 0}",https://jobs.lever.co/shieldai/4bc0d612-d68b-43ce-8bb2-19e07d0577c7
lever,3135ba7c-0475-4feb-b6f5-789d06d9a029,Shield AI,"Principal Engineer, Electrical (R5909)","San Diego, California",32.71571,-117.16472,Full Time Employee,onsite,,"{""electrical_engineering"": 0, ""computer_science"": 0, ""mechanical_engineering"": 0, ""civil_engineering"": 0, ""production_engineering"": 9, ""administration"": 9, ""data_science"": 0}",https://jobs.lever.co/shieldai/3135ba7c-0475-4feb-b6f5-789d06d9a029
lever,3dddb78e-4ade-48e3-95d3-84a160dc421d,Shield AI,"Principal Engineer, Fluid & Thermal Systems (R4793)","Seattle, Washington",47.60621,-122.33207,Full Time Employee,onsite,,"{""electrical_engineering"": 12, ""computer_science"": 0, ""mechanical_engineering"": 0, ""civil_engineering"": 0, ""production_engineering"": 9, ""administration"": 9, ""data_science"": 0}",https://jobs.lever.co/shieldai/3dddb78e-4ade-48e3-95d3-84a160dc421d
lever,22e914d8-488d-4f22-96a9-61dd4b15ea04,Shield AI,"Principal Engineer, Software (R5285)",United States,,,Full Time Employee,hybrid,,"{""electrical_engineering"": 15, ""computer_science"": 67, ""mechanical_engineering"": 9, ""civil_engineering"": 9, ""production_engineering"": 12, ""administration"": 9, ""data_science"": 9}",https://jobs.lever.co/shieldai/22e914d8-488d-4f22-96a9-61dd4b15ea04
lever,c59d711d-4370-4d79-af73-5b54d7f19034,Shield AI,"Principal Engineer, Software Architect (R4562)","Dallas, Texas",32.78306,-96.80667,Full Time Employee,onsite,,"{""electrical_engineering"": 0, ""computer_science"": 0, ""mechanical_engineering"": 0, ""civil_engineering"": 0, ""production_engineering"": 9, ""administration"": 9, ""data_science"": 0}",https://jobs.lever.co/shieldai/c59d711d-4370-4d79-af73-5b54d7f19034
lever,0036466f-7c47-42ac-9df4-3485ad0f75e2,Shield AI,Principal Fuel Systems Engineer - X-BAT (R4640),"Dallas, Texas",32.78306,-96.80667,Full Time Employee,onsite,,"{""electrical_engineering"": 9, ""computer_science"": 0, ""mechanical_engineering"": 0, ""civil_engineering"": 0, ""production_engineering"": 9, ""administration"": 9, ""data_science"": 0}",https://jobs.lever.co/shieldai/0036466f-7c47-42ac-9df4-3485ad0f75e2
lever,b98fe442-0cf9-4901-b1d7-8b2c9d82d878,Shield AI,Principal Product Designer (R5250),United States,,,Full Time Employee,hybrid,,"{""electrical_engineering"": 15, ""computer_science"": 67, ""mechanical_engineering"": 9, ""civil_engineering"": 9, ""production_engineering"": 12, ""administration"": 9, ""data_science"": 9}",https://jobs.lever.co/shieldai/b98fe442-0cf9-4901-b1d7-8b2c9d82d878
lever,efb65e2a-098b-4823-a2b2-dce86741d365,Shield AI,Principal Quality Engineer - Development Programs (R5350),"Dallas, Texas",32.78306,-96.80667,Full Time Employee,onsite,,"{""electrical_engineering"": 0, ""computer_science"": 0, ""mechanical_engineering"": 12, ""civil_engineering"": 0, ""production_engineering"": 17, ""administration"": 9, ""data_science"": 0}",https://jobs.lever.co/shieldai/efb65e2a-098b-4823-a2b2-dce86741d365
lever,0c6acdd5-a39b-4ad3-84fa-b1a1f83409d3,Shield AI,Principal State Estimation Engineer (R4602),"Dallas, Texas",32.78306,-96.80667,Full Time Employee,onsite,,"{""electrical_engineering"": 0, ""computer_science"": 0, ""mechanical_engineering"": 0, ""civil_engineering"": 0, ""production_engineering"": 9, ""administration"": 9, ""data_science"": 0}",https://jobs.lever.co/shieldai/0c6acdd5-a39b-4ad3-84fa-b1a1f83409d3
lever,df29f189-21de-40b9-a485-4aef884df365,Shield AI,Principal Technical Product Manager (R5249),United States,,,Full Time Employee,hybrid,,"{""electrical_engineering"": 15, ""computer_science"": 67, ""mechanical_engineering"": 9, ""civil_engineering"": 9, ""production_engineering"": 12, ""administration"": 9, ""data_science"": 9}",https://jobs.lever.co/shieldai/df29f189-21de-40b9-a485-4aef884df365
lever,e3591199-dbe7-4036-9aaf-ac355714dc35,Shield AI,Production Technician,"Dallas, Texas",32.78306,-96.80667,Full Time Employee,onsite,,"{""electrical_engineering"": 9, ""computer_science"": 0, ""mechanical_engineering"": 0, ""civil_engineering"": 0, ""production_engineering"": 12, ""administration"": 9, ""data_science"": 0}",https://jobs.lever.co/shieldai/e3591199-dbe7-4036-9aaf-ac355714dc35
lever,d11ff7f6-08f3-4335-8dc8-900600740232,Shield AI,Program Finance Lead (R5328),London,51.50853,-0.12574,International Office Entity,onsite,internship,"{""electrical_engineering"": 12, ""computer_science"": 0, ""mechanical_engineering"": 0, ""civil_engineering"": 0, ""production_engineering"": 9, ""administration"": 59, ""data_science"": 0}",https://jobs.lever.co/shieldai/d11ff7f6-08f3-4335-8dc8-900600740232
lever,4423dbce-f0cf-48ec-bb11-1655eb5fc3f3,Shield AI,Program Manager (R4930),"Dallas, Texas",32.78306,-96.80667,Full Time Employee,onsite,,"{""electrical_engineering"": 0, ""computer_science"": 0, ""mechanical_engineering"": 0, ""civil_engineering"": 0, ""production_engineering"": 9, ""administration"": 12, ""data_science"": 0}",https://jobs.lever.co/shieldai/4423dbce-f0cf-48ec-bb11-1655eb5fc3f3
lever,f7f719f2-e773-474f-91a1-301c5d00f348,Shield AI,"Project Coordinator, Finance Transformation (R5546)","San Mateo, California",14.6982,121.1236,Full Time Employee,onsite,,"{""electrical_engineering"": 0, ""computer_science"": 0, ""mechanical_engineering"": 0, ""civil_engineering"": 0, ""production_engineering"": 15, ""administration"": 17, ""data_science"": 0}",https://jobs.lever.co/shieldai/f7f719f2-e773-474f-91a1-301c5d00f348
lever,6658e802-cab9-48bb-a039-c13732079d9c,Shield AI,"Propulsion Engineer, Fleet Support (R5005)","Dallas, Texas",32.78306,-96.80667,Full Time Employee,onsite,,"{""electrical_engineering"": 0, ""computer_science"": 0, ""mechanical_engineering"": 9, ""civil_engineering"": 0, ""production_engineering"": 12, ""administration"": 9, ""data_science"": 0}",https://jobs.lever.co/shieldai/6658e802-cab9-48bb-a039-c13732079d9c
lever,c3e09d7f-cbd3-4e25-b1eb-cbb6e06d8459,Shield AI,Propulsion Test Engineer (R4380),Wichita Metro Area,37.69224,-97.33754,Full Time Employee,onsite,,"{""electrical_engineering"": 9, ""computer_science"": 0, ""mechanical_engineering"": 0, ""civil_engineering"": 0, ""production_engineering"": 12, ""administration"": 12, ""data_science"": 0}",https://jobs.lever.co/shieldai/c3e09d7f-cbd3-4e25-b1eb-cbb6e06d8459
lever,d9247928-ed05-4e9f-8d7f-d3bd8fa2f54c,Shield AI,Reliability Analyst (R5728),"Dallas, Texas",32.78306,-96.80667,Full Time Employee,onsite,,"{""electrical_engineering"": 12, ""computer_science"": 0, ""mechanical_engineering"": 0, ""civil_engineering"": 0, ""production_engineering"": 12, ""administration"": 9, ""data_science"": 9}",https://jobs.lever.co/shieldai/d9247928-ed05-4e9f-8d7f-d3bd8fa2f54c
lever,cf32e29c-4468-4917-8c6a-f21bbac635e8,Shield AI,Revenue Manager (R5466),London,51.50853,-0.12574,International Office Entity,onsite,internship,"{""electrical_engineering"": 0, ""computer_science"": 0, ""mechanical_engineering"": 9, ""civil_engineering"": 0, ""production_engineering"": 9, ""administration"": 54, ""data_science"": 0}",https://jobs.lever.co/shieldai/cf32e29c-4468-4917-8c6a-f21bbac635e8
lever,2fc30e70-aa40-44e0-82e8-369a10891981,Shield AI,Senior Accountant (R5541),"San Mateo, California",14.6982,121.1236,Full Time Employee,onsite,,"{""electrical_engineering"": 0, ""computer_science"": 0, ""mechanical_engineering"": 0, ""civil_engineering"": 0, ""production_engineering"": 9, ""administration"": 51, ""data_science"": 0}",https://jobs.lever.co/shieldai/2fc30e70-aa40-44e0-82e8-369a10891981
lever,1505271b-dfd0-4439-8d87-38b894492249,Shield AI,Senior Accountant (R5542),"San Diego, California",32.71571,-117.16472,Full Time Employee,onsite,,"{""electrical_engineering"": 0, ""computer_science"": 0, ""mechanical_engineering"": 0, ""civil_engineering"": 0, ""production_engineering"": 9, ""administration"": 51, ""data_science"": 0}",https://jobs.lever.co/shieldai/1505271b-dfd0-4439-8d87-38b894492249
lever,938a7ddf-521f-4581-b5ba-c3ba29f9308a,Shield AI,Senior Aerospace Engineer (R5732),"Dallas, Texas",32.78306,-96.80667,Full Time Employee,onsite,,"{""electrical_engineering"": 9, ""computer_science"": 0, ""mechanical_engineering"": 17, ""civil_engineering"": 0, ""production_engineering"": 9, ""administration"": 9, ""data_science"": 0}",https://jobs.lever.co/shieldai/938a7ddf-521f-4581-b5ba-c3ba29f9308a
lever,115aa1cf-8ac5-4002-8b75-5c7e64945883,Shield AI,Senior Aerostructures Design Engineer (R5158),"Seattle, Washington",47.60621,-122.33207,Full Time Employee,onsite,,"{""electrical_engineering"": 0, ""computer_science"": 0, ""mechanical_engineering"": 0, ""civil_engineering"": 17, ""production_engineering"": 9, ""administration"": 9, ""data_science"": 0}",https://jobs.lever.co/shieldai/115aa1cf-8ac5-4002-8b75-5c7e64945883
lever,6d30ed20-fdae-42ae-a4b0-93a05c60cdba,Shield AI,Senior Autonomy Integration Engineer,London,51.50853,-0.12574,Full Time Employee,hybrid,,"{""electrical_engineering"": 9, ""computer_science"": 0, ""mechanical_engineering"": 0, ""civil_engineering"": 0, ""production_engineering"": 9, ""administration"": 9, ""data_science"": 0}",https://jobs.lever.co/shieldai/6d30ed20-fdae-42ae-a4b0-93a05c60cdba
lever,ef1b63a1-3d4c-49ff-8d59-d22a4f73819f,Shield AI,Senior Business Development Lead - Hivemind - Greece (R5496),Athens,37.98376,23.72784,Full Time Employee,onsite,,"{""electrical_engineering"": 9, ""computer_science"": 0, ""mechanical_engineering"": 0, ""civil_engineering"": 0, ""production_engineering"": 9, ""administration"": 82, ""data_science"": 0}",https://jobs.lever.co/shieldai/ef1b63a1-3d4c-49ff-8d59-d22a4f73819f
lever,d4e040c9-8e90-4d7e-b197-162fb353db35,Shield AI,Senior Business Development Lead - Hivemind - Netherlands,Amsterdam,52.37403,4.88969,Full Time Employee,onsite,,"{""electrical_engineering"": 9, ""computer_science"": 0, ""mechanical_engineering"": 0, ""civil_engineering"": 0, ""production_engineering"": 9, ""administration"": 82, ""data_science"": 0}",https://jobs.lever.co/shieldai/d4e040c9-8e90-4d7e-b197-162fb353db35
lever,6fde829e-7482-4990-b7b2-fffacb52c88e,Shield AI,Senior Business Development Lead - Hivemind - UK,London,51.50853,-0.12574,Full Time Employee,onsite,,"{""electrical_engineering"": 9, ""computer_science"": 0, ""mechanical_engineering"": 0, ""civil_engineering"": 0, ""production_engineering"": 9, ""administration"": 79, ""data_science"": 0}",https://jobs.lever.co/shieldai/6fde829e-7482-4990-b7b2-fffacb52c88e
lever,1bbb8b7a-4f23-474e-8b7a-442041f7f34c,Shield AI,Senior Business Development Lead - Italy (R5233),Rome,41.89193,12.51133,,onsite,,"{""electrical_engineering"": 9, ""computer_science"": 0, ""mechanical_engineering"": 0, ""civil_engineering"": 0, ""production_engineering"": 9, ""administration"": 88, ""data_science"": 0}",https://jobs.lever.co/shieldai/1bbb8b7a-4f23-474e-8b7a-442041f7f34c
lever,a64042bd-5490-4ef7-9e93-38e1b120b1d3,Shield AI,Senior Component Engineer,"Seattle, Washington",47.60621,-122.33207,Full Time Employee,onsite,,"{""electrical_engineering"": 9, ""computer_science"": 0, ""mechanical_engineering"": 0, ""civil_engineering"": 0, ""production_engineering"": 12, ""administration"": 9, ""data_science"": 0}",https://jobs.lever.co/shieldai/a64042bd-5490-4ef7-9e93-38e1b120b1d3
lever,9a0011ee-2c2c-40e0-ab86-a7c1d436b04a,Shield AI,Senior Contracts Manager,Melbourne,-37.814,144.96332,Full Time Employee,hybrid,,"{""electrical_engineering"": 9, ""computer_science"": 0, ""mechanical_engineering"": 9, ""civil_engineering"": 0, ""production_engineering"": 0, ""administration"": 60, ""data_science"": 0}",https://jobs.lever.co/shieldai/9a0011ee-2c2c-40e0-ab86-a7c1d436b04a
lever,9fd0a58a-6bdc-465c-8d1e-0c152e13ba66,Shield AI,"Senior Data & Analytics Engineer, Domain Enablement (R5536)",Remote,,,Full Time Employee,remote,,"{""electrical_engineering"": 0, ""computer_science"": 0, ""mechanical_engineering"": 0, ""civil_engineering"": 0, ""production_engineering"": 9, ""administration"": 57, ""data_science"": 17}",https://jobs.lever.co/shieldai/9fd0a58a-6bdc-465c-8d1e-0c152e13ba66
lever,3fef9281-0eeb-43c3-8273-5586df5d1817,Shield AI,Senior DevSecOps Engineer,London,51.50853,-0.12574,Full Time Employee,hybrid,,"{""electrical_engineering"": 0, ""computer_science"": 49, ""mechanical_engineering"": 0, ""civil_engineering"": 9, ""production_engineering"": 0, ""administration"": 0, ""data_science"": 0}",https://jobs.lever.co/shieldai/3fef9281-0eeb-43c3-8273-5586df5d1817
lever,14f30de4-a7ee-4b86-bb27-d60f3aceb678,Shield AI,"Senior Director of Business Development - Japan, South Korea, and Taiwan (R4831)",Tokyo,35.6895,139.69171,International EOR,onsite,internship,"{""electrical_engineering"": 9, ""computer_science"": 0, ""mechanical_engineering"": 9, ""civil_engineering"": 0, ""production_engineering"": 9, ""administration"": 82, ""data_science"": 0}",https://jobs.lever.co/shieldai/14f30de4-a7ee-4b86-bb27-d60f3aceb678
lever,50f5fe16-1a52-4051-8fc8-bff685e0f6b8,Shield AI,Senior Director of Hivemind Finance (R5621),"Washington, DC",38.89511,-77.03637,Full Time Employee,onsite,,"{""electrical_engineering"": 9, ""computer_science"": 0, ""mechanical_engineering"": 0, ""civil_engineering"": 0, ""production_engineering"": 9, ""administration"": 59, ""data_science"": 0}",https://jobs.lever.co/shieldai/50f5fe16-1a52-4051-8fc8-bff685e0f6b8
lever,756990b7-e0c9-4c65-88a4-fca6a5e64669,Shield AI,"Senior Director, Flight Operations (V-BAT) (R5797)","Dallas, Texas",32.78306,-96.80667,Full Time Employee,onsite,,"{""electrical_engineering"": 0, ""computer_science"": 0, ""mechanical_engineering"": 0, ""civil_engineering"": 0, ""production_engineering"": 17, ""administration"": 59, ""data_science"": 0}",https://jobs.lever.co/shieldai/756990b7-e0c9-4c65-88a4-fca6a5e64669
lever,34164b22-f9d9-4364-862d-5d0cf8f7a108,Shield AI,"Senior Director, Hivemind Operations & Sustainment (R5855)","Washington, DC",38.89511,-77.03637,Full Time Employee,onsite,,"{""electrical_engineering"": 0, ""computer_science"": 0, ""mechanical_engineering"": 0, ""civil_engineering"": 0, ""production_engineering"": 17, ""administration"": 17, ""data_science"": 0}",https://jobs.lever.co/shieldai/34164b22-f9d9-4364-862d-5d0cf8f7a108
lever,dbeedcfb-0420-4216-8529-9b02d43e29f4,Shield AI,"Senior Electrical Engineer, Hardware Test (R5099)","Dallas, Texas",32.78306,-96.80667,Full Time Employee,onsite,,"{""electrical_engineering"": 87, ""computer_science"": 0, ""mechanical_engineering"": 9, ""civil_engineering"": 0, ""production_engineering"": 9, ""administration"": 9, ""data_science"": 0}",https://jobs.lever.co/shieldai/dbeedcfb-0420-4216-8529-9b02d43e29f4
lever,79b8fc20-9321-4858-b68a-bb78f4eb4327,Shield AI,"Senior Electrical Engineer, Hardware Test (R5154)","Seattle, Washington",47.60621,-122.33207,Full Time Employee,onsite,,"{""electrical_engineering"": 87, ""computer_science"": 0, ""mechanical_engineering"": 9, ""civil_engineering"": 0, ""production_engineering"": 9, ""administration"": 9, ""data_science"": 0}",https://jobs.lever.co/shieldai/79b8fc20-9321-4858-b68a-bb78f4eb4327
lever,9208872f-9af8-4a63-8afc-0d7a5e7dbca0,Shield AI,"Senior Electrical Engineer, Test Equipment Design","Dallas, Texas",32.78306,-96.80667,Full Time Employee,onsite,,"{""electrical_engineering"": 91, ""computer_science"": 0, ""mechanical_engineering"": 9, ""civil_engineering"": 0, ""production_engineering"": 9, ""administration"": 9, ""data_science"": 0}",https://jobs.lever.co/shieldai/9208872f-9af8-4a63-8afc-0d7a5e7dbca0
lever,cda131b5-3cfb-4d59-8d4b-bfd2f8c9661d,Shield AI,"Senior Electrical Engineer, Test Equipment Design","Seattle, Washington",47.60621,-122.33207,Full Time Employee,onsite,,"{""electrical_engineering"": 91, ""computer_science"": 0, ""mechanical_engineering"": 9, ""civil_engineering"": 0, ""production_engineering"": 9, ""administration"": 9, ""data_science"": 0}",https://jobs.lever.co/shieldai/cda131b5-3cfb-4d59-8d4b-bfd2f8c9661d
lever,425c064c-7585-462f-973d-66d685d1ab17,Shield AI,"Senior Engineer, Air Vehicle Fluid Systems (R4891)","Seattle, Washington",47.60621,-122.33207,Full Time Employee,onsite,,"{""electrical_engineering"": 9, ""computer_science"": 0, ""mechanical_engineering"": 0, ""civil_engineering"": 0, ""production_engineering"": 9, ""administration"": 9, ""data_science"": 0}",https://jobs.lever.co/shieldai/425c064c-7585-462f-973d-66d685d1ab17
lever,952faf2d-4730-4d8d-9c1c-6f914ecd1eef,Shield AI,"Senior Engineer, Air Vehicle Fluid Systems (R5203)","Seattle, Washington",47.60621,-122.33207,Full Time Employee,onsite,,"{""electrical_engineering"": 9, ""computer_science"": 0, ""mechanical_engineering"": 0, ""civil_engineering"": 0, ""production_engineering"": 9, ""administration"": 9, ""data_science"": 0}",https://jobs.lever.co/shieldai/952faf2d-4730-4d8d-9c1c-6f914ecd1eef
lever,4d6c0395-4b2c-4e5f-a658-98ec604678cb,Shield AI,"Senior Engineer, Applications (R4792)",Taipei,25.05306,121.52639,International EOR,onsite,internship,"{""electrical_engineering"": 0, ""computer_science"": 0, ""mechanical_engineering"": 0, ""civil_engineering"": 0, ""production_engineering"": 9, ""administration"": 9, ""data_science"": 0}",https://jobs.lever.co/shieldai/4d6c0395-4b2c-4e5f-a658-98ec604678cb
lever,2b247600-44e1-42c9-8c07-a92852f9932e,Shield AI,"Senior Engineer, Architecture and Infrastructure Test (R5485)","Seattle, Washington",47.60621,-122.33207,Full Time Employee,onsite,,"{""electrical_engineering"": 63, ""computer_science"": 0, ""mechanical_engineering"": 9, ""civil_engineering"": 17, ""production_engineering"": 9, ""administration"": 9, ""data_science"": 0}",https://jobs.lever.co/shieldai/2b247600-44e1-42c9-8c07-a92852f9932e
lever,21d73732-e08b-415e-a6ec-b2763b6faaeb,Shield AI,"Senior Engineer, Automated Test (R4461)","San Diego, California",32.71571,-117.16472,Full Time Employee,hybrid,,"{""electrical_engineering"": 18, ""computer_science"": 61, ""mechanical_engineering"": 9, ""civil_engineering"": 9, ""production_engineering"": 15, ""administration"": 9, ""data_science"": 12}",https://jobs.lever.co/shieldai/21d73732-e08b-415e-a6ec-b2763b6faaeb
lever,47fdba45-27ab-4534-9fe3-3d498eb12ad7,Shield AI,"Senior Engineer, Autonomy (R5685)",Melbourne,-37.814,144.96332,Full Time Employee,onsite,,"{""electrical_engineering"": 0, ""computer_science"": 0, ""mechanical_engineering"": 0, ""civil_engineering"": 0, ""production_engineering"": 9, ""administration"": 9, ""data_science"": 0}",https://jobs.lever.co/shieldai/47fdba45-27ab-4534-9fe3-3d498eb12ad7
lever,fe446245-61e6-47b2-a6cc-beffb0bdb999,Shield AI,"Senior Engineer, Autonomy Software Integration & Test (R5225)",Lviv,49.83826,24.02324,International EOR,onsite,internship,"{""electrical_engineering"": 9, ""computer_science"": 0, ""mechanical_engineering"": 0, ""civil_engineering"": 0, ""production_engineering"": 9, ""administration"": 9, ""data_science"": 0}",https://jobs.lever.co/shieldai/fe446245-61e6-47b2-a6cc-beffb0bdb999
lever,513eb618-2704-40e0-bbcd-5f946b60d1b2,Shield AI,"Senior Engineer, Autonomy Software Integration & Test (R5606)",Kyiv,50.45466,30.5238,International EOR,onsite,internship,"{""electrical_engineering"": 9, ""computer_science"": 0, ""mechanical_engineering"": 0, ""civil_engineering"": 0, ""production_engineering"": 9, ""administration"": 9, ""data_science"": 0}",https://jobs.lever.co/shieldai/513eb618-2704-40e0-bbcd-5f946b60d1b2
lever,f3214031-7801-46d8-ab08-5e26d40ce5cc,Shield AI,"Senior Engineer, Avionics Thermal Engineering (R5298)","Seattle, Washington",47.60621,-122.33207,Full Time Employee,onsite,,"{""electrical_engineering"": 17, ""computer_science"": 0, ""mechanical_engineering"": 0, ""civil_engineering"": 0, ""production_engineering"": 9, ""administration"": 9, ""data_science"": 0}",https://jobs.lever.co/shieldai/f3214031-7801-46d8-ab08-5e26d40ce5cc
lever,6ca0453e-fa4b-476e-af4f-58d8ecc9b249,Shield AI,"Senior Engineer, Computer Vision (C++) (R5195)",Melbourne,-37.814,144.96332,International Office Entity,hybrid,internship,"{""electrical_engineering"": 12, ""computer_science"": 73, ""mechanical_engineering"": 0, ""civil_engineering"": 0, ""production_engineering"": 9, ""administration"": 9, ""data_science"": 59}",https://jobs.lever.co/shieldai/6ca0453e-fa4b-476e-af4f-58d8ecc9b249
lever,28887b02-847b-42f1-a24f-bfbb3392fe89,Shield AI,"Senior Engineer, Electrical - Fleet Support (R5080)","Dallas, Texas",32.78306,-96.80667,Full Time Employee,onsite,,"{""electrical_engineering"": 54, ""computer_science"": 0, ""mechanical_engineering"": 0, ""civil_engineering"": 0, ""production_engineering"": 9, ""administration"": 9, ""data_science"": 0}",https://jobs.lever.co/shieldai/28887b02-847b-42f1-a24f-bfbb3392fe89
lever,7a457f57-0cc9-46d6-82a5-ba2361bfb1c6,Shield AI,"Senior Engineer, Engineering Tooling & Observability (R5720)",Melbourne,-37.814,144.96332,International Office Entity,onsite,internship,"{""electrical_engineering"": 12, ""computer_science"": 54, ""mechanical_engineering"": 0, ""civil_engineering"": 9, ""production_engineering"": 9, ""administration"": 9, ""data_science"": 9}",https://jobs.lever.co/shieldai/7a457f57-0cc9-46d6-82a5-ba2361bfb1c6
lever,71278ad9-359f-48dd-bad4-fc63ab6b9f1d,Shield AI,"Senior Engineer, Flight Controls - X-BAT (Hiring At Multiple Levels)","Dallas, Texas",32.78306,-96.80667,Full Time Employee,onsite,,"{""electrical_engineering"": 9, ""computer_science"": 0, ""mechanical_engineering"": 0, ""civil_engineering"": 0, ""production_engineering"": 9, ""administration"": 9, ""data_science"": 0}",https://jobs.lever.co/shieldai/71278ad9-359f-48dd-bad4-fc63ab6b9f1d
lever,03e89bdf-2eb1-4058-8281-4cddc3d46049,Shield AI,"Senior Engineer, Flight Test (R5371)","San Diego, California",32.71571,-117.16472,Full Time Employee,onsite,,"{""electrical_engineering"": 15, ""computer_science"": 0, ""mechanical_engineering"": 0, ""civil_engineering"": 0, ""production_engineering"": 12, ""administration"": 9, ""data_science"": 0}",https://jobs.lever.co/shieldai/03e89bdf-2eb1-4058-8281-4cddc3d46049
lever,4a9a4b36-2eb4-4994-8827-58db794f9018,Shield AI,"Senior Engineer, Full-Stack Software (Dallas, TX)","Dallas, Texas",32.78306,-96.80667,Full Time Employee,onsite,,"{""electrical_engineering"": 0, ""computer_science"": 42, ""mechanical_engineering"": 9, ""civil_engineering"": 0, ""production_engineering"": 15, ""administration"": 9, ""data_science"": 0}",https://jobs.lever.co/shieldai/4a9a4b36-2eb4-4994-8827-58db794f9018
lever,3e68adca-465c-414b-88f5-e4d16a26ad3b,Shield AI,"Senior Engineer, Human Machine Teaming (R5648)","Washington, DC",38.89511,-77.03637,Full Time Employee,onsite,,"{""electrical_engineering"": 9, ""computer_science"": 0, ""mechanical_engineering"": 0, ""civil_engineering"": 0, ""production_engineering"": 9, ""administration"": 9, ""data_science"": 0}",https://jobs.lever.co/shieldai/3e68adca-465c-414b-88f5-e4d16a26ad3b
lever,4d18dd89-aace-45da-b69a-bcae5a671da1,Shield AI,"Senior Engineer, Human Machine Teaming (R5649)","Washington, DC",38.89511,-77.03637,Full Time Employee,onsite,,"{""electrical_engineering"": 9, ""computer_science"": 0, ""mechanical_engineering"": 0, ""civil_engineering"": 0, ""production_engineering"": 9, ""administration"": 9, ""data_science"": 0}",https://jobs.lever.co/shieldai/4d18dd89-aace-45da-b69a-bcae5a671da1
lever,84089cc8-47e5-4c63-a49a-dbd1fb874aed,Shield AI,"Senior Engineer, Human Machine Teaming (R5651)","Washington, DC",38.89511,-77.03637,Full Time Employee,onsite,,"{""electrical_engineering"": 9, ""computer_science"": 0, ""mechanical_engineering"": 0, ""civil_engineering"": 0, ""production_engineering"": 9, ""administration"": 9, ""data_science"": 0}",https://jobs.lever.co/shieldai/84089cc8-47e5-4c63-a49a-dbd1fb874aed
lever,836d3989-cb7c-455c-8594-c56f97022182,Shield AI,"Senior Engineer, Manufacturing","Dallas, Texas",32.78306,-96.80667,Full Time Employee,onsite,,"{""electrical_engineering"": 51, ""computer_science"": 0, ""mechanical_engineering"": 17, ""civil_engineering"": 9, ""production_engineering"": 15, ""administration"": 9, ""data_science"": 0}",https://jobs.lever.co/shieldai/836d3989-cb7c-455c-8594-c56f97022182
lever,81556c11-86c1-41f2-ad63-3b787a23a4ef,Shield AI,"Senior Engineer, Material Review Board (R5309)","Dallas, Texas",32.78306,-96.80667,Full Time Employee,onsite,,"{""electrical_engineering"": 9, ""computer_science"": 0, ""mechanical_engineering"": 9, ""civil_engineering"": 0, ""production_engineering"": 15, ""administration"": 9, ""data_science"": 0}",https://jobs.lever.co/shieldai/81556c11-86c1-41f2-ad63-3b787a23a4ef
lever,28332c5d-703f-42e8-bb9b-ceafb14fb765,Shield AI,"Senior Engineer, Mechanisms (R4890)","Seattle, Washington",47.60621,-122.33207,Full Time Employee,onsite,,"{""electrical_engineering"": 9, ""computer_science"": 0, ""mechanical_engineering"": 42, ""civil_engineering"": 0, ""production_engineering"": 9, ""administration"": 9, ""data_science"": 0}",https://jobs.lever.co/shieldai/28332c5d-703f-42e8-bb9b-ceafb14fb765
lever,73308f04-b030-4e98-b4af-09a8ccb1c974,Shield AI,"Senior Engineer, Modelling and Simulation (R5702)",Melbourne,-37.814,144.96332,International Office Entity,onsite,internship,"{""electrical_engineering"": 0, ""computer_science"": 0, ""mechanical_engineering"": 0, ""civil_engineering"": 0, ""production_engineering"": 9, ""administration"": 9, ""data_science"": 0}",https://jobs.lever.co/shieldai/73308f04-b030-4e98-b4af-09a8ccb1c974
lever,98741568-3f50-4868-b841-1e3736451997,Shield AI,"Senior Engineer, Operations Analyst (R5831)","Washington, DC",38.89511,-77.03637,Full Time Employee,onsite,,"{""electrical_engineering"": 0, ""computer_science"": 0, ""mechanical_engineering"": 0, ""civil_engineering"": 0, ""production_engineering"": 17, ""administration"": 17, ""data_science"": 0}",https://jobs.lever.co/shieldai/98741568-3f50-4868-b841-1e3736451997
lever,b3927595-1e5a-455e-b831-721674088249,Shield AI,"Senior Engineer, Platform Infrastructure (R5516)","Dallas, Texas",32.78306,-96.80667,Full Time Employee,onsite,,"{""electrical_engineering"": 0, ""computer_science"": 0, ""mechanical_engineering"": 0, ""civil_engineering"": 17, ""production_engineering"": 9, ""administration"": 9, ""data_science"": 0}",https://jobs.lever.co/shieldai/b3927595-1e5a-455e-b831-721674088249
lever,40dd9984-fe68-4ea7-a1ab-291c9303dfb4,Shield AI,"Senior Engineer, Sensor Integration (R5128)",United States,,,Full Time Employee,onsite,,"{""electrical_engineering"": 0, ""computer_science"": 0, ""mechanical_engineering"": 49, ""civil_engineering"": 0, ""production_engineering"": 9, ""administration"": 9, ""data_science"": 0}",https://jobs.lever.co/shieldai/40dd9984-fe68-4ea7-a1ab-291c9303dfb4
lever,3daaf9c5-164e-4a8e-abc9-b475a38522c3,Shield AI,"Senior Engineer, Software - Autonomous Aircraft Integration (R5200)","Washington, DC",38.89511,-77.03637,Full Time Employee,onsite,,"{""electrical_engineering"": 9, ""computer_science"": 0, ""mechanical_engineering"": 0, ""civil_engineering"": 0, ""production_engineering"": 9, ""administration"": 9, ""data_science"": 0}",https://jobs.lever.co/shieldai/3daaf9c5-164e-4a8e-abc9-b475a38522c3
lever,9b07c4dd-966f-4376-b0b5-399b704cf249,Shield AI,"Senior Engineer, Software (R5970)","San Diego, California",32.71571,-117.16472,,onsite,,"{""electrical_engineering"": 0, ""computer_science"": 54, ""mechanical_engineering"": 0, ""civil_engineering"": 0, ""production_engineering"": 9, ""administration"": 9, ""data_science"": 0}",https://jobs.lever.co/shieldai/9b07c4dd-966f-4376-b0b5-399b704cf249
lever,ca9c2a51-fc9c-4258-a420-85b9a97b28b3,Shield AI,"Senior Engineer, Software Autonomy Applications (R4829)",Tokyo,35.6895,139.69171,International EOR,onsite,internship,"{""electrical_engineering"": 0, ""computer_science"": 0, ""mechanical_engineering"": 0, ""civil_engineering"": 0, ""production_engineering"": 9, ""administration"": 9, ""data_science"": 0}",https://jobs.lever.co/shieldai/ca9c2a51-fc9c-4258-a420-85b9a97b28b3
lever,10936087-44a4-47db-bddf-105436e872aa,Shield AI,"Senior Engineer, Software Embedded Applications (Hiring Multiple Levels)","Dallas, Texas",32.78306,-96.80667,Full Time Employee,onsite,,"{""electrical_engineering"": 59, ""computer_science"": 42, ""mechanical_engineering"": 9, ""civil_engineering"": 0, ""production_engineering"": 9, ""administration"": 9, ""data_science"": 0}",https://jobs.lever.co/shieldai/10936087-44a4-47db-bddf-105436e872aa
lever,59bf1528-dc51-4086-9925-19f8fe955a96,Shield AI,"Senior Engineer, Software Integration Engineer (R5462)","San Diego, California",32.71571,-117.16472,Full Time Employee,onsite,,"{""electrical_engineering"": 15, ""computer_science"": 0, ""mechanical_engineering"": 0, ""civil_engineering"": 0, ""production_engineering"": 9, ""administration"": 9, ""data_science"": 0}",https://jobs.lever.co/shieldai/59bf1528-dc51-4086-9925-19f8fe955a96
lever,9388629c-94b8-421a-a145-1ce83d74a10d,Shield AI,"Senior Engineer, Software Systems (R4903)",United States,,,Full Time Employee,onsite,,"{""electrical_engineering"": 0, ""computer_science"": 0, ""mechanical_engineering"": 0, ""civil_engineering"": 0, ""production_engineering"": 9, ""administration"": 9, ""data_science"": 0}",https://jobs.lever.co/shieldai/9388629c-94b8-421a-a145-1ce83d74a10d
lever,133ad6aa-d624-4fad-b1cc-1f8f42d0401f,Shield AI,"Senior Engineer, State Estimation (Hiring At Multiple Levels)","Dallas, Texas",32.78306,-96.80667,Full Time Employee,onsite,,"{""electrical_engineering"": 12, ""computer_science"": 42, ""mechanical_engineering"": 0, ""civil_engineering"": 0, ""production_engineering"": 9, ""administration"": 9, ""data_science"": 0}",https://jobs.lever.co/shieldai/133ad6aa-d624-4fad-b1cc-1f8f42d0401f
lever,991fd24c-e076-45e4-a113-ffa6633df0d4,Shield AI,"Senior Engineer, Structural Analysis (R5173)",United States,,,Full Time Employee,onsite,,"{""electrical_engineering"": 9, ""computer_science"": 0, ""mechanical_engineering"": 9, ""civil_engineering"": 9, ""production_engineering"": 9, ""administration"": 9, ""data_science"": 0}",https://jobs.lever.co/shieldai/991fd24c-e076-45e4-a113-ffa6633df0d4
lever,c72b803b-1396-4af7-9cd7-876136b44264,Shield AI,"Senior Engineer, System Software (R5716)",Melbourne,-37.814,144.96332,International Office Entity,onsite,internship,"{""electrical_engineering"": 0, ""computer_science"": 0, ""mechanical_engineering"": 0, ""civil_engineering"": 0, ""production_engineering"": 9, ""administration"": 9, ""data_science"": 0}",https://jobs.lever.co/shieldai/c72b803b-1396-4af7-9cd7-876136b44264
lever,5a47cd5d-0efb-4d4e-925a-eb104f90904c,Shield AI,"Senior Engineer, Systems Test (R5038)","Washington, DC",38.89511,-77.03637,Full Time Employee,onsite,,"{""electrical_engineering"": 12, ""computer_science"": 0, ""mechanical_engineering"": 0, ""civil_engineering"": 0, ""production_engineering"": 12, ""administration"": 9, ""data_science"": 0}",https://jobs.lever.co/shieldai/5a47cd5d-0efb-4d4e-925a-eb104f90904c
lever,1b5f8795-9e77-4999-b1be-09eb7f08f7b9,Shield AI,"Senior Engineer, Test (R5833)",Melbourne,-37.814,144.96332,International Office Entity,onsite,internship,"{""electrical_engineering"": 0, ""computer_science"": 0, ""mechanical_engineering"": 0, ""civil_engineering"": 0, ""production_engineering"": 9, ""administration"": 9, ""data_science"": 0}",https://jobs.lever.co/shieldai/1b5f8795-9e77-4999-b1be-09eb7f08f7b9
lever,d0635c93-bb07-4585-80d3-c53aaa2fdf6d,Shield AI,"Senior Engineer, VBAT Software Test Automation (Hiring Multiple Levels)","Dallas, Texas",32.78306,-96.80667,Full Time Employee,onsite,,"{""electrical_engineering"": 17, ""computer_science"": 42, ""mechanical_engineering"": 0, ""civil_engineering"": 0, ""production_engineering"": 9, ""administration"": 9, ""data_science"": 0}",https://jobs.lever.co/shieldai/d0635c93-bb07-4585-80d3-c53aaa2fdf6d
lever,de2f1379-b396-4713-8238-e334aad49b56,Shield AI,Senior Executive Sourcer,"Dallas, Texas",32.78306,-96.80667,Full Time Employee,hybrid,,"{""electrical_engineering"": 9, ""computer_science"": 0, ""mechanical_engineering"": 9, ""civil_engineering"": 0, ""production_engineering"": 9, ""administration"": 12, ""data_science"": 0}",https://jobs.lever.co/shieldai/de2f1379-b396-4713-8238-e334aad49b56
lever,b025338a-5f82-44b3-9a78-f63b0d06e24e,Shield AI,Senior Facility Security Officer (R4917),"Washington, DC",38.89511,-77.03637,Full Time Employee,onsite,,"{""electrical_engineering"": 0, ""computer_science"": 0, ""mechanical_engineering"": 0, ""civil_engineering"": 0, ""production_engineering"": 9, ""administration"": 9, ""data_science"": 0}",https://jobs.lever.co/shieldai/b025338a-5f82-44b3-9a78-f63b0d06e24e
lever,895502d4-8fe8-46da-90d1-b632fe8eaacd,Shield AI,Senior Global S/R Specialist (R5264),"Dallas, Texas",32.78306,-96.80667,Full Time Employee,onsite,,"{""electrical_engineering"": 0, ""computer_science"": 0, ""mechanical_engineering"": 9, ""civil_engineering"": 0, ""production_engineering"": 9, ""administration"": 9, ""data_science"": 0}",https://jobs.lever.co/shieldai/895502d4-8fe8-46da-90d1-b632fe8eaacd
lever,f1a761df-feeb-4024-b70b-c13d6a6bbfcf,Shield AI,Senior Lab Technician (R5317),"Seattle, Washington",47.60621,-122.33207,Full Time Employee,onsite,,"{""electrical_engineering"": 9, ""computer_science"": 0, ""mechanical_engineering"": 9, ""civil_engineering"": 0, ""production_engineering"": 9, ""administration"": 9, ""data_science"": 0}",https://jobs.lever.co/shieldai/f1a761df-feeb-4024-b70b-c13d6a6bbfcf
lever,6e5d59f1-cd4a-451b-be66-5db9af34df44,Shield AI,"Senior Manager, Avionics Mechanical Engineering (R4416)","Seattle, Washington",47.60621,-122.33207,Full Time Employee,onsite,,"{""electrical_engineering"": 17, ""computer_science"": 0, ""mechanical_engineering"": 79, ""civil_engineering"": 0, ""production_engineering"": 9, ""administration"": 9, ""data_science"": 0}",https://jobs.lever.co/shieldai/6e5d59f1-cd4a-451b-be66-5db9af34df44
lever,87f42524-d0dc-4969-b98c-82bcfa5fed05,Shield AI,"Senior Manager, Corporate Finance (R5631)","San Mateo, California",14.6982,121.1236,Full Time Employee,onsite,,"{""electrical_engineering"": 9, ""computer_science"": 0, ""mechanical_engineering"": 0, ""civil_engineering"": 0, ""production_engineering"": 12, ""administration"": 17, ""data_science"": 0}",https://jobs.lever.co/shieldai/87f42524-d0dc-4969-b98c-82bcfa5fed05
lever,7d8b38d0-683a-45e3-a9f1-99483aa6adbf,Shield AI,"Senior Manager, Customer Success (R5273)","Dallas, Texas",32.78306,-96.80667,Full Time Employee,onsite,,"{""electrical_engineering"": 9, ""computer_science"": 0, ""mechanical_engineering"": 0, ""civil_engineering"": 0, ""production_engineering"": 9, ""administration"": 15, ""data_science"": 0}",https://jobs.lever.co/shieldai/7d8b38d0-683a-45e3-a9f1-99483aa6adbf
lever,6292b91a-bcf1-4817-8a60-98731e711e84,Shield AI,"Senior Manager, Facilities Operations, U.S. (R5591)","Dallas, Texas",32.78306,-96.80667,Full Time Employee,onsite,,"{""electrical_engineering"": 0, ""computer_science"": 0, ""mechanical_engineering"": 0, ""civil_engineering"": 0, ""production_engineering"": 17, ""administration"": 17, ""data_science"": 0}",https://jobs.lever.co/shieldai/6292b91a-bcf1-4817-8a60-98731e711e84
lever,8017692b-13a7-4fd2-b0c3-e8008f2e4d29,Shield AI,"Senior Manager, GNC (R5627)","Dallas, Texas",32.78306,-96.80667,Full Time Employee,onsite,,"{""electrical_engineering"": 9, ""computer_science"": 0, ""mechanical_engineering"": 0, ""civil_engineering"": 0, ""production_engineering"": 9, ""administration"": 9, ""data_science"": 0}",https://jobs.lever.co/shieldai/8017692b-13a7-4fd2-b0c3-e8008f2e4d29
lever,10251839-d7c9-433a-ba29-ddfd103a92cc,Shield AI,"Senior Manager, Materials Planning & Logistics – Development Programs (R5252)","Seattle, Washington",47.60621,-122.33207,Full Time Employee,onsite,,"{""electrical_engineering"": 0, ""computer_science"": 0, ""mechanical_engineering"": 9, ""civil_engineering"": 9, ""production_engineering"": 17, ""administration"": 12, ""data_science"": 0}",https://jobs.lever.co/shieldai/10251839-d7c9-433a-ba29-ddfd103a92cc
lever,8c9f2dfa-45e1-441b-8e58-c603f99c5d38,Shield AI,"Senior Manager, Mechanical Engineering - Avionics (R4416)","Seattle, Washington",47.60621,-122.33207,Full Time Employee,onsite,,"{""electrical_engineering"": 17, ""computer_science"": 0, ""mechanical_engineering"": 79, ""civil_engineering"": 0, ""production_engineering"": 9, ""administration"": 9, ""data_science"": 0}",https://jobs.lever.co/shieldai/8c9f2dfa-45e1-441b-8e58-c603f99c5d38
lever,e2937327-d2de-44b5-8975-a3612ef2dfbe,Shield AI,"Senior Manager, Mechanisms Engineering (R4858)","Seattle, Washington",47.60621,-122.33207,Full Time Employee,onsite,,"{""electrical_engineering"": 9, ""computer_science"": 0, ""mechanical_engineering"": 0, ""civil_engineering"": 0, ""production_engineering"": 9, ""administration"": 9, ""data_science"": 0}",https://jobs.lever.co/shieldai/e2937327-d2de-44b5-8975-a3612ef2dfbe
lever,501e3703-1a63-4773-b961-6029e5fb71d6,Shield AI,"Senior Manager, Perception (R5914)","Washington, DC",38.89511,-77.03637,Full Time Employee,onsite,,"{""electrical_engineering"": 12, ""computer_science"": 12, ""mechanical_engineering"": 9, ""civil_engineering"": 0, ""production_engineering"": 9, ""administration"": 9, ""data_science"": 51}",https://jobs.lever.co/shieldai/501e3703-1a63-4773-b961-6029e5fb71d6
lever,4a54270b-ab95-4702-ac8e-64d07835ad0f,Shield AI,"Senior Manager, Quality – Development Programs (R5315)","Dallas, Texas",32.78306,-96.80667,Full Time Employee,onsite,,"{""electrical_engineering"": 9, ""computer_science"": 0, ""mechanical_engineering"": 12, ""civil_engineering"": 0, ""production_engineering"": 17, ""administration"": 9, ""data_science"": 0}",https://jobs.lever.co/shieldai/4a54270b-ab95-4702-ac8e-64d07835ad0f
lever,5082d4cf-2971-42d5-a065-84ca1c1d6ab7,Shield AI,"Senior Manager, Revenue Accounting (R5481)",United States,,,Full Time Employee,onsite,,"{""electrical_engineering"": 0, ""computer_science"": 0, ""mechanical_engineering"": 9, ""civil_engineering"": 0, ""production_engineering"": 9, ""administration"": 54, ""data_science"": 0}",https://jobs.lever.co/shieldai/5082d4cf-2971-42d5-a065-84ca1c1d6ab7
lever,340f6b82-31c2-4382-8d18-e577491c394b,Shield AI,"Senior Manager, Strategic Finance (R5566)","San Mateo, California",14.6982,121.1236,Full Time Employee,onsite,,"{""electrical_engineering"": 9, ""computer_science"": 0, ""mechanical_engineering"": 9, ""civil_engineering"": 0, ""production_engineering"": 9, ""administration"": 17, ""data_science"": 0}",https://jobs.lever.co/shieldai/340f6b82-31c2-4382-8d18-e577491c394b
lever,fca36368-be91-4f0d-80b4-e4c18564b1ea,Shield AI,Senior Materials Planner (R5112),"Dallas, Texas",32.78306,-96.80667,Full Time Employee,onsite,,"{""electrical_engineering"": 0, ""computer_science"": 0, ""mechanical_engineering"": 0, ""civil_engineering"": 0, ""production_engineering"": 12, ""administration"": 12, ""data_science"": 0}",https://jobs.lever.co/shieldai/fca36368-be91-4f0d-80b4-e4c18564b1ea
lever,2f5ff4ff-4e51-4e20-8296-133dc62b365d,Shield AI,Senior Network Engineer (R5667),"San Mateo, California",14.6982,121.1236,Full Time Employee,onsite,,"{""electrical_engineering"": 9, ""computer_science"": 9, ""mechanical_engineering"": 0, ""civil_engineering"": 9, ""production_engineering"": 9, ""administration"": 9, ""data_science"": 0}",https://jobs.lever.co/shieldai/2f5ff4ff-4e51-4e20-8296-133dc62b365d
lever,38e5f38c-8d3f-4210-8310-8688182dc182,Shield AI,Senior Platform Engineer (R5827),"San Diego, California",32.71571,-117.16472,Full Time Employee,hybrid,,"{""electrical_engineering"": 9, ""computer_science"": 15, ""mechanical_engineering"": 0, ""civil_engineering"": 9, ""production_engineering"": 9, ""administration"": 9, ""data_science"": 0}",https://jobs.lever.co/shieldai/38e5f38c-8d3f-4210-8310-8688182dc182
lever,6c140531-db2d-4fdf-8055-a4418a9d262b,Shield AI,Senior Product Designer (R4854),"Dallas, Texas",32.78306,-96.80667,Full Time Employee,onsite,,"{""electrical_engineering"": 9, ""computer_science"": 9, ""mechanical_engineering"": 0, ""civil_engineering"": 0, ""production_engineering"": 9, ""administration"": 9, ""data_science"": 0}",https://jobs.lever.co/shieldai/6c140531-db2d-4fdf-8055-a4418a9d262b
lever,6cd7aeaa-64e1-43a8-a405-f106247bc05e,Shield AI,"Senior Production Planner, Development Programs (R5277)","Seattle, Washington",47.60621,-122.33207,Full Time Employee,onsite,,"{""electrical_engineering"": 0, ""computer_science"": 0, ""mechanical_engineering"": 9, ""civil_engineering"": 0, ""production_engineering"": 18, ""administration"": 9, ""data_science"": 0}",https://jobs.lever.co/shieldai/6cd7aeaa-64e1-43a8-a405-f106247bc05e
lever,c0aee07f-9773-4606-b715-3a2a92121e12,Shield AI,Senior Program Finance Analyst (R5882),"Dallas, Texas",32.78306,-96.80667,Full Time Employee,onsite,,"{""electrical_engineering"": 9, ""computer_science"": 0, ""mechanical_engineering"": 0, ""civil_engineering"": 0, ""production_engineering"": 15, ""administration"": 59, ""data_science"": 0}",https://jobs.lever.co/shieldai/c0aee07f-9773-4606-b715-3a2a92121e12
lever,535b4ae5-3e2d-4382-bfcc-f080affaa706,Shield AI,Senior Program Manager (R4932),"Dallas, Texas",32.78306,-96.80667,Full Time Employee,onsite,,"{""electrical_engineering"": 9, ""computer_science"": 0, ""mechanical_engineering"": 0, ""civil_engineering"": 0, ""production_engineering"": 9, ""administration"": 51, ""data_science"": 0}",https://jobs.lever.co/shieldai/535b4ae5-3e2d-4382-bfcc-f080affaa706
lever,d9c4c3e5-3d12-48a6-9d46-30f6592378ca,Shield AI,"Senior Project Manager, Finance Transformation (R5545)","San Mateo, California",14.6982,121.1236,Full Time Employee,onsite,,"{""electrical_engineering"": 0, ""computer_science"": 0, ""mechanical_engineering"": 0, ""civil_engineering"": 0, ""production_engineering"": 9, ""administration"": 59, ""data_science"": 0}",https://jobs.lever.co/shieldai/d9c4c3e5-3d12-48a6-9d46-30f6592378ca
lever,183856ee-0477-4038-8068-123a993fb717,Shield AI,Senior Propulsion Design Engineer (R4642),"Seattle, Washington",47.60621,-122.33207,Full Time Employee,onsite,,"{""electrical_engineering"": 12, ""computer_science"": 0, ""mechanical_engineering"": 0, ""civil_engineering"": 0, ""production_engineering"": 9, ""administration"": 9, ""data_science"": 0}",https://jobs.lever.co/shieldai/183856ee-0477-4038-8068-123a993fb717
lever,9aeaf414-6a45-4294-a2f0-2d62eaafc9a4,Shield AI,Senior Propulsion Technician (R4638),"Seattle, Washington",47.60621,-122.33207,Full Time Employee,onsite,,"{""electrical_engineering"": 9, ""computer_science"": 0, ""mechanical_engineering"": 9, ""civil_engineering"": 0, ""production_engineering"": 9, ""administration"": 9, ""data_science"": 0}",https://jobs.lever.co/shieldai/9aeaf414-6a45-4294-a2f0-2d62eaafc9a4
lever,00e419e1-cd8b-47c3-9c82-40b07d51bf87,Shield AI,Senior Propulsion Test Engineer (R4640),"Seattle, Washington",47.60621,-122.33207,Full Time Employee,onsite,,"{""electrical_engineering"": 9, ""computer_science"": 0, ""mechanical_engineering"": 0, ""civil_engineering"": 0, ""production_engineering"": 12, ""administration"": 9, ""data_science"": 0}",https://jobs.lever.co/shieldai/00e419e1-cd8b-47c3-9c82-40b07d51bf87
lever,3c15127a-d868-42b0-8660-1be603c377c0,Shield AI,Senior Recruiting Coordinator (R5646),London,51.50853,-0.12574,Full Time Employee,onsite,,"{""electrical_engineering"": 9, ""computer_science"": 0, ""mechanical_engineering"": 9, ""civil_engineering"": 0, ""production_engineering"": 15, ""administration"": 54, ""data_science"": 0}",https://jobs.lever.co/shieldai/3c15127a-d868-42b0-8660-1be603c377c0
lever,2ec57f9e-fde9-4e70-8cb5-e21eeb15abfb,Shield AI,Senior Site Infrastructure Engineer (R5857),"Seattle, Washington",47.60621,-122.33207,Full Time Employee,onsite,,"{""electrical_engineering"": 0, ""computer_science"": 9, ""mechanical_engineering"": 9, ""civil_engineering"": 17, ""production_engineering"": 9, ""administration"": 9, ""data_science"": 0}",https://jobs.lever.co/shieldai/2ec57f9e-fde9-4e70-8cb5-e21eeb15abfb
lever,84623e5a-e496-4431-bc15-9bb92a080bc4,Shield AI,"Senior Software Engineer, Autonomous Pilot Integration – Emerging Domains (R5423)","Washington, DC",38.89511,-77.03637,Full Time Employee,onsite,,"{""electrical_engineering"": 9, ""computer_science"": 70, ""mechanical_engineering"": 0, ""civil_engineering"": 0, ""production_engineering"": 12, ""administration"": 9, ""data_science"": 0}",https://jobs.lever.co/shieldai/84623e5a-e496-4431-bc15-9bb92a080bc4
lever,3adca53e-1c7c-4036-9077-6320f0a69561,Shield AI,"Senior Software Engineer, Autonomous Pilot Integration – Expeditionary (R5208)","Washington, DC",38.89511,-77.03637,Full Time Employee,onsite,,"{""electrical_engineering"": 0, ""computer_science"": 70, ""mechanical_engineering"": 0, ""civil_engineering"": 0, ""production_engineering"": 9, ""administration"": 9, ""data_science"": 0}",https://jobs.lever.co/shieldai/3adca53e-1c7c-4036-9077-6320f0a69561
lever,52ea86e4-8495-4847-b26a-69c7e5b4c574,Shield AI,"Senior Software Engineer, Autonomous Pilot Integration – Weapons (R5427)","Washington, DC",38.89511,-77.03637,Full Time Employee,onsite,,"{""electrical_engineering"": 9, ""computer_science"": 70, ""mechanical_engineering"": 0, ""civil_engineering"": 0, ""production_engineering"": 12, ""administration"": 9, ""data_science"": 0}",https://jobs.lever.co/shieldai/52ea86e4-8495-4847-b26a-69c7e5b4c574
lever,aec9e538-6071-47c5-9c9b-8aadc0bd3f7e,Shield AI,"Senior Software Engineer, Autonomous Pilot Integration (R5200)","Washington, DC",38.89511,-77.03637,Full Time Employee,onsite,,"{""electrical_engineering"": 9, ""computer_science"": 70, ""mechanical_engineering"": 0, ""civil_engineering"": 0, ""production_engineering"": 12, ""administration"": 9, ""data_science"": 0}",https://jobs.lever.co/shieldai/aec9e538-6071-47c5-9c9b-8aadc0bd3f7e
lever,30d135cd-3193-4add-97b0-b228df883ecf,Shield AI,"Senior Software Engineer, Autonomous Pilot Integration (R5423)","San Mateo, California",14.6982,121.1236,Full Time Employee,onsite,,"{""electrical_engineering"": 9, ""computer_science"": 70, ""mechanical_engineering"": 0, ""civil_engineering"": 0, ""production_engineering"": 9, ""administration"": 9, ""data_science"": 0}",https://jobs.lever.co/shieldai/30d135cd-3193-4add-97b0-b228df883ecf
lever,c223a9c5-e3b3-4da1-b523-1b1045bdf296,Shield AI,"Senior Software Engineer, Autonomy Applications Engineering",New Delhi,28.65195,77.23149,International EOR,onsite,internship,"{""electrical_engineering"": 9, ""computer_science"": 70, ""mechanical_engineering"": 0, ""civil_engineering"": 0, ""production_engineering"": 9, ""administration"": 9, ""data_science"": 0}",https://jobs.lever.co/shieldai/c223a9c5-e3b3-4da1-b523-1b1045bdf296
lever,ccddd964-0a35-4650-9690-28d54b690298,Shield AI,"Senior Software Engineer, Autonomy Behaviors (R4588)","Boston, MA",42.35843,-71.05977,Full Time Employee,onsite,,"{""electrical_engineering"": 9, ""computer_science"": 70, ""mechanical_engineering"": 0, ""civil_engineering"": 9, ""production_engineering"": 12, ""administration"": 51, ""data_science"": 0}",https://jobs.lever.co/shieldai/ccddd964-0a35-4650-9690-28d54b690298
lever,718bc6cc-d498-49f6-88be-908e4ff63a45,Shield AI,"Senior Software Engineer, Autonomy Capabilities – Maritime (R5339)","Boston, MA",42.35843,-71.05977,Full Time Employee,onsite,,"{""electrical_engineering"": 9, ""computer_science"": 70, ""mechanical_engineering"": 0, ""civil_engineering"": 9, ""production_engineering"": 12, ""administration"": 51, ""data_science"": 0}",https://jobs.lever.co/shieldai/718bc6cc-d498-49f6-88be-908e4ff63a45
lever,cc7f8c05-cff0-4222-9319-db05c7d544f3,Shield AI,"Senior Software Engineer, Autonomy Capabilities – Space (R5338)","Boston, MA",42.35843,-71.05977,Full Time Employee,onsite,,"{""electrical_engineering"": 9, ""computer_science"": 70, ""mechanical_engineering"": 0, ""civil_engineering"": 9, ""production_engineering"": 12, ""administration"": 51, ""data_science"": 0}",https://jobs.lever.co/shieldai/cc7f8c05-cff0-4222-9319-db05c7d544f3
lever,39dff357-4eda-48fb-97b7-2bc14f0908b6,Shield AI,"Senior Software Engineer, Autonomy Capabilities (R5339)","San Mateo, California",14.6982,121.1236,Full Time Employee,onsite,,"{""electrical_engineering"": 9, ""computer_science"": 70, ""mechanical_engineering"": 0, ""civil_engineering"": 9, ""production_engineering"": 12, ""administration"": 51, ""data_science"": 0}",https://jobs.lever.co/shieldai/39dff357-4eda-48fb-97b7-2bc14f0908b6
lever,a6b11a01-e749-4b1a-90a4-828524ceb7a0,Shield AI,"Senior Software Engineer, Hardware Test (R4978)","Dallas, Texas",32.78306,-96.80667,Full Time Employee,onsite,,"{""electrical_engineering"": 17, ""computer_science"": 70, ""mechanical_engineering"": 12, ""civil_engineering"": 9, ""production_engineering"": 9, ""administration"": 9, ""data_science"": 0}",https://jobs.lever.co/shieldai/a6b11a01-e749-4b1a-90a4-828524ceb7a0
lever,4a3097fc-1423-4ec8-8cbf-fced60cc2ea5,Shield AI,"Senior Software Engineer, Networking & OS (R5488)","Dallas, Texas",32.78306,-96.80667,Full Time Employee,onsite,,"{""electrical_engineering"": 0, ""computer_science"": 70, ""mechanical_engineering"": 0, ""civil_engineering"": 9, ""production_engineering"": 9, ""administration"": 9, ""data_science"": 0}",https://jobs.lever.co/shieldai/4a3097fc-1423-4ec8-8cbf-fced60cc2ea5
lever,3587ad7b-e57a-4dea-8e14-db52d1808f40,Shield AI,"Senior Software Engineer, Perception (R5420)","Washington, DC",38.89511,-77.03637,Full Time Employee,onsite,,"{""electrical_engineering"": 0, ""computer_science"": 82, ""mechanical_engineering"": 0, ""civil_engineering"": 9, ""production_engineering"": 9, ""administration"": 9, ""data_science"": 51}",https://jobs.lever.co/shieldai/3587ad7b-e57a-4dea-8e14-db52d1808f40
lever,498f7d45-a951-45ad-aa7f-3f54bf3dd2bb,Shield AI,Senior Software Test and Automation Engineer (R4472),"San Diego, California",32.71571,-117.16472,Full Time Employee,onsite,,"{""electrical_engineering"": 17, ""computer_science"": 0, ""mechanical_engineering"": 0, ""civil_engineering"": 9, ""production_engineering"": 12, ""administration"": 9, ""data_science"": 0}",https://jobs.lever.co/shieldai/498f7d45-a951-45ad-aa7f-3f54bf3dd2bb
lever,cf9861ab-c6c3-4ad6-ac2c-6316f3dd0152,Shield AI,Senior Sourcing Specialist (R4734),"Seattle, Washington",47.60621,-122.33207,Full Time Employee,onsite,,"{""electrical_engineering"": 9, ""computer_science"": 0, ""mechanical_engineering"": 0, ""civil_engineering"": 0, ""production_engineering"": 12, ""administration"": 12, ""data_science"": 0}",https://jobs.lever.co/shieldai/cf9861ab-c6c3-4ad6-ac2c-6316f3dd0152
lever,01362014-0bca-4518-a6e2-a098f23d3ed2,Shield AI,Senior Sourcing Specialist (R5489),"Dallas, Texas",32.78306,-96.80667,Full Time Employee,onsite,,"{""electrical_engineering"": 9, ""computer_science"": 0, ""mechanical_engineering"": 0, ""civil_engineering"": 0, ""production_engineering"": 9, ""administration"": 9, ""data_science"": 0}",https://jobs.lever.co/shieldai/01362014-0bca-4518-a6e2-a098f23d3ed2
lever,ab1475b5-70fd-411a-990b-ddbb72324929,Shield AI,Senior Staff BD Account Executive - Autonomy Specialist - India,New Delhi,28.65195,77.23149,Full Time Employee,onsite,,"{""electrical_engineering"": 9, ""computer_science"": 0, ""mechanical_engineering"": 0, ""civil_engineering"": 0, ""production_engineering"": 9, ""administration"": 54, ""data_science"": 0}",https://jobs.lever.co/shieldai/ab1475b5-70fd-411a-990b-ddbb72324929
lever,b252cefb-8a6a-4cb7-8f5e-90d46926747e,Shield AI,Senior Staff BD Account Executive - Autonomy Specialist (R5001),Abu Dhabi,24.45118,54.39696,International Office Entity,onsite,internship,"{""electrical_engineering"": 9, ""computer_science"": 0, ""mechanical_engineering"": 0, ""civil_engineering"": 0, ""production_engineering"": 9, ""administration"": 54, ""data_science"": 0}",https://jobs.lever.co/shieldai/b252cefb-8a6a-4cb7-8f5e-90d46926747e
lever,0ac6634d-69d6-423c-b99c-02c02ed52f55,Shield AI,"Senior Staff BD Account Executive, Autonomy Specialist (R5123)",Seoul,37.566,126.9784,International EOR,onsite,internship,"{""electrical_engineering"": 0, ""computer_science"": 0, ""mechanical_engineering"": 0, ""civil_engineering"": 0, ""production_engineering"": 9, ""administration"": 9, ""data_science"": 0}",https://jobs.lever.co/shieldai/0ac6634d-69d6-423c-b99c-02c02ed52f55
lever,f14b7309-0674-4f18-8754-86d783049fed,Shield AI,"Senior Staff BD Account Executive, Hivemind - Army (R4794)","Washington, DC",38.89511,-77.03637,Full Time Employee,onsite,,"{""electrical_engineering"": 9, ""computer_science"": 0, ""mechanical_engineering"": 0, ""civil_engineering"": 0, ""production_engineering"": 9, ""administration"": 54, ""data_science"": 0}",https://jobs.lever.co/shieldai/f14b7309-0674-4f18-8754-86d783049fed
lever,8a292a29-1368-4f35-ab80-73754b9f5839,Shield AI,"Senior Staff BD Account Executive, Hivemind - Federal Civilian Agencies (R5589)","Washington, DC",38.89511,-77.03637,Full Time Employee,onsite,,"{""electrical_engineering"": 9, ""computer_science"": 0, ""mechanical_engineering"": 0, ""civil_engineering"": 0, ""production_engineering"": 9, ""administration"": 54, ""data_science"": 0}",https://jobs.lever.co/shieldai/8a292a29-1368-4f35-ab80-73754b9f5839
lever,ee614940-c594-41da-8432-8a677e21520d,Shield AI,Senior Staff Customer Sustainment Engineer (R5502),"San Diego, California",32.71571,-117.16472,Full Time Employee,onsite,,"{""electrical_engineering"": 0, ""computer_science"": 0, ""mechanical_engineering"": 0, ""civil_engineering"": 0, ""production_engineering"": 9, ""administration"": 9, ""data_science"": 0}",https://jobs.lever.co/shieldai/ee614940-c594-41da-8432-8a677e21520d
lever,6504c787-5aff-41ad-9104-2d251bf9eb12,Shield AI,"Senior Staff Cybersecurity Engineer, Platform Security (R5219)","San Diego, California",32.71571,-117.16472,Full Time Employee,onsite,,"{""electrical_engineering"": 0, ""computer_science"": 17, ""mechanical_engineering"": 0, ""civil_engineering"": 9, ""production_engineering"": 9, ""administration"": 9, ""data_science"": 0}",https://jobs.lever.co/shieldai/6504c787-5aff-41ad-9104-2d251bf9eb12
lever,247d37ed-a7fd-4e2a-94ce-28902ab26fbd,Shield AI,Senior Staff Deep Learning Engineer (R5675),Melbourne,-37.814,144.96332,International Office Entity,onsite,internship,"{""electrical_engineering"": 0, ""computer_science"": 0, ""mechanical_engineering"": 0, ""civil_engineering"": 0, ""production_engineering"": 9, ""administration"": 9, ""data_science"": 17}",https://jobs.lever.co/shieldai/247d37ed-a7fd-4e2a-94ce-28902ab26fbd
lever,fb943ed0-366b-4330-bde4-4a1e0989e7d1,Shield AI,"Senior Staff Engineer, Advanced Manufacturing","Seattle, Washington",47.60621,-122.33207,Full Time Employee,onsite,,"{""electrical_engineering"": 9, ""computer_science"": 0, ""mechanical_engineering"": 17, ""civil_engineering"": 9, ""production_engineering"": 12, ""administration"": 9, ""data_science"": 0}",https://jobs.lever.co/shieldai/fb943ed0-366b-4330-bde4-4a1e0989e7d1
lever,86c6e595-54b8-4e04-a50e-5676118ce77e,Shield AI,"Senior Staff Engineer, Autonomous Systems Integration (R5507)","San Diego, California",32.71571,-117.16472,Full Time Employee,onsite,,"{""electrical_engineering"": 12, ""computer_science"": 0, ""mechanical_engineering"": 0, ""civil_engineering"": 0, ""production_engineering"": 9, ""administration"": 9, ""data_science"": 0}",https://jobs.lever.co/shieldai/86c6e595-54b8-4e04-a50e-5676118ce77e
lever,042bdefc-dd82-4f5c-a966-06345a1a78d1,Shield AI,"Senior Staff Engineer, Autonomy (R5837)",Melbourne,-37.814,144.96332,International Office Entity,onsite,internship,"{""electrical_engineering"": 0, ""computer_science"": 0, ""mechanical_engineering"": 0, ""civil_engineering"": 0, ""production_engineering"": 9, ""administration"": 9, ""data_science"": 0}",https://jobs.lever.co/shieldai/042bdefc-dd82-4f5c-a966-06345a1a78d1
lever,2dd71f90-62a3-4855-a528-cb3c740efc9a,Shield AI,"Senior Staff Engineer, Autonomy and Motion Planning (R5538)",London,51.50853,-0.12574,International Office Entity,onsite,internship,"{""electrical_engineering"": 0, ""computer_science"": 0, ""mechanical_engineering"": 0, ""civil_engineering"": 0, ""production_engineering"": 17, ""administration"": 9, ""data_science"": 0}",https://jobs.lever.co/shieldai/2dd71f90-62a3-4855-a528-cb3c740efc9a
lever,d345caad-82d3-4d53-ba5f-c93882547f09,Shield AI,"Senior Staff Engineer, Autonomy Behaviors (R4073)","Washington, DC",38.89511,-77.03637,Full Time Employee,onsite,,"{""electrical_engineering"": 9, ""computer_science"": 0, ""mechanical_engineering"": 0, ""civil_engineering"": 9, ""production_engineering"": 12, ""administration"": 51, ""data_science"": 0}",https://jobs.lever.co/shieldai/d345caad-82d3-4d53-ba5f-c93882547f09
lever,df6458c2-8706-493d-8590-17b21608cb4a,Shield AI,"Senior Staff Engineer, Autonomy Capabilities – Maritime (R5363)","Washington, DC",38.89511,-77.03637,Full Time Employee,onsite,,"{""electrical_engineering"": 9, ""computer_science"": 0, ""mechanical_engineering"": 0, ""civil_engineering"": 9, ""production_engineering"": 12, ""administration"": 51, ""data_science"": 0}",https://jobs.lever.co/shieldai/df6458c2-8706-493d-8590-17b21608cb4a
lever,769cc40d-1eca-4aef-a560-eec86b2047ec,Shield AI,"Senior Staff Engineer, Autonomy Capabilities – Space (R5360)","Washington, DC",38.89511,-77.03637,Full Time Employee,onsite,,"{""electrical_engineering"": 9, ""computer_science"": 0, ""mechanical_engineering"": 0, ""civil_engineering"": 9, ""production_engineering"": 12, ""administration"": 51, ""data_science"": 0}",https://jobs.lever.co/shieldai/769cc40d-1eca-4aef-a560-eec86b2047ec
lever,ed94166e-4bf4-4e8d-a8ac-733855ed6ddb,Shield AI,"Senior Staff Engineer, Autonomy Software Integration & Test (R5539)",London,51.50853,-0.12574,International Office Entity,onsite,internship,"{""electrical_engineering"": 0, ""computer_science"": 0, ""mechanical_engineering"": 0, ""civil_engineering"": 0, ""production_engineering"": 9, ""administration"": 9, ""data_science"": 0}",https://jobs.lever.co/shieldai/ed94166e-4bf4-4e8d-a8ac-733855ed6ddb
lever,ebd0fc72-501b-48c3-969a-6864b8d3da43,Shield AI,"Senior Staff Engineer, C++ Software - Edge Systems (R5848)",Melbourne,-37.814,144.96332,International Office Entity,onsite,internship,"{""electrical_engineering"": 18, ""computer_science"": 42, ""mechanical_engineering"": 0, ""civil_engineering"": 0, ""production_engineering"": 9, ""administration"": 9, ""data_science"": 0}",https://jobs.lever.co/shieldai/ebd0fc72-501b-48c3-969a-6864b8d3da43
lever,1a2aa3ca-7742-4da0-bc9a-a804a70c8e7a,Shield AI,"Senior Staff Engineer, Communications Systems (R5623)","Seattle, Washington",47.60621,-122.33207,Full Time Employee,onsite,,"{""electrical_engineering"": 9, ""computer_science"": 0, ""mechanical_engineering"": 0, ""civil_engineering"": 0, ""production_engineering"": 9, ""administration"": 9, ""data_science"": 0}",https://jobs.lever.co/shieldai/1a2aa3ca-7742-4da0-bc9a-a804a70c8e7a
lever,4194504b-00d0-4ed3-9a47-d6205fdcd9fb,Shield AI,"Senior Staff Engineer, Computer Vision (C++) (R5197)",Melbourne,-37.814,144.96332,International Office Entity,hybrid,internship,"{""electrical_engineering"": 12, ""computer_science"": 73, ""mechanical_engineering"": 0, ""civil_engineering"": 9, ""production_engineering"": 9, ""administration"": 9, ""data_science"": 59}",https://jobs.lever.co/shieldai/4194504b-00d0-4ed3-9a47-d6205fdcd9fb
lever,041e8344-bf6c-4199-8568-4ccfbf5423ba,Shield AI,"Senior Staff Engineer, Discrete Planning (R5440)","San Diego, California",,,Full Time Employee,remote,,"{""electrical_engineering"": 0, ""computer_science"": 58, ""mechanical_engineering"": 0, ""civil_engineering"": 0, ""production_engineering"": 17, ""administration"": 9, ""data_science"": 9}",https://jobs.lever.co/shieldai/041e8344-bf6c-4199-8568-4ccfbf5423ba
lever,e1b78ed6-0a52-49e1-9014-735873dab5a5,Shield AI,"Senior Staff Engineer, Electrical (R5116)","Seattle, Washington",47.60621,-122.33207,Full Time Employee,onsite,,"{""electrical_engineering"": 54, ""computer_science"": 0, ""mechanical_engineering"": 0, ""civil_engineering"": 0, ""production_engineering"": 9, ""administration"": 9, ""data_science"": 0}",https://jobs.lever.co/shieldai/e1b78ed6-0a52-49e1-9014-735873dab5a5
lever,a71ef068-f820-4d86-aec3-956a7982c3b2,Shield AI,"Senior Staff Engineer, Electromechanical (R4583)","Seattle, Washington",47.60621,-122.33207,Full Time Employee,onsite,,"{""electrical_engineering"": 12, ""computer_science"": 0, ""mechanical_engineering"": 42, ""civil_engineering"": 0, ""production_engineering"": 9, ""administration"": 9, ""data_science"": 0}",https://jobs.lever.co/shieldai/a71ef068-f820-4d86-aec3-956a7982c3b2
lever,0bad72df-12eb-45bf-ba1c-9f76f40b26f6,Shield AI,"Senior Staff Engineer, GCS / Communications Systems (R5020)","San Diego, California",32.71571,-117.16472,Full Time Employee,onsite,,"{""electrical_engineering"": 0, ""computer_science"": 0, ""mechanical_engineering"": 0, ""civil_engineering"": 0, ""production_engineering"": 9, ""administration"": 9, ""data_science"": 0}",https://jobs.lever.co/shieldai/0bad72df-12eb-45bf-ba1c-9f76f40b26f6
lever,e949e412-bf17-416d-a460-291d20a2c599,Shield AI,"Senior Staff Engineer, Mechanical Test (R4413)","Seattle, Washington",47.60621,-122.33207,Full Time Employee,onsite,,"{""electrical_engineering"": 15, ""computer_science"": 9, ""mechanical_engineering"": 9, ""civil_engineering"": 9, ""production_engineering"": 9, ""administration"": 9, ""data_science"": 9}",https://jobs.lever.co/shieldai/e949e412-bf17-416d-a460-291d20a2c599
lever,f7a74d2f-09c3-4f0a-88a8-bce7bcd97263,Shield AI,"Senior Staff Engineer, Mission Architect (R5876)","Washington, DC",38.89511,-77.03637,Full Time Employee,onsite,,"{""electrical_engineering"": 9, ""computer_science"": 0, ""mechanical_engineering"": 0, ""civil_engineering"": 0, ""production_engineering"": 9, ""administration"": 12, ""data_science"": 0}",https://jobs.lever.co/shieldai/f7a74d2f-09c3-4f0a-88a8-bce7bcd97263
lever,0034444c-c0c4-4884-a49f-b921bd661b03,Shield AI,"Senior Staff Engineer, ML Ops (R4941)","San Diego, California",32.71571,-117.16472,Full Time Employee,onsite,,"{""electrical_engineering"": 0, ""computer_science"": 9, ""mechanical_engineering"": 0, ""civil_engineering"": 9, ""production_engineering"": 9, ""administration"": 12, ""data_science"": 0}",https://jobs.lever.co/shieldai/0034444c-c0c4-4884-a49f-b921bd661b03
lever,ddbab7c4-cb54-49f9-b9ab-fff244fdbdbe,Shield AI,"Senior Staff Engineer, ML Ops (R4941)","San Mateo, California",14.6982,121.1236,Full Time Employee,onsite,,"{""electrical_engineering"": 0, ""computer_science"": 9, ""mechanical_engineering"": 0, ""civil_engineering"": 9, ""production_engineering"": 9, ""administration"": 12, ""data_science"": 0}",https://jobs.lever.co/shieldai/ddbab7c4-cb54-49f9-b9ab-fff244fdbdbe
lever,b8d0f420-0711-4ca4-9d0f-11d58da64f32,Shield AI,"Senior Staff Engineer, Modelling and Simulation (R4924)",Melbourne,-37.814,144.96332,Full Time Employee,onsite,,"{""electrical_engineering"": 9, ""computer_science"": 0, ""mechanical_engineering"": 0, ""civil_engineering"": 0, ""production_engineering"": 9, ""administration"": 9, ""data_science"": 0}",https://jobs.lever.co/shieldai/b8d0f420-0711-4ca4-9d0f-11d58da64f32
lever,9f71126e-081a-4747-a0ef-52fe01e0f085,Shield AI,"Senior Staff Engineer, Operations Analysis (R4759)","Seattle, Washington",47.60621,-122.33207,Full Time Employee,onsite,,"{""electrical_engineering"": 9, ""computer_science"": 9, ""mechanical_engineering"": 0, ""civil_engineering"": 0, ""production_engineering"": 17, ""administration"": 17, ""data_science"": 42}",https://jobs.lever.co/shieldai/9f71126e-081a-4747-a0ef-52fe01e0f085
lever,bcfc1625-84df-47a6-8f65-bed69b14418e,Shield AI,"Senior Staff Engineer, PCB Design (R5752)","Seattle, Washington",47.60621,-122.33207,Full Time Employee,onsite,,"{""electrical_engineering"": 17, ""computer_science"": 0, ""mechanical_engineering"": 9, ""civil_engineering"": 0, ""production_engineering"": 12, ""administration"": 9, ""data_science"": 0}",https://jobs.lever.co/shieldai/bcfc1625-84df-47a6-8f65-bed69b14418e
lever,25011392-094f-482c-b007-f307fb8c4f9f,Shield AI,"Senior Staff Engineer, Software - Autonomous Aircraft Integration (R4983)","Washington, DC",38.89511,-77.03637,Full Time Employee,onsite,,"{""electrical_engineering"": 9, ""computer_science"": 0, ""mechanical_engineering"": 0, ""civil_engineering"": 0, ""production_engineering"": 9, ""administration"": 9, ""data_science"": 0}",https://jobs.lever.co/shieldai/25011392-094f-482c-b007-f307fb8c4f9f
lever,0a4c3e5c-3b63-4f16-a483-3a8247f78228,Shield AI,"Senior Staff Engineer, Software Autonomy (R5125)",New Delhi,28.65195,77.23149,International Office Entity,onsite,internship,"{""electrical_engineering"": 9, ""computer_science"": 42, ""mechanical_engineering"": 0, ""civil_engineering"": 0, ""production_engineering"": 9, ""administration"": 9, ""data_science"": 0}",https://jobs.lever.co/shieldai/0a4c3e5c-3b63-4f16-a483-3a8247f78228
lever,29d5b3ec-2401-4b2c-9571-5fa6fecb6c0c,Shield AI,"Senior Staff Engineer, Structural Analysis (R4954)","Seattle, Washington",47.60621,-122.33207,Full Time Employee,onsite,,"{""electrical_engineering"": 9, ""computer_science"": 0, ""mechanical_engineering"": 9, ""civil_engineering"": 9, ""production_engineering"": 9, ""administration"": 9, ""data_science"": 0}",https://jobs.lever.co/shieldai/29d5b3ec-2401-4b2c-9571-5fa6fecb6c0c
lever,17a5ac9a-3f4c-45c0-91ef-e552afc247a7,Shield AI,"Senior Staff Engineer, Structures - Launch Recovery Vehicle (R4765)","Seattle, Washington",47.60621,-122.33207,,onsite,,"{""electrical_engineering"": 0, ""computer_science"": 0, ""mechanical_engineering"": 12, ""civil_engineering"": 17, ""production_engineering"": 9, ""administration"": 9, ""data_science"": 0}",https://jobs.lever.co/shieldai/17a5ac9a-3f4c-45c0-91ef-e552afc247a7
lever,c3703339-0aa5-4d0d-92f9-4c2e2882f7a4,Shield AI,"Senior Staff Engineer, Survivability Materials",United States,,,Full Time Employee,onsite,,"{""electrical_engineering"": 9, ""computer_science"": 0, ""mechanical_engineering"": 12, ""civil_engineering"": 0, ""production_engineering"": 15, ""administration"": 9, ""data_science"": 0}",https://jobs.lever.co/shieldai/c3703339-0aa5-4d0d-92f9-4c2e2882f7a4
lever,16461fb3-7163-45c0-b115-3edda60ae289,Shield AI,"Senior Staff Engineer, System Architect (R5843)","San Diego, California",32.71571,-117.16472,Full Time Employee,onsite,,"{""electrical_engineering"": 12, ""computer_science"": 9, ""mechanical_engineering"": 0, ""civil_engineering"": 9, ""production_engineering"": 9, ""administration"": 9, ""data_science"": 0}",https://jobs.lever.co/shieldai/16461fb3-7163-45c0-b115-3edda60ae289
lever,8528a928-79a7-46ad-93d6-25d3fdabbc4b,Shield AI,"Senior Staff Engineer, Systems",Melbourne,-37.814,144.96332,International Office Entity,onsite,internship,"{""electrical_engineering"": 0, ""computer_science"": 0, ""mechanical_engineering"": 0, ""civil_engineering"": 0, ""production_engineering"": 9, ""administration"": 9, ""data_science"": 0}",https://jobs.lever.co/shieldai/8528a928-79a7-46ad-93d6-25d3fdabbc4b
lever,4a63c673-bd68-4839-ba4b-b394bc6741e2,Shield AI,"Senior Staff Engineer, Systems Integration (R5415)","San Diego, California",32.71571,-117.16472,Full Time Employee,onsite,,"{""electrical_engineering"": 0, ""computer_science"": 49, ""mechanical_engineering"": 0, ""civil_engineering"": 0, ""production_engineering"": 9, ""administration"": 9, ""data_science"": 0}",https://jobs.lever.co/shieldai/4a63c673-bd68-4839-ba4b-b394bc6741e2
lever,87f4734b-fff5-461b-a90a-6cc65c9bb972,Shield AI,"Senior Staff Engineer, Test Director (R5445)",United States,,,Full Time Employee,onsite,,"{""electrical_engineering"": 0, ""computer_science"": 0, ""mechanical_engineering"": 0, ""civil_engineering"": 0, ""production_engineering"": 9, ""administration"": 9, ""data_science"": 0}",https://jobs.lever.co/shieldai/87f4734b-fff5-461b-a90a-6cc65c9bb972
lever,29306b5d-7c93-4378-a63c-e2b726d80ef0,Shield AI,"Senior Staff Engineer, Weapons Systems (R5019)","Seattle, Washington",47.60621,-122.33207,Full Time Employee,onsite,,"{""electrical_engineering"": 9, ""computer_science"": 0, ""mechanical_engineering"": 0, ""civil_engineering"": 0, ""production_engineering"": 9, ""administration"": 9, ""data_science"": 0}",https://jobs.lever.co/shieldai/29306b5d-7c93-4378-a63c-e2b726d80ef0
lever,dc00fbe8-d102-48b7-9c5f-e0b977b506b2,Shield AI,Senior Staff Field Solutions Engineer (R5321),"Dallas, Texas",32.78306,-96.80667,Full Time Employee,onsite,,"{""electrical_engineering"": 0, ""computer_science"": 0, ""mechanical_engineering"": 0, ""civil_engineering"": 0, ""production_engineering"": 9, ""administration"": 54, ""data_science"": 0}",https://jobs.lever.co/shieldai/dc00fbe8-d102-48b7-9c5f-e0b977b506b2
lever,abb35952-fefb-4893-9241-1bae2303070c,Shield AI,Senior Staff Lab Manager (R5090),"Seattle, Washington",47.60621,-122.33207,Full Time Employee,onsite,,"{""electrical_engineering"": 9, ""computer_science"": 49, ""mechanical_engineering"": 0, ""civil_engineering"": 9, ""production_engineering"": 9, ""administration"": 12, ""data_science"": 0}",https://jobs.lever.co/shieldai/abb35952-fefb-4893-9241-1bae2303070c
lever,fea7a624-ed27-4d31-9c98-276b42372c54,Shield AI,Senior Staff Lead Site Reliability Engineer (R5803),"San Diego, California",32.71571,-117.16472,Full Time Employee,onsite,,"{""electrical_engineering"": 0, ""computer_science"": 9, ""mechanical_engineering"": 0, ""civil_engineering"": 9, ""production_engineering"": 9, ""administration"": 9, ""data_science"": 0}",https://jobs.lever.co/shieldai/fea7a624-ed27-4d31-9c98-276b42372c54
lever,b63b3f50-9b7b-42c0-8a9d-f3ba4ed1f099,Shield AI,Senior Staff Network Engineer (R4843),"Seattle, Washington",47.60621,-122.33207,Full Time Employee,onsite,,"{""electrical_engineering"": 9, ""computer_science"": 9, ""mechanical_engineering"": 0, ""civil_engineering"": 12, ""production_engineering"": 9, ""administration"": 9, ""data_science"": 0}",https://jobs.lever.co/shieldai/b63b3f50-9b7b-42c0-8a9d-f3ba4ed1f099
lever,fd347d9c-3dc1-401e-aec2-43b5b38bc260,Shield AI,Senior Staff Propulsion Engineer (TVC) (X-BAT) (R4160),"Dallas, Texas",32.78306,-96.80667,Full Time Employee,onsite,,"{""electrical_engineering"": 9, ""computer_science"": 0, ""mechanical_engineering"": 0, ""civil_engineering"": 0, ""production_engineering"": 12, ""administration"": 9, ""data_science"": 0}",https://jobs.lever.co/shieldai/fd347d9c-3dc1-401e-aec2-43b5b38bc260
lever,8ac9d2c9-d98a-4d7a-a5b5-5a94ec2c5d7a,Shield AI,"Senior Staff PX Business Partner - Software, Products & Services (R4850)","San Mateo, California",14.6982,121.1236,Full Time Employee,hybrid,,"{""electrical_engineering"": 9, ""computer_science"": 0, ""mechanical_engineering"": 0, ""civil_engineering"": 0, ""production_engineering"": 12, ""administration"": 79, ""data_science"": 0}",https://jobs.lever.co/shieldai/8ac9d2c9-d98a-4d7a-a5b5-5a94ec2c5d7a
lever,cfc41052-1dd6-47d7-b377-3e629a991d45,Shield AI,"Senior Staff Software Engineer, Autonomous Pilot Integration –  Emerging Domains (R5398)","Washington, DC",38.89511,-77.03637,Full Time Employee,onsite,,"{""electrical_engineering"": 9, ""computer_science"": 70, ""mechanical_engineering"": 0, ""civil_engineering"": 0, ""production_engineering"": 12, ""administration"": 9, ""data_science"": 0}",https://jobs.lever.co/shieldai/cfc41052-1dd6-47d7-b377-3e629a991d45
lever,8b13cc38-809d-4aac-a778-a374a3d99167,Shield AI,"Senior Staff Software Engineer, Autonomous Pilot Integration –  Weapons (R5398)","Washington, DC",38.89511,-77.03637,Full Time Employee,onsite,,"{""electrical_engineering"": 9, ""computer_science"": 70, ""mechanical_engineering"": 0, ""civil_engineering"": 0, ""production_engineering"": 12, ""administration"": 9, ""data_science"": 0}",https://jobs.lever.co/shieldai/8b13cc38-809d-4aac-a778-a374a3d99167
lever,d989b35b-3bcb-4a73-b11c-1e53c4303d86,Shield AI,"Senior Staff Software Engineer, Autonomous Pilot Integration – Expeditionary (R5193)","Washington, DC",38.89511,-77.03637,Full Time Employee,onsite,,"{""electrical_engineering"": 0, ""computer_science"": 70, ""mechanical_engineering"": 0, ""civil_engineering"": 0, ""production_engineering"": 9, ""administration"": 9, ""data_science"": 0}",https://jobs.lever.co/shieldai/d989b35b-3bcb-4a73-b11c-1e53c4303d86
lever,cd2da1f3-502e-44cd-9bea-38ffd09c4413,Shield AI,"Senior Staff Software Engineer, Autonomous Pilot Integration (R5193)","Washington, DC",38.89511,-77.03637,Full Time Employee,onsite,,"{""electrical_engineering"": 9, ""computer_science"": 70, ""mechanical_engineering"": 0, ""civil_engineering"": 0, ""production_engineering"": 12, ""administration"": 9, ""data_science"": 0}",https://jobs.lever.co/shieldai/cd2da1f3-502e-44cd-9bea-38ffd09c4413
lever,bb87c070-f5bb-41ea-80e5-76e6f7f07a4e,Shield AI,"Senior Staff Software Engineer, Autonomous Pilot Integration (R5402)","San Mateo, California",14.6982,121.1236,Full Time Employee,onsite,,"{""electrical_engineering"": 9, ""computer_science"": 70, ""mechanical_engineering"": 0, ""civil_engineering"": 0, ""production_engineering"": 12, ""administration"": 9, ""data_science"": 0}",https://jobs.lever.co/shieldai/bb87c070-f5bb-41ea-80e5-76e6f7f07a4e
lever,40edd151-badd-47c1-8647-203c4a4f30ec,Shield AI,"Senior Staff Software Engineer, Autonomy Capabilities (R4587)","San Mateo, California",14.6982,121.1236,Full Time Employee,onsite,,"{""electrical_engineering"": 9, ""computer_science"": 70, ""mechanical_engineering"": 0, ""civil_engineering"": 9, ""production_engineering"": 12, ""administration"": 51, ""data_science"": 0}",https://jobs.lever.co/shieldai/40edd151-badd-47c1-8647-203c4a4f30ec
lever,e8311cd4-6b45-473b-abba-c9cfdcac615e,Shield AI,"Senior Staff Software Engineer, Perception (R4985)","Washington, DC",38.89511,-77.03637,Full Time Employee,onsite,,"{""electrical_engineering"": 0, ""computer_science"": 82, ""mechanical_engineering"": 0, ""civil_engineering"": 9, ""production_engineering"": 9, ""administration"": 9, ""data_science"": 51}",https://jobs.lever.co/shieldai/e8311cd4-6b45-473b-abba-c9cfdcac615e
lever,6b190f15-b33e-40d7-99b3-e88881374a40,Shield AI,Senior Staff Talent Sourcer - G&A,"Dallas, Texas",32.78306,-96.80667,Full Time Employee,hybrid,,"{""electrical_engineering"": 0, ""computer_science"": 0, ""mechanical_engineering"": 0, ""civil_engineering"": 0, ""production_engineering"": 9, ""administration"": 15, ""data_science"": 0}",https://jobs.lever.co/shieldai/6b190f15-b33e-40d7-99b3-e88881374a40
lever,1e013d7b-2ddb-4a0f-8969-d99abda57207,Shield AI,Senior Staff Technical Program Manager (R5215),"San Diego, California",32.71571,-117.16472,Full Time Employee,onsite,,"{""electrical_engineering"": 9, ""computer_science"": 0, ""mechanical_engineering"": 0, ""civil_engineering"": 0, ""production_engineering"": 12, ""administration"": 9, ""data_science"": 0}",https://jobs.lever.co/shieldai/1e013d7b-2ddb-4a0f-8969-d99abda57207
lever,1b426f99-613d-4d86-9a04-d94a26403389,Shield AI,Senior Staff Technical Program Manager (R5270),"Washington, DC",38.89511,-77.03637,Full Time Employee,onsite,,"{""electrical_engineering"": 0, ""computer_science"": 0, ""mechanical_engineering"": 0, ""civil_engineering"": 0, ""production_engineering"": 9, ""administration"": 54, ""data_science"": 0}",https://jobs.lever.co/shieldai/1b426f99-613d-4d86-9a04-d94a26403389
lever,2dc37d83-e2b1-4417-950f-869bd61f7858,Shield AI,Senior Staff Technical Program Manager (R5595),Melbourne,-37.814,144.96332,International Office Entity,onsite,internship,"{""electrical_engineering"": 0, ""computer_science"": 0, ""mechanical_engineering"": 0, ""civil_engineering"": 0, ""production_engineering"": 9, ""administration"": 9, ""data_science"": 0}",https://jobs.lever.co/shieldai/2dc37d83-e2b1-4417-950f-869bd61f7858
lever,6b372289-c8df-40ff-9d36-98926dc7fa8c,Shield AI,Senior Staff Verification and Validation Engineer (R4835),"Dallas, Texas",32.78306,-96.80667,Full Time Employee,onsite,,"{""electrical_engineering"": 9, ""computer_science"": 0, ""mechanical_engineering"": 0, ""civil_engineering"": 0, ""production_engineering"": 9, ""administration"": 9, ""data_science"": 0}",https://jobs.lever.co/shieldai/6b372289-c8df-40ff-9d36-98926dc7fa8c
lever,c48fbf30-85a1-48a0-9c3f-253b5ce8609c,Shield AI,"Senior Supervisor, Engineering Technician (R5375)","Dallas, Texas",32.78306,-96.80667,Full Time Employee,onsite,,"{""electrical_engineering"": 64, ""computer_science"": 0, ""mechanical_engineering"": 42, ""civil_engineering"": 0, ""production_engineering"": 15, ""administration"": 9, ""data_science"": 0}",https://jobs.lever.co/shieldai/c48fbf30-85a1-48a0-9c3f-253b5ce8609c
lever,262ee1a9-2588-4047-987c-91d1f11b14dd,Shield AI,Senior Systems Administrator (R5378),United States,,,Full Time Employee,onsite,,"{""electrical_engineering"": 9, ""computer_science"": 9, ""mechanical_engineering"": 0, ""civil_engineering"": 0, ""production_engineering"": 9, ""administration"": 9, ""data_science"": 0}",https://jobs.lever.co/shieldai/262ee1a9-2588-4047-987c-91d1f11b14dd
lever,e3ca5550-3f67-4c68-89c8-a437ac41cfda,Shield AI,Senior Systems Administrator (R5443),"San Diego, California",32.71571,-117.16472,Full Time Employee,onsite,,"{""electrical_engineering"": 0, ""computer_science"": 9, ""mechanical_engineering"": 0, ""civil_engineering"": 9, ""production_engineering"": 9, ""administration"": 51, ""data_science"": 0}",https://jobs.lever.co/shieldai/e3ca5550-3f67-4c68-89c8-a437ac41cfda
lever,e6ca46cf-f820-480c-927f-da1ca7912e80,Shield AI,Senior Systems Engineer - Autonomy & Software,London,51.50853,-0.12574,Full Time Employee,hybrid,,"{""electrical_engineering"": 9, ""computer_science"": 58, ""mechanical_engineering"": 0, ""civil_engineering"": 0, ""production_engineering"": 0, ""administration"": 0, ""data_science"": 9}",https://jobs.lever.co/shieldai/e6ca46cf-f820-480c-927f-da1ca7912e80
lever,fc6f9e65-4928-4523-ab19-bf955465cd90,Shield AI,Senior Talent Sourcer,Melbourne,-37.814,144.96332,International EOR,onsite,internship,"{""electrical_engineering"": 0, ""computer_science"": 0, ""mechanical_engineering"": 0, ""civil_engineering"": 0, ""production_engineering"": 9, ""administration"": 12, ""data_science"": 0}",https://jobs.lever.co/shieldai/fc6f9e65-4928-4523-ab19-bf955465cd90
lever,11876020-2e25-418c-990d-e27f9df7d456,Shield AI,Senior Technical Program Manager,Kyiv,50.45466,30.5238,Full Time Employee,onsite,,"{""electrical_engineering"": 0, ""computer_science"": 0, ""mechanical_engineering"": 0, ""civil_engineering"": 0, ""production_engineering"": 0, ""administration"": 0, ""data_science"": 0}",https://jobs.lever.co/shieldai/11876020-2e25-418c-990d-e27f9df7d456
lever,6b500b70-dca1-41aa-a283-ce36d0b02a65,Shield AI,Senior Technical Program Manager,Lviv,49.83826,24.02324,Full Time Employee,onsite,,"{""electrical_engineering"": 0, ""computer_science"": 0, ""mechanical_engineering"": 0, ""civil_engineering"": 0, ""production_engineering"": 0, ""administration"": 0, ""data_science"": 0}",https://jobs.lever.co/shieldai/6b500b70-dca1-41aa-a283-ce36d0b02a65
lever,52bfd55b-d539-4af1-b8bf-dbd2ccf12161,Shield AI,"Senior V-BAT Air Vehicle Operator, Deployed Operations Site Lead","Dallas, Texas",32.78306,-96.80667,Full Time Employee,onsite,,"{""electrical_engineering"": 9, ""computer_science"": 0, ""mechanical_engineering"": 0, ""civil_engineering"": 0, ""production_engineering"": 17, ""administration"": 17, ""data_science"": 0}",https://jobs.lever.co/shieldai/52bfd55b-d539-4af1-b8bf-dbd2ccf12161
lever,6b2673d1-a8e1-4c9b-a9c4-7e1098ae9536,Shield AI,Senior Vibrations Test Engineer (R5091),"Dallas, Texas",32.78306,-96.80667,Full Time Employee,onsite,,"{""electrical_engineering"": 12, ""computer_science"": 0, ""mechanical_engineering"": 0, ""civil_engineering"": 0, ""production_engineering"": 9, ""administration"": 9, ""data_science"": 0}",https://jobs.lever.co/shieldai/6b2673d1-a8e1-4c9b-a9c4-7e1098ae9536
lever,7e80ee36-5e20-4a4b-ba65-87d43db66cd6,Shield AI,"Senior/Staff Engineer, C++ Software - Edge Systems (R5191)",Melbourne,-37.814,144.96332,International Office Entity,onsite,internship,"{""electrical_engineering"": 18, ""computer_science"": 49, ""mechanical_engineering"": 0, ""civil_engineering"": 0, ""production_engineering"": 9, ""administration"": 9, ""data_science"": 0}",https://jobs.lever.co/shieldai/7e80ee36-5e20-4a4b-ba65-87d43db66cd6
lever,2d960223-872f-4fe3-bce7-f8e2eac6e990,Shield AI,Simulation Specialist (R5374),Melbourne,-37.814,144.96332,International Office Entity,onsite,internship,"{""electrical_engineering"": 0, ""computer_science"": 0, ""mechanical_engineering"": 0, ""civil_engineering"": 0, ""production_engineering"": 9, ""administration"": 15, ""data_science"": 0}",https://jobs.lever.co/shieldai/2d960223-872f-4fe3-bce7-f8e2eac6e990
lever,dc5f3c97-0b1f-4fc7-bd7e-b4a8504486b5,Shield AI,"Simulation Specialist, India",New Delhi,28.65195,77.23149,Full Time Employee,onsite,,"{""electrical_engineering"": 0, ""computer_science"": 0, ""mechanical_engineering"": 0, ""civil_engineering"": 0, ""production_engineering"": 9, ""administration"": 15, ""data_science"": 0}",https://jobs.lever.co/shieldai/dc5f3c97-0b1f-4fc7-bd7e-b4a8504486b5
lever,2beb3eac-d28f-4338-bebd-9be073d67b28,Shield AI,"Simulation Specialist, UAE (R5860)",Abu Dhabi,24.45118,54.39696,Full Time Employee,onsite,,"{""electrical_engineering"": 0, ""computer_science"": 0, ""mechanical_engineering"": 0, ""civil_engineering"": 0, ""production_engineering"": 9, ""administration"": 57, ""data_science"": 0}",https://jobs.lever.co/shieldai/2beb3eac-d28f-4338-bebd-9be073d67b28
lever,b682f55e-ca09-444b-8251-38422567ada8,Shield AI,"Software Engineer II, Autonomy Behaviors (R5202)","Boston, MA",42.35843,-71.05977,Full Time Employee,onsite,,"{""electrical_engineering"": 9, ""computer_science"": 70, ""mechanical_engineering"": 0, ""civil_engineering"": 9, ""production_engineering"": 12, ""administration"": 51, ""data_science"": 0}",https://jobs.lever.co/shieldai/b682f55e-ca09-444b-8251-38422567ada8
lever,de2e2ed1-0cf5-4333-bd1e-302bce4253be,Shield AI,"Sr Director Engineering, V-BAT","Dallas, Texas",32.78306,-96.80667,Full Time Employee,onsite,,"{""electrical_engineering"": 12, ""computer_science"": 0, ""mechanical_engineering"": 9, ""civil_engineering"": 0, ""production_engineering"": 9, ""administration"": 9, ""data_science"": 0}",https://jobs.lever.co/shieldai/de2e2ed1-0cf5-4333-bd1e-302bce4253be
lever,5f2f9fff-7702-415f-aa22-2d48d3e0f32a,Shield AI,Sr Lead FP&A - Aircraft (R5609),"Dallas, Texas",32.78306,-96.80667,Full Time Employee,onsite,,"{""electrical_engineering"": 0, ""computer_science"": 0, ""mechanical_engineering"": 0, ""civil_engineering"": 0, ""production_engineering"": 12, ""administration"": 51, ""data_science"": 0}",https://jobs.lever.co/shieldai/5f2f9fff-7702-415f-aa22-2d48d3e0f32a
lever,950c7cc3-bd36-4654-9c2d-786d4dee114c,Shield AI,Sr Lead FP&A - Procurement (R4808),"Dallas, Texas",32.78306,-96.80667,Full Time Employee,onsite,,"{""electrical_engineering"": 0, ""computer_science"": 0, ""mechanical_engineering"": 0, ""civil_engineering"": 0, ""production_engineering"": 15, ""administration"": 17, ""data_science"": 0}",https://jobs.lever.co/shieldai/950c7cc3-bd36-4654-9c2d-786d4dee114c
lever,fbf3de07-810f-4e45-a2b6-4a14eeaa189b,Shield AI,"Sr Manager, Aerostructures Design,  X-BAT","Seattle, Washington",47.60621,-122.33207,Full Time Employee,onsite,,"{""electrical_engineering"": 12, ""computer_science"": 0, ""mechanical_engineering"": 9, ""civil_engineering"": 17, ""production_engineering"": 9, ""administration"": 9, ""data_science"": 0}",https://jobs.lever.co/shieldai/fbf3de07-810f-4e45-a2b6-4a14eeaa189b
lever,eb301146-1229-4f63-b82b-dac764382c21,Shield AI,Sr Metrology Engineer (R4960),"Dallas, Texas",32.78306,-96.80667,Full Time Employee,onsite,,"{""electrical_engineering"": 12, ""computer_science"": 0, ""mechanical_engineering"": 12, ""civil_engineering"": 0, ""production_engineering"": 15, ""administration"": 12, ""data_science"": 0}",https://jobs.lever.co/shieldai/eb301146-1229-4f63-b82b-dac764382c21
lever,d74db25f-bd3d-4f69-b76e-98697791acef,Shield AI,Sr Proposal Manager - Taiwan,Taipei,25.05306,121.52639,Full Time Employee,hybrid,,"{""electrical_engineering"": 9, ""computer_science"": 0, ""mechanical_engineering"": 0, ""civil_engineering"": 0, ""production_engineering"": 9, ""administration"": 54, ""data_science"": 0}",https://jobs.lever.co/shieldai/d74db25f-bd3d-4f69-b76e-98697791acef
lever,10fac21b-fceb-4e91-b3db-8ec09c6b40c1,Shield AI,Sr Proposal Manager (R5816),"San Diego, California",,,Full Time Employee,remote,,"{""electrical_engineering"": 9, ""computer_science"": 0, ""mechanical_engineering"": 0, ""civil_engineering"": 0, ""production_engineering"": 9, ""administration"": 57, ""data_science"": 0}",https://jobs.lever.co/shieldai/10fac21b-fceb-4e91-b3db-8ec09c6b40c1
lever,82c76801-8efa-4063-ba5a-9f305d2c5dc4,Shield AI,Sr. Program Manager - People Experience (R5452),"Washington, DC",38.89511,-77.03637,Full Time Employee,onsite,,"{""electrical_engineering"": 0, ""computer_science"": 0, ""mechanical_engineering"": 0, ""civil_engineering"": 0, ""production_engineering"": 9, ""administration"": 54, ""data_science"": 0}",https://jobs.lever.co/shieldai/82c76801-8efa-4063-ba5a-9f305d2c5dc4
lever,198b40c1-a37e-4123-9e02-ed955f55b623,Shield AI,"Sr. Staff BD Account Executive - Autonomy Specialist, Japan (R5096)",Tokyo,,,International EOR,remote,internship,"{""electrical_engineering"": 9, ""computer_science"": 0, ""mechanical_engineering"": 0, ""civil_engineering"": 0, ""production_engineering"": 9, ""administration"": 54, ""data_science"": 0}",https://jobs.lever.co/shieldai/198b40c1-a37e-4123-9e02-ed955f55b623
lever,7a28d334-dc1e-4db8-a9fa-ea0946a6d0b7,Shield AI,"Sr. Staff BD Account Executive - Autonomy Specialist, Taiwan (R5097)",Taipei,25.05306,121.52639,International EOR,onsite,internship,"{""electrical_engineering"": 9, ""computer_science"": 0, ""mechanical_engineering"": 0, ""civil_engineering"": 0, ""production_engineering"": 9, ""administration"": 54, ""data_science"": 0}",https://jobs.lever.co/shieldai/7a28d334-dc1e-4db8-a9fa-ea0946a6d0b7
lever,45ea9010-a429-4a28-b2d0-311af12a342e,Shield AI,Sr. Staff Electrical Engineer - BlueSky (R5838),Remote,,,Full Time Employee,remote,,"{""electrical_engineering"": 82, ""computer_science"": 0, ""mechanical_engineering"": 0, ""civil_engineering"": 0, ""production_engineering"": 12, ""administration"": 9, ""data_science"": 0}",https://jobs.lever.co/shieldai/45ea9010-a429-4a28-b2d0-311af12a342e
lever,b3bb2565-135f-4bb7-93b3-2599bab544dc,Shield AI,"Sr. Staff Engineer, GNC - BlueSky (R5798)",Remote,,,Full Time Employee,remote,,"{""electrical_engineering"": 12, ""computer_science"": 49, ""mechanical_engineering"": 9, ""civil_engineering"": 0, ""production_engineering"": 9, ""administration"": 9, ""data_science"": 0}",https://jobs.lever.co/shieldai/b3bb2565-135f-4bb7-93b3-2599bab544dc
lever,93e815f8-9eed-45e0-a7da-b6438c37b9c8,Shield AI,Sr. Staff Lead Site Reliability Engineer (R5803),"San Mateo, California",14.6982,121.1236,Full Time Employee,onsite,,"{""electrical_engineering"": 0, ""computer_science"": 9, ""mechanical_engineering"": 0, ""civil_engineering"": 9, ""production_engineering"": 9, ""administration"": 9, ""data_science"": 0}",https://jobs.lever.co/shieldai/93e815f8-9eed-45e0-a7da-b6438c37b9c8
lever,1aa1c3ee-577a-419a-89fd-1f9815691858,Shield AI,Sr. Staff Mechanical Engineer - BlueSky (R5825),Remote,,,Full Time Employee,remote,,"{""electrical_engineering"": 15, ""computer_science"": 0, ""mechanical_engineering"": 91, ""civil_engineering"": 9, ""production_engineering"": 15, ""administration"": 9, ""data_science"": 0}",https://jobs.lever.co/shieldai/1aa1c3ee-577a-419a-89fd-1f9815691858
lever,0395a275-3a5d-4454-b981-8f475092bc44,Shield AI,"Sr. Staff Platform/Data Reliability Engineer, Databricks (R5537)",Remote,,,Full Time Employee,remote,,"{""electrical_engineering"": 0, ""computer_science"": 0, ""mechanical_engineering"": 0, ""civil_engineering"": 0, ""production_engineering"": 9, ""administration"": 9, ""data_science"": 0}",https://jobs.lever.co/shieldai/0395a275-3a5d-4454-b981-8f475092bc44
lever,eef811a9-5e6d-44af-9ee2-f4259de7aeee,Shield AI,Sr. Staff Thermal Engineer - Aircraft Avionics & Thermal Systems (R3930),"Seattle, Washington",47.60621,-122.33207,Full Time Employee,onsite,,"{""electrical_engineering"": 17, ""computer_science"": 0, ""mechanical_engineering"": 9, ""civil_engineering"": 0, ""production_engineering"": 9, ""administration"": 9, ""data_science"": 0}",https://jobs.lever.co/shieldai/eef811a9-5e6d-44af-9ee2-f4259de7aeee
lever,3b688ab2-7fd2-450b-86cc-eada11e06d66,Shield AI,Staff Aerostructures Design Engineer (R4955),"Seattle, Washington",47.60621,-122.33207,Full Time Employee,onsite,,"{""electrical_engineering"": 9, ""computer_science"": 0, ""mechanical_engineering"": 58, ""civil_engineering"": 17, ""production_engineering"": 9, ""administration"": 9, ""data_science"": 0}",https://jobs.lever.co/shieldai/3b688ab2-7fd2-450b-86cc-eada11e06d66
lever,04df761d-632e-4398-8fc6-47ec02be580c,Shield AI,Staff Aerostructures Design Engineer (R5159),"Seattle, Washington",47.60621,-122.33207,Full Time Employee,onsite,,"{""electrical_engineering"": 9, ""computer_science"": 0, ""mechanical_engineering"": 58, ""civil_engineering"": 17, ""production_engineering"": 9, ""administration"": 9, ""data_science"": 0}",https://jobs.lever.co/shieldai/04df761d-632e-4398-8fc6-47ec02be580c
lever,a1703b54-4856-4369-8a41-142e22bb8a34,Shield AI,Staff Aerostructures Design Engineer (R5160),"Seattle, Washington",47.60621,-122.33207,Full Time Employee,onsite,,"{""electrical_engineering"": 9, ""computer_science"": 0, ""mechanical_engineering"": 58, ""civil_engineering"": 17, ""production_engineering"": 9, ""administration"": 9, ""data_science"": 0}",https://jobs.lever.co/shieldai/a1703b54-4856-4369-8a41-142e22bb8a34
lever,e13c8e7b-97cf-414c-b17b-4554c7e52b11,Shield AI,"Staff BD Account Executive, Autonomy Specialist - Australia (R5135)",Canberra,-35.28346,149.12807,International Office Entity,onsite,internship,"{""electrical_engineering"": 0, ""computer_science"": 0, ""mechanical_engineering"": 0, ""civil_engineering"": 0, ""production_engineering"": 9, ""administration"": 9, ""data_science"": 0}",https://jobs.lever.co/shieldai/e13c8e7b-97cf-414c-b17b-4554c7e52b11
lever,a6c2533c-4531-401c-9dcb-750e57fc916c,Shield AI,Staff Business Systems Analyst – Order to Cash (R5881),"San Mateo, California",14.6982,121.1236,Full Time Employee,onsite,,"{""electrical_engineering"": 0, ""computer_science"": 9, ""mechanical_engineering"": 0, ""civil_engineering"": 0, ""production_engineering"": 9, ""administration"": 85, ""data_science"": 0}",https://jobs.lever.co/shieldai/a6c2533c-4531-401c-9dcb-750e57fc916c
lever,1cd9d665-7ea2-4916-88a3-eb3673d6022f,Shield AI,Staff Business Systems Analyst – Procure to Pay (R5879),"San Mateo, California",14.6982,121.1236,Full Time Employee,onsite,,"{""electrical_engineering"": 0, ""computer_science"": 9, ""mechanical_engineering"": 0, ""civil_engineering"": 0, ""production_engineering"": 9, ""administration"": 85, ""data_science"": 0}",https://jobs.lever.co/shieldai/1cd9d665-7ea2-4916-88a3-eb3673d6022f
lever,7b654533-3586-4e72-9e60-c8fe9a26b7e5,Shield AI,Staff Business Systems Analyst – Record to Report (R5880),"San Mateo, California",14.6982,121.1236,Full Time Employee,onsite,,"{""electrical_engineering"": 0, ""computer_science"": 9, ""mechanical_engineering"": 0, ""civil_engineering"": 0, ""production_engineering"": 9, ""administration"": 85, ""data_science"": 0}",https://jobs.lever.co/shieldai/7b654533-3586-4e72-9e60-c8fe9a26b7e5
lever,4a93ce14-7678-4f7b-ae69-b9a354fd8fad,Shield AI,Staff C++ Build and Release Engineer (R5673),Melbourne,-37.814,144.96332,International Office Entity,onsite,internship,"{""electrical_engineering"": 0, ""computer_science"": 0, ""mechanical_engineering"": 0, ""civil_engineering"": 0, ""production_engineering"": 9, ""administration"": 9, ""data_science"": 0}",https://jobs.lever.co/shieldai/4a93ce14-7678-4f7b-ae69-b9a354fd8fad
lever,16c81903-99cd-490c-85d9-bee947b37c2c,Shield AI,Staff Cloud Engineer (R5801),"San Diego, California",32.71571,-117.16472,Full Time Employee,onsite,,"{""electrical_engineering"": 9, ""computer_science"": 17, ""mechanical_engineering"": 0, ""civil_engineering"": 9, ""production_engineering"": 9, ""administration"": 9, ""data_science"": 0}",https://jobs.lever.co/shieldai/16c81903-99cd-490c-85d9-bee947b37c2c
lever,82c0fcad-9d7e-4eed-a1c8-b2ce99895f16,Shield AI,Staff Cloud Engineer (R5801),"San Mateo, California",14.6982,121.1236,Full Time Employee,onsite,,"{""electrical_engineering"": 0, ""computer_science"": 17, ""mechanical_engineering"": 0, ""civil_engineering"": 0, ""production_engineering"": 9, ""administration"": 9, ""data_science"": 0}",https://jobs.lever.co/shieldai/82c0fcad-9d7e-4eed-a1c8-b2ce99895f16
lever,4fe78e2a-39c3-431f-a687-0fb2388ab413,Shield AI,Staff Cross Domain Solution Engineer (R5356),"Dallas, Texas",32.78306,-96.80667,Full Time Employee,onsite,,"{""electrical_engineering"": 0, ""computer_science"": 9, ""mechanical_engineering"": 0, ""civil_engineering"": 9, ""production_engineering"": 9, ""administration"": 9, ""data_science"": 0}",https://jobs.lever.co/shieldai/4fe78e2a-39c3-431f-a687-0fb2388ab413
lever,c8a795a0-0155-4cce-8f43-c504756f34a3,Shield AI,Staff Customer Success Manager (R5645),"Washington, DC",38.89511,-77.03637,Full Time Employee,hybrid,,"{""electrical_engineering"": 0, ""computer_science"": 0, ""mechanical_engineering"": 0, ""civil_engineering"": 0, ""production_engineering"": 9, ""administration"": 9, ""data_science"": 0}",https://jobs.lever.co/shieldai/c8a795a0-0155-4cce-8f43-c504756f34a3
lever,d34a771a-93df-4bbb-96a4-f401fb3b4794,Shield AI,Staff Deep Learning Engineer (R5677),Melbourne,-37.814,144.96332,International Office Entity,onsite,internship,"{""electrical_engineering"": 0, ""computer_science"": 0, ""mechanical_engineering"": 0, ""civil_engineering"": 0, ""production_engineering"": 9, ""administration"": 9, ""data_science"": 17}",https://jobs.lever.co/shieldai/d34a771a-93df-4bbb-96a4-f401fb3b4794
lever,76698f72-e44a-4b36-8adf-8e5b04ad15b0,Shield AI,Staff DevSecOps Engineer (R5824),"San Mateo, California",14.6982,121.1236,Full Time Employee,onsite,,"{""electrical_engineering"": 0, ""computer_science"": 12, ""mechanical_engineering"": 0, ""civil_engineering"": 9, ""production_engineering"": 9, ""administration"": 9, ""data_science"": 0}",https://jobs.lever.co/shieldai/76698f72-e44a-4b36-8adf-8e5b04ad15b0
lever,b4bbd2da-14d5-4518-a22b-0c30fa82c200,Shield AI,Staff DevSecOps Engineer (R5824),"San Diego, California",32.71571,-117.16472,Full Time Employee,onsite,,"{""electrical_engineering"": 0, ""computer_science"": 12, ""mechanical_engineering"": 0, ""civil_engineering"": 9, ""production_engineering"": 9, ""administration"": 9, ""data_science"": 0}",https://jobs.lever.co/shieldai/b4bbd2da-14d5-4518-a22b-0c30fa82c200
lever,ca801fe2-4615-4e66-8da2-e325031a316c,Shield AI,"Staff Engineer, Advanced Manufacturing - Special Projects (R4972)","Seattle, Washington",47.60621,-122.33207,Full Time Employee,onsite,,"{""electrical_engineering"": 9, ""computer_science"": 0, ""mechanical_engineering"": 17, ""civil_engineering"": 9, ""production_engineering"": 12, ""administration"": 9, ""data_science"": 0}",https://jobs.lever.co/shieldai/ca801fe2-4615-4e66-8da2-e325031a316c
lever,6e5e0b9b-ddbd-43c3-bf01-3d0d0f29109c,Shield AI,"Staff Engineer, Advanced Manufacturing (R4968)","Dallas, Texas",32.78306,-96.80667,Full Time Employee,onsite,,"{""electrical_engineering"": 9, ""computer_science"": 0, ""mechanical_engineering"": 17, ""civil_engineering"": 9, ""production_engineering"": 12, ""administration"": 9, ""data_science"": 0}",https://jobs.lever.co/shieldai/6e5e0b9b-ddbd-43c3-bf01-3d0d0f29109c
lever,f22dd41e-b4e7-4466-88f8-021e7de28087,Shield AI,"Staff Engineer, Aircraft Configuration Design (R5830)","San Diego, California",32.71571,-117.16472,Full Time Employee,onsite,,"{""electrical_engineering"": 9, ""computer_science"": 0, ""mechanical_engineering"": 9, ""civil_engineering"": 9, ""production_engineering"": 9, ""administration"": 9, ""data_science"": 0}",https://jobs.lever.co/shieldai/f22dd41e-b4e7-4466-88f8-021e7de28087
lever,8846ec30-76f4-4f4d-88ef-09aa3389fadc,Shield AI,"Staff Engineer, Applications (R4828)",Taipei,25.05306,121.52639,International EOR,onsite,internship,"{""electrical_engineering"": 0, ""computer_science"": 0, ""mechanical_engineering"": 0, ""civil_engineering"": 0, ""production_engineering"": 9, ""administration"": 9, ""data_science"": 0}",https://jobs.lever.co/shieldai/8846ec30-76f4-4f4d-88ef-09aa3389fadc
lever,585fcac1-a6ad-46ab-8868-4e073ac292d8,Shield AI,"Staff Engineer, Autonomy (R5681)",Melbourne,-37.814,144.96332,International Office Entity,onsite,internship,"{""electrical_engineering"": 0, ""computer_science"": 0, ""mechanical_engineering"": 0, ""civil_engineering"": 0, ""production_engineering"": 9, ""administration"": 9, ""data_science"": 0}",https://jobs.lever.co/shieldai/585fcac1-a6ad-46ab-8868-4e073ac292d8
lever,82ee14ce-eba4-4cef-a540-599f828cd652,Shield AI,"Staff Engineer, Autonomy and Motion Planning (R5263)",London,51.50853,-0.12574,Full Time Employee,onsite,,"{""electrical_engineering"": 0, ""computer_science"": 0, ""mechanical_engineering"": 0, ""civil_engineering"": 0, ""production_engineering"": 17, ""administration"": 9, ""data_science"": 0}",https://jobs.lever.co/shieldai/82ee14ce-eba4-4cef-a540-599f828cd652
lever,9dc614b4-9e93-49f5-9623-404e75426c7b,Shield AI,"Staff Engineer, Autonomy Capabilities – Maritime (R5325)","Washington, DC",38.89511,-77.03637,Full Time Employee,onsite,,"{""electrical_engineering"": 9, ""computer_science"": 0, ""mechanical_engineering"": 0, ""civil_engineering"": 9, ""production_engineering"": 12, ""administration"": 51, ""data_science"": 0}",https://jobs.lever.co/shieldai/9dc614b4-9e93-49f5-9623-404e75426c7b
lever,d10a2b58-3b67-4423-be05-578040a88342,Shield AI,"Staff Engineer, Autonomy Factory Pipeline (R5276)","Washington, DC",38.89511,-77.03637,Full Time Employee,onsite,,"{""electrical_engineering"": 0, ""computer_science"": 54, ""mechanical_engineering"": 9, ""civil_engineering"": 0, ""production_engineering"": 9, ""administration"": 12, ""data_science"": 12}",https://jobs.lever.co/shieldai/d10a2b58-3b67-4423-be05-578040a88342
lever,ed36d9df-a47e-4905-8e2b-aaee98182df8,Shield AI,"Staff Engineer, Autonomy Software Integration (R4483)","San Diego, California",32.71571,-117.16472,Full Time Employee,hybrid,,"{""electrical_engineering"": 15, ""computer_science"": 0, ""mechanical_engineering"": 0, ""civil_engineering"": 0, ""production_engineering"": 12, ""administration"": 9, ""data_science"": 0}",https://jobs.lever.co/shieldai/ed36d9df-a47e-4905-8e2b-aaee98182df8
lever,2e2f8207-6ff1-41f8-8745-5623b8799651,Shield AI,"Staff Engineer, Composite Advance Manufacturing","Seattle, Washington",47.60621,-122.33207,Full Time Employee,onsite,,"{""electrical_engineering"": 9, ""computer_science"": 0, ""mechanical_engineering"": 17, ""civil_engineering"": 9, ""production_engineering"": 12, ""administration"": 9, ""data_science"": 0}",https://jobs.lever.co/shieldai/2e2f8207-6ff1-41f8-8745-5623b8799651
lever,89fc4fec-1fa4-4d2a-b732-fd2138ab3036,Shield AI,"Staff Engineer, Computer Vision (C++) (R5196)",Melbourne,-37.814,144.96332,International Office Entity,hybrid,internship,"{""electrical_engineering"": 12, ""computer_science"": 73, ""mechanical_engineering"": 0, ""civil_engineering"": 9, ""production_engineering"": 9, ""administration"": 9, ""data_science"": 59}",https://jobs.lever.co/shieldai/89fc4fec-1fa4-4d2a-b732-fd2138ab3036
lever,aa3d2845-c311-4132-bd4d-7992f9affa7b,Shield AI,"Staff Engineer, Core Platform Integration (R5411)","San Diego, California",32.71571,-117.16472,Full Time Employee,onsite,,"{""electrical_engineering"": 0, ""computer_science"": 0, ""mechanical_engineering"": 0, ""civil_engineering"": 9, ""production_engineering"": 9, ""administration"": 9, ""data_science"": 0}",https://jobs.lever.co/shieldai/aa3d2845-c311-4132-bd4d-7992f9affa7b
lever,a0d0acf8-5c01-43d0-9bb7-3a0433280302,Shield AI,"Staff Engineer, Cybersecurity Platform (R5531)","Seattle, Washington",47.60621,-122.33207,Full Time Employee,onsite,,"{""electrical_engineering"": 9, ""computer_science"": 17, ""mechanical_engineering"": 0, ""civil_engineering"": 12, ""production_engineering"": 9, ""administration"": 9, ""data_science"": 0}",https://jobs.lever.co/shieldai/a0d0acf8-5c01-43d0-9bb7-3a0433280302
lever,2f1b420a-125f-4b25-bf1d-0e8605932480,Shield AI,"Staff Engineer, Data Analysis (R5290)","Dallas, Texas",32.78306,-96.80667,Full Time Employee,onsite,,"{""electrical_engineering"": 12, ""computer_science"": 9, ""mechanical_engineering"": 0, ""civil_engineering"": 0, ""production_engineering"": 12, ""administration"": 9, ""data_science"": 0}",https://jobs.lever.co/shieldai/2f1b420a-125f-4b25-bf1d-0e8605932480
lever,0915a15c-9f24-4851-a375-006bab31d6c6,Shield AI,"Staff Engineer, Data Platform (R5659)","San Diego, California",32.71571,-117.16472,Full Time Employee,onsite,,"{""electrical_engineering"": 9, ""computer_science"": 0, ""mechanical_engineering"": 0, ""civil_engineering"": 0, ""production_engineering"": 9, ""administration"": 9, ""data_science"": 0}",https://jobs.lever.co/shieldai/0915a15c-9f24-4851-a375-006bab31d6c6
lever,1d77e789-a2be-414c-9a1f-f4bc284343ea,Shield AI,"Staff Engineer, DevOps (5431)",United States,,,Full Time Employee,onsite,,"{""electrical_engineering"": 0, ""computer_science"": 59, ""mechanical_engineering"": 0, ""civil_engineering"": 0, ""production_engineering"": 9, ""administration"": 9, ""data_science"": 0}",https://jobs.lever.co/shieldai/1d77e789-a2be-414c-9a1f-f4bc284343ea
lever,f6a9e3d1-92f1-44c2-aed2-4b205106129f,Shield AI,"Staff Engineer, Digital Factory Lead (R5265)","Seattle, Washington",47.60621,-122.33207,Full Time Employee,onsite,,"{""electrical_engineering"": 9, ""computer_science"": 9, ""mechanical_engineering"": 12, ""civil_engineering"": 9, ""production_engineering"": 9, ""administration"": 9, ""data_science"": 9}",https://jobs.lever.co/shieldai/f6a9e3d1-92f1-44c2-aed2-4b205106129f
lever,0d911732-84ee-4641-b22d-e5021e270240,Shield AI,"Staff Engineer, Digital Infrastructure (R5602)",London,51.50853,-0.12574,International Office Entity,onsite,internship,"{""electrical_engineering"": 9, ""computer_science"": 0, ""mechanical_engineering"": 0, ""civil_engineering"": 17, ""production_engineering"": 0, ""administration"": 0, ""data_science"": 0}",https://jobs.lever.co/shieldai/0d911732-84ee-4641-b22d-e5021e270240
lever,77b463a8-a2bb-423e-952b-c9e63b45b0fa,Shield AI,"Staff Engineer, Electrical Integration & Test (R5204)","Seattle, Washington",47.60621,-122.33207,Full Time Employee,onsite,,"{""electrical_engineering"": 15, ""computer_science"": 0, ""mechanical_engineering"": 9, ""civil_engineering"": 0, ""production_engineering"": 9, ""administration"": 9, ""data_science"": 0}",https://jobs.lever.co/shieldai/77b463a8-a2bb-423e-952b-c9e63b45b0fa
lever,3ec09bbc-6f52-4adc-b79d-61935a72c098,Shield AI,"Staff Engineer, Electrical System Advance Manufacturing (R5183)","Seattle, Washington",47.60621,-122.33207,Full Time Employee,onsite,,"{""electrical_engineering"": 64, ""computer_science"": 0, ""mechanical_engineering"": 17, ""civil_engineering"": 0, ""production_engineering"": 9, ""administration"": 9, ""data_science"": 0}",https://jobs.lever.co/shieldai/3ec09bbc-6f52-4adc-b79d-61935a72c098
lever,7a1c5185-18de-4b2c-a666-61fa3d3d549e,Shield AI,"Staff Engineer, Electromechanical Systems Advance Manufacturing (R5184)","Seattle, Washington",47.60621,-122.33207,Full Time Employee,onsite,,"{""electrical_engineering"": 0, ""computer_science"": 0, ""mechanical_engineering"": 17, ""civil_engineering"": 0, ""production_engineering"": 9, ""administration"": 9, ""data_science"": 0}",https://jobs.lever.co/shieldai/7a1c5185-18de-4b2c-a666-61fa3d3d549e
lever,f2e79865-ddd8-47de-a9c5-6d1852bafafc,Shield AI,"Staff Engineer, Embedded Firmware (R5637)","Dallas, Texas",32.78306,-96.80667,Full Time Employee,onsite,,"{""electrical_engineering"": 64, ""computer_science"": 51, ""mechanical_engineering"": 9, ""civil_engineering"": 0, ""production_engineering"": 9, ""administration"": 9, ""data_science"": 9}",https://jobs.lever.co/shieldai/f2e79865-ddd8-47de-a9c5-6d1852bafafc
lever,1644ff5a-51e4-4960-83ee-64415d5247bd,Shield AI,"Staff Engineer, Field Quality (R4958)","Dallas, Texas",32.78306,-96.80667,Full Time Employee,onsite,,"{""electrical_engineering"": 15, ""computer_science"": 0, ""mechanical_engineering"": 12, ""civil_engineering"": 0, ""production_engineering"": 17, ""administration"": 9, ""data_science"": 0}",https://jobs.lever.co/shieldai/1644ff5a-51e4-4960-83ee-64415d5247bd
lever,1039fc07-1b3c-4e72-870a-494cd0f1d5a8,Shield AI,"Staff Engineer, Field Support - X-BAT Aircraft Systems (R5081)",Wichita Metro Area,37.69224,-97.33754,,onsite,,"{""electrical_engineering"": 9, ""computer_science"": 0, ""mechanical_engineering"": 0, ""civil_engineering"": 0, ""production_engineering"": 9, ""administration"": 9, ""data_science"": 0}",https://jobs.lever.co/shieldai/1039fc07-1b3c-4e72-870a-494cd0f1d5a8
lever,0a7b582c-2b0d-4157-bca8-5c6c66d1d6e4,Shield AI,"Staff Engineer, FPGA Design (R5347)","Seattle, Washington",47.60621,-122.33207,Full Time Employee,onsite,,"{""electrical_engineering"": 17, ""computer_science"": 0, ""mechanical_engineering"": 0, ""civil_engineering"": 0, ""production_engineering"": 9, ""administration"": 9, ""data_science"": 0}",https://jobs.lever.co/shieldai/0a7b582c-2b0d-4157-bca8-5c6c66d1d6e4
lever,e74514eb-0abd-4bae-b794-6ad1f9c339b2,Shield AI,"Staff Engineer, GenAI Tooling & DevEx (R5469)","Washington, DC",38.89511,-77.03637,Full Time Employee,onsite,,"{""electrical_engineering"": 12, ""computer_science"": 61, ""mechanical_engineering"": 0, ""civil_engineering"": 9, ""production_engineering"": 9, ""administration"": 12, ""data_science"": 9}",https://jobs.lever.co/shieldai/e74514eb-0abd-4bae-b794-6ad1f9c339b2
lever,cdd12416-2a98-4b69-9392-5436df39e832,Shield AI,"Staff Engineer, Ground Vehicle Advance Manufacturing","Seattle, Washington",47.60621,-122.33207,Full Time Employee,onsite,,"{""electrical_engineering"": 0, ""computer_science"": 0, ""mechanical_engineering"": 17, ""civil_engineering"": 0, ""production_engineering"": 9, ""administration"": 9, ""data_science"": 0}",https://jobs.lever.co/shieldai/cdd12416-2a98-4b69-9392-5436df39e832
lever,7d210135-6de0-4433-bd46-198035378bb8,Shield AI,"Staff Engineer, Guidance & Controls (R4763)","Dallas, Texas",32.78306,-96.80667,Full Time Employee,onsite,,"{""electrical_engineering"": 0, ""computer_science"": 0, ""mechanical_engineering"": 0, ""civil_engineering"": 0, ""production_engineering"": 9, ""administration"": 9, ""data_science"": 0}",https://jobs.lever.co/shieldai/7d210135-6de0-4433-bd46-198035378bb8
lever,3fe0919c-fea9-4eb9-b109-e5c152a6b686,Shield AI,"Staff Engineer, Industrial","Seattle, Washington",47.60621,-122.33207,Full Time Employee,onsite,,"{""electrical_engineering"": 0, ""computer_science"": 0, ""mechanical_engineering"": 12, ""civil_engineering"": 9, ""production_engineering"": 18, ""administration"": 9, ""data_science"": 0}",https://jobs.lever.co/shieldai/3fe0919c-fea9-4eb9-b109-e5c152a6b686
lever,7ac5b188-a61f-4fc3-9f9c-a52df613fb78,Shield AI,"Staff Engineer, Integration Advance Manufacturing (R5187)","Seattle, Washington",47.60621,-122.33207,Full Time Employee,onsite,,"{""electrical_engineering"": 0, ""computer_science"": 0, ""mechanical_engineering"": 17, ""civil_engineering"": 0, ""production_engineering"": 9, ""administration"": 9, ""data_science"": 0}",https://jobs.lever.co/shieldai/7ac5b188-a61f-4fc3-9f9c-a52df613fb78
lever,6a9bcabc-0a1d-4744-85da-43189485c817,Shield AI,"Staff Engineer, Landing Gear Systems (R5372)","Seattle, Washington",47.60621,-122.33207,Full Time Employee,onsite,,"{""electrical_engineering"": 12, ""computer_science"": 0, ""mechanical_engineering"": 0, ""civil_engineering"": 0, ""production_engineering"": 9, ""administration"": 9, ""data_science"": 0}",https://jobs.lever.co/shieldai/6a9bcabc-0a1d-4744-85da-43189485c817
lever,b59b2083-4f75-4e61-8bea-b62f1b5da9f0,Shield AI,"Staff Engineer, Manufacturing","Seattle, Washington",47.60621,-122.33207,Full Time Employee,onsite,,"{""electrical_engineering"": 9, ""computer_science"": 0, ""mechanical_engineering"": 17, ""civil_engineering"": 9, ""production_engineering"": 12, ""administration"": 9, ""data_science"": 0}",https://jobs.lever.co/shieldai/b59b2083-4f75-4e61-8bea-b62f1b5da9f0
lever,b2de60ed-3c1e-4f94-883c-90917d3ca45e,Shield AI,"Staff Engineer, Manufacturing Equipment","Dallas, Texas",32.78306,-96.80667,Full Time Employee,onsite,,"{""electrical_engineering"": 0, ""computer_science"": 0, ""mechanical_engineering"": 17, ""civil_engineering"": 0, ""production_engineering"": 12, ""administration"": 9, ""data_science"": 0}",https://jobs.lever.co/shieldai/b2de60ed-3c1e-4f94-883c-90917d3ca45e
lever,e3f0520a-a155-438e-afc2-8215f67aa8d7,Shield AI,"Staff Engineer, Manufacturing Equipment","Seattle, Washington",47.60621,-122.33207,Full Time Employee,onsite,,"{""electrical_engineering"": 0, ""computer_science"": 0, ""mechanical_engineering"": 17, ""civil_engineering"": 0, ""production_engineering"": 12, ""administration"": 9, ""data_science"": 0}",https://jobs.lever.co/shieldai/e3f0520a-a155-438e-afc2-8215f67aa8d7
lever,abbca258-77dc-4429-87fd-37e6f0b5adf8,Shield AI,"Staff Engineer, Mechanical - Harness Design (R4594)","Seattle, Washington",47.60621,-122.33207,Full Time Employee,onsite,,"{""electrical_engineering"": 0, ""computer_science"": 0, ""mechanical_engineering"": 0, ""civil_engineering"": 0, ""production_engineering"": 9, ""administration"": 9, ""data_science"": 0}",https://jobs.lever.co/shieldai/abbca258-77dc-4429-87fd-37e6f0b5adf8
lever,36691848-fa43-4c4b-9152-736f539f323c,Shield AI,"Staff Engineer, Mechanical (R4887)","Dallas, Texas",32.78306,-96.80667,Full Time Employee,onsite,,"{""electrical_engineering"": 12, ""computer_science"": 0, ""mechanical_engineering"": 12, ""civil_engineering"": 0, ""production_engineering"": 9, ""administration"": 9, ""data_science"": 0}",https://jobs.lever.co/shieldai/36691848-fa43-4c4b-9152-736f539f323c
lever,344fe8ce-6572-47e8-a98e-934d8c937bf7,Shield AI,"Staff Engineer, Mechanical (R5482)","Dallas, Texas",32.78306,-96.80667,Full Time Employee,onsite,,"{""electrical_engineering"": 15, ""computer_science"": 0, ""mechanical_engineering"": 42, ""civil_engineering"": 9, ""production_engineering"": 9, ""administration"": 9, ""data_science"": 0}",https://jobs.lever.co/shieldai/344fe8ce-6572-47e8-a98e-934d8c937bf7
lever,cbfd4516-8d31-46d7-826a-ff097c5aad58,Shield AI,"Staff Engineer, Mechanical & Actuated Systems (R5293)","Seattle, Washington",47.60621,-122.33207,Full Time Employee,onsite,,"{""electrical_engineering"": 9, ""computer_science"": 0, ""mechanical_engineering"": 0, ""civil_engineering"": 0, ""production_engineering"": 9, ""administration"": 9, ""data_science"": 0}",https://jobs.lever.co/shieldai/cbfd4516-8d31-46d7-826a-ff097c5aad58
lever,ef5f04e4-1769-4837-a5a2-a9ae30a1ba63,Shield AI,"Staff Engineer, Mechanical & Actuated Systems (R5293)","Dallas, Texas",32.78306,-96.80667,Full Time Employee,onsite,,"{""electrical_engineering"": 0, ""computer_science"": 0, ""mechanical_engineering"": 0, ""civil_engineering"": 0, ""production_engineering"": 9, ""administration"": 9, ""data_science"": 0}",https://jobs.lever.co/shieldai/ef5f04e4-1769-4837-a5a2-a9ae30a1ba63
lever,38746bcd-9f50-4c37-b661-878a4f38a466,Shield AI,"Staff Engineer, Mechanical Design - Launch and Recovery Systems (R4571)","Seattle, Washington",47.60621,-122.33207,Full Time Employee,onsite,,"{""electrical_engineering"": 0, ""computer_science"": 0, ""mechanical_engineering"": 12, ""civil_engineering"": 0, ""production_engineering"": 9, ""administration"": 9, ""data_science"": 0}",https://jobs.lever.co/shieldai/38746bcd-9f50-4c37-b661-878a4f38a466
lever,a3dfba6d-09ec-42c3-9328-dbb2b5fbdab3,Shield AI,"Staff Engineer, Mechanical Design - Launch and Recovery Systems (R4572)","Seattle, Washington",47.60621,-122.33207,Full Time Employee,onsite,,"{""electrical_engineering"": 0, ""computer_science"": 0, ""mechanical_engineering"": 12, ""civil_engineering"": 0, ""production_engineering"": 9, ""administration"": 9, ""data_science"": 0}",https://jobs.lever.co/shieldai/a3dfba6d-09ec-42c3-9328-dbb2b5fbdab3
lever,a9bce6a3-7320-4b2f-a7b4-b93319e97611,Shield AI,"Staff Engineer, Mechanical Test (R5475)","Seattle, Washington",47.60621,-122.33207,Full Time Employee,onsite,,"{""electrical_engineering"": 15, ""computer_science"": 9, ""mechanical_engineering"": 9, ""civil_engineering"": 9, ""production_engineering"": 9, ""administration"": 9, ""data_science"": 9}",https://jobs.lever.co/shieldai/a9bce6a3-7320-4b2f-a7b4-b93319e97611
lever,eb93d8dc-40fa-4a11-a06f-87b3436bf85d,Shield AI,"Staff Engineer, Mission Systems - Fleet Support (R5004)","Dallas, Texas",32.78306,-96.80667,Full Time Employee,onsite,,"{""electrical_engineering"": 0, ""computer_science"": 0, ""mechanical_engineering"": 0, ""civil_engineering"": 0, ""production_engineering"": 9, ""administration"": 9, ""data_science"": 0}",https://jobs.lever.co/shieldai/eb93d8dc-40fa-4a11-a06f-87b3436bf85d
lever,c45bb75b-f41e-45b2-91e8-11d34d06dc3d,Shield AI,"Staff Engineer, Modelling and Simulation (R5700)",Melbourne,-37.814,144.96332,International Office Entity,onsite,internship,"{""electrical_engineering"": 0, ""computer_science"": 0, ""mechanical_engineering"": 0, ""civil_engineering"": 0, ""production_engineering"": 9, ""administration"": 9, ""data_science"": 0}",https://jobs.lever.co/shieldai/c45bb75b-f41e-45b2-91e8-11d34d06dc3d
lever,2ae458fe-44f3-453c-98d2-78dc0ba473ca,Shield AI,"Staff Engineer, Operations Analyst (R5807)","Washington, DC",38.89511,-77.03637,Full Time Employee,onsite,,"{""electrical_engineering"": 0, ""computer_science"": 0, ""mechanical_engineering"": 0, ""civil_engineering"": 0, ""production_engineering"": 17, ""administration"": 17, ""data_science"": 0}",https://jobs.lever.co/shieldai/2ae458fe-44f3-453c-98d2-78dc0ba473ca
lever,b5a0906c-ecaa-47de-9173-fa7ce02989cd,Shield AI,"Staff Engineer, Perception (R5611)",London,51.50853,-0.12574,International Office Entity,onsite,internship,"{""electrical_engineering"": 0, ""computer_science"": 0, ""mechanical_engineering"": 0, ""civil_engineering"": 0, ""production_engineering"": 9, ""administration"": 9, ""data_science"": 0}",https://jobs.lever.co/shieldai/b5a0906c-ecaa-47de-9173-fa7ce02989cd
lever,ad3fcfd1-bfcf-4927-8bc6-fa7ab127bdda,Shield AI,"Staff Engineer, Perception Software (R5911)","San Diego, California",32.71571,-117.16472,Full Time Employee,onsite,,"{""electrical_engineering"": 0, ""computer_science"": 0, ""mechanical_engineering"": 0, ""civil_engineering"": 0, ""production_engineering"": 9, ""administration"": 9, ""data_science"": 0}",https://jobs.lever.co/shieldai/ad3fcfd1-bfcf-4927-8bc6-fa7ab127bdda
lever,0f1f7226-3366-4dad-8403-a216d92aa6b5,Shield AI,"Staff Engineer, Power Electronics (R5906)","Dallas, Texas",32.78306,-96.80667,Full Time Employee,onsite,,"{""electrical_engineering"": 87, ""computer_science"": 0, ""mechanical_engineering"": 0, ""civil_engineering"": 0, ""production_engineering"": 9, ""administration"": 9, ""data_science"": 0}",https://jobs.lever.co/shieldai/0f1f7226-3366-4dad-8403-a216d92aa6b5
lever,6b63f120-fedc-4157-95cb-6eebe9854538,Shield AI,"Staff Engineer, Power System Battery Pack Designer (R5636)","Dallas, Texas",32.78306,-96.80667,Full Time Employee,onsite,,"{""electrical_engineering"": 17, ""computer_science"": 0, ""mechanical_engineering"": 0, ""civil_engineering"": 0, ""production_engineering"": 12, ""administration"": 12, ""data_science"": 0}",https://jobs.lever.co/shieldai/6b63f120-fedc-4157-95cb-6eebe9854538
lever,86c4468a-827a-45e7-a672-830ff17acc42,Shield AI,"Staff Engineer, Propulsion - Mechanical Design (R5389)","Dallas, Texas",32.78306,-96.80667,Full Time Employee,onsite,,"{""electrical_engineering"": 12, ""computer_science"": 0, ""mechanical_engineering"": 51, ""civil_engineering"": 0, ""production_engineering"": 9, ""administration"": 9, ""data_science"": 0}",https://jobs.lever.co/shieldai/86c4468a-827a-45e7-a672-830ff17acc42
lever,a7747154-cc00-48e4-b89d-663bbeb4ca47,Shield AI,"Staff Engineer, Propulsion Systems Advance Manufacturing (R5185)","Seattle, Washington",47.60621,-122.33207,Full Time Employee,onsite,,"{""electrical_engineering"": 9, ""computer_science"": 0, ""mechanical_engineering"": 17, ""civil_engineering"": 0, ""production_engineering"": 9, ""administration"": 9, ""data_science"": 0}",https://jobs.lever.co/shieldai/a7747154-cc00-48e4-b89d-663bbeb4ca47
lever,5b35ee50-4357-42dc-87c8-d507ec6d30a5,Shield AI,"Staff Engineer, Quality (R4840)","Seattle, Washington",47.60621,-122.33207,Full Time Employee,onsite,,"{""electrical_engineering"": 9, ""computer_science"": 0, ""mechanical_engineering"": 12, ""civil_engineering"": 0, ""production_engineering"": 17, ""administration"": 12, ""data_science"": 0}",https://jobs.lever.co/shieldai/5b35ee50-4357-42dc-87c8-d507ec6d30a5
lever,664414ae-6aa0-4dc1-8e24-e89e7466428b,Shield AI,"Staff Engineer, Quality (R5512)","Dallas, Texas",32.78306,-96.80667,Full Time Employee,onsite,,"{""electrical_engineering"": 9, ""computer_science"": 0, ""mechanical_engineering"": 12, ""civil_engineering"": 0, ""production_engineering"": 17, ""administration"": 12, ""data_science"": 0}",https://jobs.lever.co/shieldai/664414ae-6aa0-4dc1-8e24-e89e7466428b
lever,7f7e2632-717e-4684-a7a5-058e94360d81,Shield AI,"Staff Engineer, Quality Assurance (R5358)",Wichita Metro Area,37.69224,-97.33754,Full Time Employee,onsite,,"{""electrical_engineering"": 9, ""computer_science"": 0, ""mechanical_engineering"": 9, ""civil_engineering"": 0, ""production_engineering"": 17, ""administration"": 9, ""data_science"": 0}",https://jobs.lever.co/shieldai/7f7e2632-717e-4684-a7a5-058e94360d81
lever,5da0e986-a159-4be9-b58c-b12368c7825a,Shield AI,"Staff Engineer, Quality Assurance (R5799)",Melbourne,-37.814,144.96332,International Office Entity,onsite,internship,"{""electrical_engineering"": 9, ""computer_science"": 0, ""mechanical_engineering"": 0, ""civil_engineering"": 0, ""production_engineering"": 17, ""administration"": 9, ""data_science"": 0}",https://jobs.lever.co/shieldai/5da0e986-a159-4be9-b58c-b12368c7825a
lever,b455a69a-a2c7-4f24-aec1-46ca5f5ec0be,Shield AI,"Staff Engineer, Reliability Test (R5532)","Seattle, Washington",47.60621,-122.33207,Full Time Employee,onsite,,"{""electrical_engineering"": 12, ""computer_science"": 0, ""mechanical_engineering"": 9, ""civil_engineering"": 0, ""production_engineering"": 12, ""administration"": 9, ""data_science"": 0}",https://jobs.lever.co/shieldai/b455a69a-a2c7-4f24-aec1-46ca5f5ec0be
lever,15791f6f-4d75-45a5-aa69-bee6733a41c9,Shield AI,"Staff Engineer, Safety - X-BAT (R5312)","Dallas, Texas",32.78306,-96.80667,Full Time Employee,onsite,,"{""electrical_engineering"": 0, ""computer_science"": 9, ""mechanical_engineering"": 0, ""civil_engineering"": 0, ""production_engineering"": 9, ""administration"": 9, ""data_science"": 0}",https://jobs.lever.co/shieldai/15791f6f-4d75-45a5-aa69-bee6733a41c9
lever,0be9a446-6ad7-4587-ae1b-54f1cd0a8d70,Shield AI,"Staff Engineer, Safety - X-BAT (R5844)","Seattle, Washington",47.60621,-122.33207,Full Time Employee,onsite,,"{""electrical_engineering"": 0, ""computer_science"": 9, ""mechanical_engineering"": 0, ""civil_engineering"": 0, ""production_engineering"": 9, ""administration"": 9, ""data_science"": 0}",https://jobs.lever.co/shieldai/0be9a446-6ad7-4587-ae1b-54f1cd0a8d70
lever,1803c365-1f43-4445-b5e0-376f0b221ec6,Shield AI,"Staff Engineer, Safety-Critical Software (R5826)","San Diego, California",32.71571,-117.16472,Full Time Employee,onsite,,"{""electrical_engineering"": 9, ""computer_science"": 49, ""mechanical_engineering"": 0, ""civil_engineering"": 0, ""production_engineering"": 9, ""administration"": 9, ""data_science"": 0}",https://jobs.lever.co/shieldai/1803c365-1f43-4445-b5e0-376f0b221ec6
lever,6265ee65-8136-41b5-9279-97f9a4b1d2f6,Shield AI,"Staff Engineer, Software - Autonomous Aircraft Integration (R4983)","Washington, DC",38.89511,-77.03637,Full Time Employee,onsite,,"{""electrical_engineering"": 9, ""computer_science"": 0, ""mechanical_engineering"": 0, ""civil_engineering"": 0, ""production_engineering"": 9, ""administration"": 9, ""data_science"": 0}",https://jobs.lever.co/shieldai/6265ee65-8136-41b5-9279-97f9a4b1d2f6
lever,75c6cb21-5e86-4676-aaab-821f9aab4e5d,Shield AI,"Staff Engineer, Software Autonomy Applications (R4830)",Tokyo,35.6895,139.69171,International EOR,onsite,internship,"{""electrical_engineering"": 0, ""computer_science"": 0, ""mechanical_engineering"": 0, ""civil_engineering"": 0, ""production_engineering"": 9, ""administration"": 9, ""data_science"": 0}",https://jobs.lever.co/shieldai/75c6cb21-5e86-4676-aaab-821f9aab4e5d
lever,548aa2ee-c711-4d58-9f3d-dc19868fd391,Shield AI,"Staff Engineer, Software Autonomy Applications (R4962)",London,51.50853,-0.12574,International Office Entity,onsite,internship,"{""electrical_engineering"": 0, ""computer_science"": 0, ""mechanical_engineering"": 0, ""civil_engineering"": 0, ""production_engineering"": 9, ""administration"": 9, ""data_science"": 0}",https://jobs.lever.co/shieldai/548aa2ee-c711-4d58-9f3d-dc19868fd391
lever,f0a50041-da78-45b0-849d-481a8a67c085,Shield AI,"Staff Engineer, Software Autonomy Applications (R4987)",Seoul,37.566,126.9784,International EOR,onsite,internship,"{""electrical_engineering"": 0, ""computer_science"": 0, ""mechanical_engineering"": 0, ""civil_engineering"": 0, ""production_engineering"": 9, ""administration"": 9, ""data_science"": 0}",https://jobs.lever.co/shieldai/f0a50041-da78-45b0-849d-481a8a67c085
lever,1f0a4bfe-acd7-4ace-913e-42937e9b23e2,Shield AI,"Staff Engineer, Software Test (R4784)","Dallas, Texas",32.78306,-96.80667,Full Time Employee,onsite,,"{""electrical_engineering"": 12, ""computer_science"": 0, ""mechanical_engineering"": 12, ""civil_engineering"": 0, ""production_engineering"": 9, ""administration"": 9, ""data_science"": 0}",https://jobs.lever.co/shieldai/1f0a4bfe-acd7-4ace-913e-42937e9b23e2
lever,ba67e3c1-b862-4703-8654-b3bcce162ee4,Shield AI,"Staff Engineer, Software Test (R5836)",Melbourne,-37.814,144.96332,International Office Entity,onsite,internship,"{""electrical_engineering"": 15, ""computer_science"": 0, ""mechanical_engineering"": 0, ""civil_engineering"": 9, ""production_engineering"": 12, ""administration"": 9, ""data_science"": 0}",https://jobs.lever.co/shieldai/ba67e3c1-b862-4703-8654-b3bcce162ee4
lever,173aa386-c87c-4b7e-9a3f-eb99c7943fbc,Shield AI,"Staff Engineer, Software, GCS - C++ (R5189)",United States,,,Full Time Employee,onsite,,"{""electrical_engineering"": 12, ""computer_science"": 9, ""mechanical_engineering"": 0, ""civil_engineering"": 0, ""production_engineering"": 12, ""administration"": 9, ""data_science"": 0}",https://jobs.lever.co/shieldai/173aa386-c87c-4b7e-9a3f-eb99c7943fbc
lever,ee7f7c27-9e53-4e20-a7fc-3a37ad35d47d,Shield AI,"Staff Engineer, Structural Analysis (R4954)","Dallas, Texas",32.78306,-96.80667,Full Time Employee,onsite,,"{""electrical_engineering"": 9, ""computer_science"": 0, ""mechanical_engineering"": 9, ""civil_engineering"": 9, ""production_engineering"": 9, ""administration"": 9, ""data_science"": 0}",https://jobs.lever.co/shieldai/ee7f7c27-9e53-4e20-a7fc-3a37ad35d47d
lever,2370b285-80b6-4603-95a9-abdf690750b7,Shield AI,"Staff Engineer, Structural Designer (R4937)","Seattle, Washington",47.60621,-122.33207,Full Time Employee,onsite,,"{""electrical_engineering"": 9, ""computer_science"": 0, ""mechanical_engineering"": 51, ""civil_engineering"": 0, ""production_engineering"": 9, ""administration"": 9, ""data_science"": 0}",https://jobs.lever.co/shieldai/2370b285-80b6-4603-95a9-abdf690750b7
lever,49d637fc-8dfe-485f-910e-941a496b50d4,Shield AI,"Staff Engineer, Structural Test Stand Design (R4413)","Dallas, Texas",32.78306,-96.80667,Full Time Employee,onsite,,"{""electrical_engineering"": 15, ""computer_science"": 9, ""mechanical_engineering"": 9, ""civil_engineering"": 0, ""production_engineering"": 9, ""administration"": 9, ""data_science"": 9}",https://jobs.lever.co/shieldai/49d637fc-8dfe-485f-910e-941a496b50d4
lever,d5b3ae52-2703-46a2-b105-0712f400bcc1,Shield AI,"Staff Engineer, System Reliability (R5533)","Dallas, Texas",32.78306,-96.80667,Full Time Employee,onsite,,"{""electrical_engineering"": 0, ""computer_science"": 0, ""mechanical_engineering"": 9, ""civil_engineering"": 0, ""production_engineering"": 12, ""administration"": 12, ""data_science"": 0}",https://jobs.lever.co/shieldai/d5b3ae52-2703-46a2-b105-0712f400bcc1
lever,a2627727-1714-46fd-8724-3557bc17c696,Shield AI,"Staff Engineer, System Software (R5718)",Melbourne,-37.814,144.96332,International Office Entity,onsite,internship,"{""electrical_engineering"": 0, ""computer_science"": 0, ""mechanical_engineering"": 0, ""civil_engineering"": 0, ""production_engineering"": 9, ""administration"": 9, ""data_science"": 0}",https://jobs.lever.co/shieldai/a2627727-1714-46fd-8724-3557bc17c696
lever,7e905d32-4c1d-4c69-ad4c-d77a158e3297,Shield AI,"Staff Engineer, Test Integration, Modelling and Simulation (R5601)",London,51.50853,-0.12574,International Office Entity,onsite,internship,"{""electrical_engineering"": 0, ""computer_science"": 0, ""mechanical_engineering"": 0, ""civil_engineering"": 0, ""production_engineering"": 9, ""administration"": 9, ""data_science"": 0}",https://jobs.lever.co/shieldai/7e905d32-4c1d-4c69-ad4c-d77a158e3297
lever,bbc92590-2f3e-467c-8ffc-c2efd0e8b98a,Shield AI,"Staff Engineer, Thermal - Air Vehicle (R4856)","Seattle, Washington",47.60621,-122.33207,Full Time Employee,onsite,,"{""electrical_engineering"": 0, ""computer_science"": 0, ""mechanical_engineering"": 9, ""civil_engineering"": 0, ""production_engineering"": 9, ""administration"": 9, ""data_science"": 0}",https://jobs.lever.co/shieldai/bbc92590-2f3e-467c-8ffc-c2efd0e8b98a
lever,6bccbc94-835c-46cc-94de-0eca27e532fa,Shield AI,"Staff Engineer, Tool Design (R4967)","Dallas, Texas",32.78306,-96.80667,Full Time Employee,onsite,,"{""electrical_engineering"": 0, ""computer_science"": 0, ""mechanical_engineering"": 12, ""civil_engineering"": 0, ""production_engineering"": 12, ""administration"": 9, ""data_science"": 0}",https://jobs.lever.co/shieldai/6bccbc94-835c-46cc-94de-0eca27e532fa
lever,e3467197-7f30-4a63-afad-51b7794fda2a,Shield AI,"Staff Engineer, Tool Design (R4967)","Seattle, Washington",47.60621,-122.33207,Full Time Employee,onsite,,"{""electrical_engineering"": 0, ""computer_science"": 0, ""mechanical_engineering"": 12, ""civil_engineering"": 0, ""production_engineering"": 12, ""administration"": 9, ""data_science"": 0}",https://jobs.lever.co/shieldai/e3467197-7f30-4a63-afad-51b7794fda2a
lever,904cb57e-5468-489b-8286-4b855368658c,Shield AI,"Staff Engineer, UI (R5832)",Melbourne,-37.814,144.96332,International Office Entity,onsite,internship,"{""electrical_engineering"": 0, ""computer_science"": 42, ""mechanical_engineering"": 0, ""civil_engineering"": 0, ""production_engineering"": 9, ""administration"": 12, ""data_science"": 0}",https://jobs.lever.co/shieldai/904cb57e-5468-489b-8286-4b855368658c
lever,2c4f19cf-7a9c-47b7-a16e-2066f17ea998,Shield AI,"Staff Engineer, XBAT DevOps (R4542)","Seattle, Washington",47.60621,-122.33207,Full Time Employee,onsite,,"{""electrical_engineering"": 9, ""computer_science"": 17, ""mechanical_engineering"": 0, ""civil_engineering"": 0, ""production_engineering"": 9, ""administration"": 9, ""data_science"": 0}",https://jobs.lever.co/shieldai/2c4f19cf-7a9c-47b7-a16e-2066f17ea998
lever,a918e92a-3cc6-47df-bc74-4e2781d226d4,Shield AI,"Staff Engineering Specialist, Avionics (R5109)","Seattle, Washington",47.60621,-122.33207,Full Time Employee,onsite,,"{""electrical_engineering"": 17, ""computer_science"": 0, ""mechanical_engineering"": 9, ""civil_engineering"": 0, ""production_engineering"": 9, ""administration"": 12, ""data_science"": 0}",https://jobs.lever.co/shieldai/a918e92a-3cc6-47df-bc74-4e2781d226d4
lever,a031c582-1b29-4600-a7b3-58cba7adf806,Shield AI,Staff Facility Security Officer (R5220),"Washington, DC",38.89511,-77.03637,Full Time Employee,onsite,,"{""electrical_engineering"": 0, ""computer_science"": 0, ""mechanical_engineering"": 0, ""civil_engineering"": 0, ""production_engineering"": 9, ""administration"": 9, ""data_science"": 0}",https://jobs.lever.co/shieldai/a031c582-1b29-4600-a7b3-58cba7adf806
lever,3ec25f55-8815-4f0f-8cfd-63a318d55328,Shield AI,Staff Field Solutions Engineer (R5343),"Orlando, FL",28.53834,-81.37924,Full Time Employee,onsite,,"{""electrical_engineering"": 9, ""computer_science"": 0, ""mechanical_engineering"": 0, ""civil_engineering"": 0, ""production_engineering"": 9, ""administration"": 54, ""data_science"": 0}",https://jobs.lever.co/shieldai/3ec25f55-8815-4f0f-8cfd-63a318d55328
lever,a9afa909-29ae-4f20-a9cc-b0c3cd31e0e2,Shield AI,Staff Field Solutions Engineer (R5522),"Washington, DC",38.89511,-77.03637,Full Time Employee,onsite,,"{""electrical_engineering"": 9, ""computer_science"": 0, ""mechanical_engineering"": 0, ""civil_engineering"": 9, ""production_engineering"": 9, ""administration"": 12, ""data_science"": 0}",https://jobs.lever.co/shieldai/a9afa909-29ae-4f20-a9cc-b0c3cd31e0e2
lever,8c616778-17fe-48ae-9ab8-548d92872dfb,Shield AI,Staff Field Solutions Engineer (R5523),"Washington, DC",,,Full Time Employee,remote,,"{""electrical_engineering"": 9, ""computer_science"": 0, ""mechanical_engineering"": 0, ""civil_engineering"": 9, ""production_engineering"": 9, ""administration"": 12, ""data_science"": 0}",https://jobs.lever.co/shieldai/8c616778-17fe-48ae-9ab8-548d92872dfb
lever,0ecceb36-b4a8-4714-a484-0ff4cee1844d,Shield AI,Staff Field Solutions Engineer (R5524),"San Mateo, California",14.6982,121.1236,Full Time Employee,onsite,,"{""electrical_engineering"": 9, ""computer_science"": 0, ""mechanical_engineering"": 0, ""civil_engineering"": 0, ""production_engineering"": 9, ""administration"": 54, ""data_science"": 0}",https://jobs.lever.co/shieldai/0ecceb36-b4a8-4714-a484-0ff4cee1844d
lever,365ee662-f4e8-4a22-a092-f0d31b8708f3,Shield AI,Staff Field Solutions Engineer (R5644),Melbourne,-37.814,144.96332,International Office Entity,onsite,internship,"{""electrical_engineering"": 0, ""computer_science"": 0, ""mechanical_engineering"": 0, ""civil_engineering"": 0, ""production_engineering"": 9, ""administration"": 9, ""data_science"": 0}",https://jobs.lever.co/shieldai/365ee662-f4e8-4a22-a092-f0d31b8708f3
lever,9a6944c7-f448-45bd-a272-09c94d2faa80,Shield AI,Staff Fuel Systems Engineer,"Dallas, Texas",32.78306,-96.80667,Full Time Employee,onsite,,"{""electrical_engineering"": 0, ""computer_science"": 0, ""mechanical_engineering"": 0, ""civil_engineering"": 0, ""production_engineering"": 9, ""administration"": 9, ""data_science"": 0}",https://jobs.lever.co/shieldai/9a6944c7-f448-45bd-a272-09c94d2faa80
lever,7866a552-dd2f-4e81-89cd-67a52d1bbb39,Shield AI,Staff Hardware Recruiter,Remote,,,Full Time Employee,onsite,,"{""electrical_engineering"": 73, ""computer_science"": 0, ""mechanical_engineering"": 9, ""civil_engineering"": 0, ""production_engineering"": 15, ""administration"": 12, ""data_science"": 0}",https://jobs.lever.co/shieldai/7866a552-dd2f-4e81-89cd-67a52d1bbb39
lever,88a4633a-d0b1-4025-b3ff-cb4c976fadc9,Shield AI,Staff Hardware Reliability Engineer (R5142),"Seattle, Washington",47.60621,-122.33207,Full Time Employee,onsite,,"{""electrical_engineering"": 17, ""computer_science"": 0, ""mechanical_engineering"": 9, ""civil_engineering"": 0, ""production_engineering"": 12, ""administration"": 9, ""data_science"": 0}",https://jobs.lever.co/shieldai/88a4633a-d0b1-4025-b3ff-cb4c976fadc9
lever,d0b52d5f-5a87-4cbc-8fc8-ba4f529b8c90,Shield AI,Staff Import Compliance Specialist (R5392),"Dallas, Texas",32.78306,-96.80667,Full Time Employee,onsite,,"{""electrical_engineering"": 0, ""computer_science"": 0, ""mechanical_engineering"": 0, ""civil_engineering"": 0, ""production_engineering"": 12, ""administration"": 12, ""data_science"": 0}",https://jobs.lever.co/shieldai/d0b52d5f-5a87-4cbc-8fc8-ba4f529b8c90
lever,86e8868c-10a5-4eb7-8356-f9c18fd3bc42,Shield AI,Staff Information Systems Security Officer (R5789),"Washington, DC",38.89511,-77.03637,Full Time Employee,onsite,,"{""electrical_engineering"": 9, ""computer_science"": 9, ""mechanical_engineering"": 0, ""civil_engineering"": 0, ""production_engineering"": 9, ""administration"": 9, ""data_science"": 0}",https://jobs.lever.co/shieldai/86e8868c-10a5-4eb7-8356-f9c18fd3bc42
lever,18347d18-9816-4085-b0da-5f2ff84687c1,Shield AI,Staff Loads Engineer (R4954),"Seattle, Washington",47.60621,-122.33207,Full Time Employee,onsite,,"{""electrical_engineering"": 9, ""computer_science"": 0, ""mechanical_engineering"": 0, ""civil_engineering"": 0, ""production_engineering"": 9, ""administration"": 9, ""data_science"": 0}",https://jobs.lever.co/shieldai/18347d18-9816-4085-b0da-5f2ff84687c1
lever,c65332c3-5cd0-404d-97f9-e3a71895ed91,Shield AI,"Staff Mechanical Engineer, Systems Integration (R5694)","Seattle, Washington",47.60621,-122.33207,Full Time Employee,onsite,,"{""electrical_engineering"": 51, ""computer_science"": 0, ""mechanical_engineering"": 79, ""civil_engineering"": 9, ""production_engineering"": 9, ""administration"": 9, ""data_science"": 0}",https://jobs.lever.co/shieldai/c65332c3-5cd0-404d-97f9-e3a71895ed91
lever,bf324025-2b57-4133-b473-81d2d1b20da4,Shield AI,Staff Product Marketing Manager - V-BAT (R5274),"Washington, DC",38.89511,-77.03637,Full Time Employee,hybrid,,"{""electrical_engineering"": 0, ""computer_science"": 0, ""mechanical_engineering"": 0, ""civil_engineering"": 0, ""production_engineering"": 9, ""administration"": 17, ""data_science"": 0}",https://jobs.lever.co/shieldai/bf324025-2b57-4133-b473-81d2d1b20da4
lever,942cf840-e5da-489d-9086-e1e8ae09821a,Shield AI,Staff Reliability and Maintainability Engineer (R5301),"Dallas, Texas",32.78306,-96.80667,Full Time Employee,onsite,,"{""electrical_engineering"": 12, ""computer_science"": 0, ""mechanical_engineering"": 9, ""civil_engineering"": 0, ""production_engineering"": 15, ""administration"": 9, ""data_science"": 0}",https://jobs.lever.co/shieldai/942cf840-e5da-489d-9086-e1e8ae09821a
lever,9e5b2887-d40e-48ac-bfb3-f08bc9aa8829,Shield AI,"Staff Software Engineer, Autonomous Pilot Integration –  Emerging Domains (R5401)","Washington, DC",38.89511,-77.03637,Full Time Employee,onsite,,"{""electrical_engineering"": 9, ""computer_science"": 70, ""mechanical_engineering"": 0, ""civil_engineering"": 0, ""production_engineering"": 12, ""administration"": 9, ""data_science"": 0}",https://jobs.lever.co/shieldai/9e5b2887-d40e-48ac-bfb3-f08bc9aa8829
lever,2973db9d-8bd9-4f89-af10-a6c0a7fead77,Shield AI,"Staff Software Engineer, Autonomous Pilot Integration –  Weapons (R5400)","Washington, DC",38.89511,-77.03637,Full Time Employee,onsite,,"{""electrical_engineering"": 9, ""computer_science"": 70, ""mechanical_engineering"": 0, ""civil_engineering"": 0, ""production_engineering"": 12, ""administration"": 9, ""data_science"": 0}",https://jobs.lever.co/shieldai/2973db9d-8bd9-4f89-af10-a6c0a7fead77
lever,cfceea3e-535a-4daa-b981-ae25746d285b,Shield AI,"Staff Software Engineer, Autonomous Pilot Integration – Expeditionary (R5208)","Washington, DC",38.89511,-77.03637,Full Time Employee,onsite,,"{""electrical_engineering"": 12, ""computer_science"": 70, ""mechanical_engineering"": 0, ""civil_engineering"": 0, ""production_engineering"": 12, ""administration"": 9, ""data_science"": 0}",https://jobs.lever.co/shieldai/cfceea3e-535a-4daa-b981-ae25746d285b
lever,4cdda6f8-a132-431b-910e-8dfc1d1fec24,Shield AI,"Staff Software Engineer, Autonomous Pilot Integration (R5208)","Washington, DC",38.89511,-77.03637,Full Time Employee,onsite,,"{""electrical_engineering"": 9, ""computer_science"": 70, ""mechanical_engineering"": 0, ""civil_engineering"": 0, ""production_engineering"": 12, ""administration"": 9, ""data_science"": 0}",https://jobs.lever.co/shieldai/4cdda6f8-a132-431b-910e-8dfc1d1fec24
lever,1b05ba43-1659-42d9-89c5-91e204da8d1f,Shield AI,"Staff Software Engineer, Autonomous Pilot Integration (R5395)","San Mateo, California",14.6982,121.1236,Full Time Employee,onsite,,"{""electrical_engineering"": 9, ""computer_science"": 70, ""mechanical_engineering"": 0, ""civil_engineering"": 0, ""production_engineering"": 12, ""administration"": 9, ""data_science"": 0}",https://jobs.lever.co/shieldai/1b05ba43-1659-42d9-89c5-91e204da8d1f
lever,20ba2fbb-f9b3-4408-ac5c-7809a8446ea3,Shield AI,"Staff Software Engineer, Autonomy Applications Engineering",New Delhi,28.65195,77.23149,International Office Entity,onsite,internship,"{""electrical_engineering"": 9, ""computer_science"": 70, ""mechanical_engineering"": 0, ""civil_engineering"": 0, ""production_engineering"": 9, ""administration"": 9, ""data_science"": 0}",https://jobs.lever.co/shieldai/20ba2fbb-f9b3-4408-ac5c-7809a8446ea3
lever,addd3b2a-4b3b-41d8-9821-1cf50a442836,Shield AI,"Staff Software Engineer, Autonomy Behaviors (R4588)","Boston, MA",42.35843,-71.05977,Full Time Employee,onsite,,"{""electrical_engineering"": 9, ""computer_science"": 70, ""mechanical_engineering"": 0, ""civil_engineering"": 9, ""production_engineering"": 12, ""administration"": 51, ""data_science"": 0}",https://jobs.lever.co/shieldai/addd3b2a-4b3b-41d8-9821-1cf50a442836
lever,93f53ebc-7b99-468e-956b-07a82af2a315,Shield AI,"Staff Software Engineer, Autonomy Capabilities – Space (R5368)","Boston, MA",42.35843,-71.05977,Full Time Employee,onsite,,"{""electrical_engineering"": 9, ""computer_science"": 70, ""mechanical_engineering"": 0, ""civil_engineering"": 9, ""production_engineering"": 12, ""administration"": 51, ""data_science"": 0}",https://jobs.lever.co/shieldai/93f53ebc-7b99-468e-956b-07a82af2a315
lever,94a05ffd-7376-4794-8d4b-80f6c56d151d,Shield AI,"Staff Software Engineer, Autonomy Capabilities (R5368)","San Mateo, California",14.6982,121.1236,Full Time Employee,onsite,,"{""electrical_engineering"": 9, ""computer_science"": 70, ""mechanical_engineering"": 0, ""civil_engineering"": 9, ""production_engineering"": 12, ""administration"": 51, ""data_science"": 0}",https://jobs.lever.co/shieldai/94a05ffd-7376-4794-8d4b-80f6c56d151d
lever,b6dcf09f-1fb2-4ac1-b2e6-9fab8acb4e79,Shield AI,"Staff Software Engineer, GCS - Full Stack (R5192)",United States,,,Full Time Employee,onsite,,"{""electrical_engineering"": 12, ""computer_science"": 87, ""mechanical_engineering"": 0, ""civil_engineering"": 0, ""production_engineering"": 12, ""administration"": 9, ""data_science"": 0}",https://jobs.lever.co/shieldai/b6dcf09f-1fb2-4ac1-b2e6-9fab8acb4e79
lever,104a9e83-0848-49c7-9d82-64618bbb39cb,Shield AI,"Staff Software Engineer, Perception (R5421)","Washington, DC",38.89511,-77.03637,Full Time Employee,onsite,,"{""electrical_engineering"": 0, ""computer_science"": 82, ""mechanical_engineering"": 0, ""civil_engineering"": 9, ""production_engineering"": 9, ""administration"": 9, ""data_science"": 51}",https://jobs.lever.co/shieldai/104a9e83-0848-49c7-9d82-64618bbb39cb
lever,e9f9e015-9f9c-4e38-9fd8-a4e573e0fab5,Shield AI,Staff Supplier Development Engineer - Propulsion & Landing Gear (R5859),"Seattle, Washington",47.60621,-122.33207,Full Time Employee,onsite,,"{""electrical_engineering"": 12, ""computer_science"": 0, ""mechanical_engineering"": 12, ""civil_engineering"": 9, ""production_engineering"": 15, ""administration"": 9, ""data_science"": 0}",https://jobs.lever.co/shieldai/e9f9e015-9f9c-4e38-9fd8-a4e573e0fab5
lever,466470a1-4a1a-4c49-8adc-90cd6358ea76,Shield AI,"Staff Systems Engineer, Hivemind Enterprise (R4625)","San Diego, California",32.71571,-117.16472,Full Time Employee,onsite,,"{""electrical_engineering"": 9, ""computer_science"": 0, ""mechanical_engineering"": 0, ""civil_engineering"": 0, ""production_engineering"": 12, ""administration"": 9, ""data_science"": 0}",https://jobs.lever.co/shieldai/466470a1-4a1a-4c49-8adc-90cd6358ea76
lever,caad3e56-08d2-45d4-bd80-151d673cf122,Shield AI,Staff Talent Sourcer - UK & EU,London,51.50853,-0.12574,International Office Entity,onsite,internship,"{""electrical_engineering"": 9, ""computer_science"": 0, ""mechanical_engineering"": 9, ""civil_engineering"": 0, ""production_engineering"": 9, ""administration"": 51, ""data_science"": 0}",https://jobs.lever.co/shieldai/caad3e56-08d2-45d4-bd80-151d673cf122
lever,f6accb83-eb53-449d-802c-09171e216f8a,Shield AI,"Staff Technical Program Manager, Propulsion (R4727)","Seattle, Washington",47.60621,-122.33207,Full Time Employee,onsite,,"{""electrical_engineering"": 9, ""computer_science"": 0, ""mechanical_engineering"": 0, ""civil_engineering"": 0, ""production_engineering"": 9, ""administration"": 9, ""data_science"": 0}",https://jobs.lever.co/shieldai/f6accb83-eb53-449d-802c-09171e216f8a
lever,36eee857-3f87-4b68-a25f-3a56d54f409b,Shield AI,Staff Technical Sourcer - Aircraft Engineering,"Dallas, Texas",32.78306,-96.80667,Full Time Employee,hybrid,,"{""electrical_engineering"": 0, ""computer_science"": 0, ""mechanical_engineering"": 9, ""civil_engineering"": 0, ""production_engineering"": 9, ""administration"": 12, ""data_science"": 0}",https://jobs.lever.co/shieldai/36eee857-3f87-4b68-a25f-3a56d54f409b
lever,3d6d5608-23f6-4a7c-81ff-f41aaf05eb27,Shield AI,"Staff Technician, Air Vehicle Systems (R4892)","Seattle, Washington",47.60621,-122.33207,Full Time Employee,onsite,,"{""electrical_engineering"": 0, ""computer_science"": 0, ""mechanical_engineering"": 9, ""civil_engineering"": 0, ""production_engineering"": 9, ""administration"": 9, ""data_science"": 0}",https://jobs.lever.co/shieldai/3d6d5608-23f6-4a7c-81ff-f41aaf05eb27
lever,2efa34e6-2e67-4414-9c72-a5aa745e84ee,Shield AI,"Staff, Field Solutions Engineer - Asia / Middle East","Dallas, Texas",32.78306,-96.80667,Full Time Employee,onsite,,"{""electrical_engineering"": 0, ""computer_science"": 0, ""mechanical_engineering"": 0, ""civil_engineering"": 0, ""production_engineering"": 9, ""administration"": 12, ""data_science"": 0}",https://jobs.lever.co/shieldai/2efa34e6-2e67-4414-9c72-a5aa745e84ee
lever,91a83ad8-2453-4eda-ba35-a2c2ec6baf27,Shield AI,Standardization Pilot (R5478),"Dallas, Texas",32.78306,-96.80667,,onsite,,"{""electrical_engineering"": 0, ""computer_science"": 0, ""mechanical_engineering"": 0, ""civil_engineering"": 0, ""production_engineering"": 9, ""administration"": 9, ""data_science"": 0}",https://jobs.lever.co/shieldai/91a83ad8-2453-4eda-ba35-a2c2ec6baf27
lever,515658a7-d371-48ac-aea4-0c09d6ade3a6,Shield AI,Strategic Sourcing Manager - Hivemind Subcontracts (R4464),"Washington, DC",38.89511,-77.03637,Full Time Employee,onsite,,"{""electrical_engineering"": 9, ""computer_science"": 0, ""mechanical_engineering"": 0, ""civil_engineering"": 9, ""production_engineering"": 12, ""administration"": 9, ""data_science"": 0}",https://jobs.lever.co/shieldai/515658a7-d371-48ac-aea4-0c09d6ade3a6
lever,7533928c-9ed8-4c22-bda4-ba450fd4ce9a,Shield AI,Strategic Sourcing Manager - Mechanical (R5858),"Seattle, Washington",47.60621,-122.33207,Full Time Employee,onsite,,"{""electrical_engineering"": 12, ""computer_science"": 0, ""mechanical_engineering"": 12, ""civil_engineering"": 9, ""production_engineering"": 12, ""administration"": 9, ""data_science"": 0}",https://jobs.lever.co/shieldai/7533928c-9ed8-4c22-bda4-ba450fd4ce9a
lever,42de5714-9487-42a5-ba68-f68ebec43d78,Shield AI,Strategic Sourcing Manager (R4766),"Dallas, Texas",32.78306,-96.80667,Full Time Employee,onsite,,"{""electrical_engineering"": 12, ""computer_science"": 0, ""mechanical_engineering"": 9, ""civil_engineering"": 9, ""production_engineering"": 12, ""administration"": 12, ""data_science"": 0}",https://jobs.lever.co/shieldai/42de5714-9487-42a5-ba68-f68ebec43d78
lever,c41c41a2-83d8-41a0-8a3b-ff8b84dc1c8a,Shield AI,Summer 2027 - Advanced Manufacturing Engineering Intern,"Dallas, Texas",32.78306,-96.80667,Intern,onsite,internship; summer_internship,"{""electrical_engineering"": 9, ""computer_science"": 0, ""mechanical_engineering"": 17, ""civil_engineering"": 0, ""production_engineering"": 15, ""administration"": 9, ""data_science"": 0}",https://jobs.lever.co/shieldai/c41c41a2-83d8-41a0-8a3b-ff8b84dc1c8a
lever,8c6cfcee-c6da-4a73-9bdf-3ef098ff59e6,Shield AI,Summer 2027 - Electrical Engineering Co-op (June 2027),"Dallas, Texas",32.78306,-96.80667,Intern,onsite,internship; co_op; summer_internship,"{""electrical_engineering"": 79, ""computer_science"": 0, ""mechanical_engineering"": 9, ""civil_engineering"": 0, ""production_engineering"": 9, ""administration"": 9, ""data_science"": 0}",https://jobs.lever.co/shieldai/8c6cfcee-c6da-4a73-9bdf-3ef098ff59e6
lever,200a293f-71ce-4982-a100-ac4b500c4cf7,Shield AI,Summer 2027 - Electrical Engineering Intern,"Dallas, Texas",32.78306,-96.80667,Intern,onsite,internship; summer_internship,"{""electrical_engineering"": 79, ""computer_science"": 0, ""mechanical_engineering"": 0, ""civil_engineering"": 0, ""production_engineering"": 9, ""administration"": 9, ""data_science"": 0}",https://jobs.lever.co/shieldai/200a293f-71ce-4982-a100-ac4b500c4cf7
lever,8c850c75-081d-4d09-bebf-096379a93010,Shield AI,Summer 2027 - Software Engineer Intern,"San Diego, California",32.71571,-117.16472,Intern,onsite,internship; summer_internship,"{""electrical_engineering"": 9, ""computer_science"": 70, ""mechanical_engineering"": 0, ""civil_engineering"": 0, ""production_engineering"": 9, ""administration"": 9, ""data_science"": 0}",https://jobs.lever.co/shieldai/8c850c75-081d-4d09-bebf-096379a93010
lever,cf0f2076-a481-4b1a-8a37-39979abb98e6,Shield AI,Supplier Development Engineer - Electronics (R5480),"Dallas, Texas",32.78306,-96.80667,Full Time Employee,onsite,,"{""electrical_engineering"": 17, ""computer_science"": 0, ""mechanical_engineering"": 9, ""civil_engineering"": 0, ""production_engineering"": 18, ""administration"": 9, ""data_science"": 0}",https://jobs.lever.co/shieldai/cf0f2076-a481-4b1a-8a37-39979abb98e6
lever,9f1c3c6f-6807-4cd4-bbb1-d9914841c23e,Shield AI,Supplier Development Engineer - Mechanical (R4561),"Dallas, Texas",32.78306,-96.80667,Full Time Employee,onsite,,"{""electrical_engineering"": 9, ""computer_science"": 0, ""mechanical_engineering"": 9, ""civil_engineering"": 0, ""production_engineering"": 18, ""administration"": 9, ""data_science"": 0}",https://jobs.lever.co/shieldai/9f1c3c6f-6807-4cd4-bbb1-d9914841c23e
lever,34d71878-2793-427c-ac43-e83cff4a5fee,Shield AI,Supplier Development Engineer (R4621),Taipei,25.05306,121.52639,International EOR,onsite,internship,"{""electrical_engineering"": 9, ""computer_science"": 0, ""mechanical_engineering"": 9, ""civil_engineering"": 0, ""production_engineering"": 18, ""administration"": 9, ""data_science"": 0}",https://jobs.lever.co/shieldai/34d71878-2793-427c-ac43-e83cff4a5fee
lever,063e8ca4-9077-4edf-b85e-04dcfdf9afc3,Shield AI,Systems Test Engineer (R5243),London,51.50853,-0.12574,Full Time Employee,onsite,,"{""electrical_engineering"": 12, ""computer_science"": 0, ""mechanical_engineering"": 0, ""civil_engineering"": 0, ""production_engineering"": 12, ""administration"": 9, ""data_science"": 0}",https://jobs.lever.co/shieldai/063e8ca4-9077-4edf-b85e-04dcfdf9afc3
lever,5044fc9d-3138-46fe-a90d-058cf1373746,Shield AI,"Technical Program Manager, Manufacturing (R4741)","Dallas, Texas",32.78306,-96.80667,Full Time Employee,onsite,,"{""electrical_engineering"": 0, ""computer_science"": 0, ""mechanical_engineering"": 17, ""civil_engineering"": 0, ""production_engineering"": 12, ""administration"": 12, ""data_science"": 0}",https://jobs.lever.co/shieldai/5044fc9d-3138-46fe-a90d-058cf1373746
lever,000362bc-8cc0-4569-8b47-a3c463f67b2f,Shield AI,"Technical Program Manager, Mission Autonomy (R5052)","Dallas, Texas",32.78306,-96.80667,Full Time Employee,onsite,,"{""electrical_engineering"": 15, ""computer_science"": 0, ""mechanical_engineering"": 0, ""civil_engineering"": 0, ""production_engineering"": 9, ""administration"": 9, ""data_science"": 0}",https://jobs.lever.co/shieldai/000362bc-8cc0-4569-8b47-a3c463f67b2f
lever,880305bc-3c32-4771-a144-92320b19a2fe,Shield AI,Technical Writer (R5661),"Dallas, Texas",32.78306,-96.80667,Full Time Employee,onsite,,"{""electrical_engineering"": 12, ""computer_science"": 0, ""mechanical_engineering"": 9, ""civil_engineering"": 0, ""production_engineering"": 9, ""administration"": 9, ""data_science"": 0}",https://jobs.lever.co/shieldai/880305bc-3c32-4771-a144-92320b19a2fe
lever,3b0846c2-88ed-47d0-8ab0-59a844704ece,Shield AI,"Technician 3, Quality Systems Engineering (R4956)","Dallas, Texas",32.78306,-96.80667,Full Time Employee,onsite,,"{""electrical_engineering"": 9, ""computer_science"": 0, ""mechanical_engineering"": 9, ""civil_engineering"": 0, ""production_engineering"": 17, ""administration"": 9, ""data_science"": 0}",https://jobs.lever.co/shieldai/3b0846c2-88ed-47d0-8ab0-59a844704ece
lever,8f00a36b-02b5-4800-b55b-2c9d29c6dd62,Shield AI,"Technician 4, Quality Engineering (R4959)","Dallas, Texas",32.78306,-96.80667,Full Time Employee,onsite,,"{""electrical_engineering"": 15, ""computer_science"": 0, ""mechanical_engineering"": 12, ""civil_engineering"": 0, ""production_engineering"": 17, ""administration"": 9, ""data_science"": 0}",https://jobs.lever.co/shieldai/8f00a36b-02b5-4800-b55b-2c9d29c6dd62
lever,dae12300-3947-40a7-b497-bbb189599cb3,Shield AI,"Technician II, Facilities (5444)","Dallas, Texas",32.78306,-96.80667,Full Time Employee,onsite,,"{""electrical_engineering"": 9, ""computer_science"": 0, ""mechanical_engineering"": 0, ""civil_engineering"": 0, ""production_engineering"": 9, ""administration"": 9, ""data_science"": 0}",https://jobs.lever.co/shieldai/dae12300-3947-40a7-b497-bbb189599cb3
lever,688eda0d-b749-4a29-80e9-e6e1d4a80d2d,Shield AI,"Technician III, Maintenance (R5318)","Dallas, Texas",32.78306,-96.80667,Full Time Employee,onsite,,"{""electrical_engineering"": 0, ""computer_science"": 0, ""mechanical_engineering"": 0, ""civil_engineering"": 0, ""production_engineering"": 12, ""administration"": 9, ""data_science"": 0}",https://jobs.lever.co/shieldai/688eda0d-b749-4a29-80e9-e6e1d4a80d2d
lever,a197979d-ed30-4da9-91b1-a578097522ad,Shield AI,"Territory Business Development Manager, Intel/Space Force (R5134)","Washington, DC",,,Full Time Employee,remote,,"{""electrical_engineering"": 12, ""computer_science"": 0, ""mechanical_engineering"": 0, ""civil_engineering"": 0, ""production_engineering"": 9, ""administration"": 88, ""data_science"": 0}",https://jobs.lever.co/shieldai/a197979d-ed30-4da9-91b1-a578097522ad
lever,ef16315f-376b-4453-b804-42b0352c7f99,Shield AI,"Territory Business Development Manager, USMC (R5167)",Remote,,,Full Time Employee,remote,,"{""electrical_engineering"": 12, ""computer_science"": 0, ""mechanical_engineering"": 0, ""civil_engineering"": 0, ""production_engineering"": 9, ""administration"": 88, ""data_science"": 0}",https://jobs.lever.co/shieldai/ef16315f-376b-4453-b804-42b0352c7f99
lever,d76b3027-d232-405f-8dcd-c0ef70cd5868,Shield AI,Tool Control Coordinator (R5727),"Dallas, Texas",32.78306,-96.80667,Full Time Employee,onsite,,"{""electrical_engineering"": 0, ""computer_science"": 0, ""mechanical_engineering"": 0, ""civil_engineering"": 0, ""production_engineering"": 9, ""administration"": 9, ""data_science"": 0}",https://jobs.lever.co/shieldai/d76b3027-d232-405f-8dcd-c0ef70cd5868
lever,70f28ba1-aac2-4911-8253-fe86e1e0242a,Shield AI,UAS Operator & Flight Operations Technician (R5438),Lviv,49.83826,24.02324,International EOR,onsite,internship,"{""electrical_engineering"": 9, ""computer_science"": 0, ""mechanical_engineering"": 0, ""civil_engineering"": 0, ""production_engineering"": 17, ""administration"": 17, ""data_science"": 0}",https://jobs.lever.co/shieldai/70f28ba1-aac2-4911-8253-fe86e1e0242a
lever,3286ffe2-a1e7-4393-9df6-2703d8b55967,Shield AI,V-BAT Air Vehicle Operator,"Dallas, Texas",32.78306,-96.80667,Full Time Employee,onsite,,"{""electrical_engineering"": 9, ""computer_science"": 0, ""mechanical_engineering"": 0, ""civil_engineering"": 0, ""production_engineering"": 9, ""administration"": 9, ""data_science"": 0}",https://jobs.lever.co/shieldai/3286ffe2-a1e7-4393-9df6-2703d8b55967
lever,6b0abf25-6af7-4a8d-9b95-b2509bd63d82,Shield AI,V-BAT Internal Training Instructor (R5031),"Dallas, Texas",32.78306,-96.80667,Full Time Employee,onsite,internship,"{""electrical_engineering"": 0, ""computer_science"": 0, ""mechanical_engineering"": 0, ""civil_engineering"": 0, ""production_engineering"": 9, ""administration"": 9, ""data_science"": 0}",https://jobs.lever.co/shieldai/6b0abf25-6af7-4a8d-9b95-b2509bd63d82
lever,a4ca6614-e302-48f9-800c-fc9903ea5b5a,Shield AI,"X-BAT Business Development Director, Middle East (R4949)",Abu Dhabi,24.45118,54.39696,International Office Entity,onsite,internship,"{""electrical_engineering"": 0, ""computer_science"": 0, ""mechanical_engineering"": 9, ""civil_engineering"": 0, ""production_engineering"": 9, ""administration"": 82, ""data_science"": 0}",https://jobs.lever.co/shieldai/a4ca6614-e302-48f9-800c-fc9903ea5b5a
lever,0afd0654-a0f4-4312-b778-f972820e5f4c,Nexus Engineering Group,Chemical Process and Instrumentation/Controls Engineering Internship or Co-Op (Summer 2027),"Maumee, OH",,,Seasonal (Intern),onsite,internship; co_op; summer_internship,"{""electrical_engineering"": 9, ""computer_science"": 0, ""mechanical_engineering"": 0, ""civil_engineering"": 0, ""production_engineering"": 0, ""administration"": 0, ""data_science"": 0}",https://jobs.lever.co/nexuse-group/0afd0654-a0f4-4312-b778-f972820e5f4c
lever,803bdf77-0351-44ac-a61c-febd0c15f44b,Nexus Engineering Group,Chemical Process Engineering Internship or Co-Op (Summer 2027),"Cleveland, OH",41.4995,-81.69541,Seasonal (Intern),onsite,internship; co_op; summer_internship,"{""electrical_engineering"": 9, ""computer_science"": 0, ""mechanical_engineering"": 17, ""civil_engineering"": 0, ""production_engineering"": 0, ""administration"": 0, ""data_science"": 0}",https://jobs.lever.co/nexuse-group/803bdf77-0351-44ac-a61c-febd0c15f44b
lever,a284c926-1072-4dff-9e62-c07365503224,Nexus Engineering Group,Civil/Structural Engineer Internship or Co-Op (Summer 2027),"Maumee, OH",,,Seasonal (Intern),onsite,internship; co_op; summer_internship,"{""electrical_engineering"": 9, ""computer_science"": 0, ""mechanical_engineering"": 0, ""civil_engineering"": 0, ""production_engineering"": 0, ""administration"": 0, ""data_science"": 0}",https://jobs.lever.co/nexuse-group/a284c926-1072-4dff-9e62-c07365503224
lever,fd0f60a1-bee2-4ff2-8d90-ef42d1fc033f,Nexus Engineering Group,Civil/Structural Engineer Internship or Co-Op (Summer 2027),"Cleveland, OH",41.4995,-81.69541,Seasonal (Intern),onsite,internship; co_op; summer_internship,"{""electrical_engineering"": 9, ""computer_science"": 0, ""mechanical_engineering"": 0, ""civil_engineering"": 0, ""production_engineering"": 0, ""administration"": 0, ""data_science"": 0}",https://jobs.lever.co/nexuse-group/fd0f60a1-bee2-4ff2-8d90-ef42d1fc033f
lever,2e96b1f1-eefd-4f86-9abf-09cbef739c2d,Nexus Engineering Group,Construction Manager – Early Works,"Bismarck, ND",46.80833,-100.78374,Full-time,onsite,,"{""electrical_engineering"": 9, ""computer_science"": 0, ""mechanical_engineering"": 0, ""civil_engineering"": 17, ""production_engineering"": 9, ""administration"": 0, ""data_science"": 0}",https://jobs.lever.co/nexuse-group/2e96b1f1-eefd-4f86-9abf-09cbef739c2d
lever,42f3036a-ea57-49ca-995d-04174dce07a6,Nexus Engineering Group,Electrical Drafter/Designer (Entry Level),"Cleveland, OH",41.4995,-81.69541,Full-time,hybrid,entry_level,"{""electrical_engineering"": 0, ""computer_science"": 0, ""mechanical_engineering"": 0, ""civil_engineering"": 0, ""production_engineering"": 0, ""administration"": 0, ""data_science"": 0}",https://jobs.lever.co/nexuse-group/42f3036a-ea57-49ca-995d-04174dce07a6
lever,0246a80a-3a68-4db3-a8a7-8a7aaf372d84,Nexus Engineering Group,Electrical Engineer,"Cleveland, OH",41.4995,-81.69541,Full-time,hybrid,,"{""electrical_engineering"": 79, ""computer_science"": 0, ""mechanical_engineering"": 0, ""civil_engineering"": 0, ""production_engineering"": 0, ""administration"": 0, ""data_science"": 0}",https://jobs.lever.co/nexuse-group/0246a80a-3a68-4db3-a8a7-8a7aaf372d84
lever,3bee38c6-4cd2-4105-9090-0f223ea52cb8,Nexus Engineering Group,Electrical Engineer,"Oak Brook, IL",,,Full-time,hybrid,,"{""electrical_engineering"": 79, ""computer_science"": 0, ""mechanical_engineering"": 0, ""civil_engineering"": 0, ""production_engineering"": 0, ""administration"": 0, ""data_science"": 0}",https://jobs.lever.co/nexuse-group/3bee38c6-4cd2-4105-9090-0f223ea52cb8
lever,a30e0685-e8d2-457e-88a0-e47400768086,Nexus Engineering Group,Electrical Engineering Internship or Co-Op (Fall 2027),"Cleveland, OH",41.4995,-81.69541,Seasonal (Intern),onsite,internship; co_op,"{""electrical_engineering"": 79, ""computer_science"": 0, ""mechanical_engineering"": 0, ""civil_engineering"": 0, ""production_engineering"": 0, ""administration"": 0, ""data_science"": 0}",https://jobs.lever.co/nexuse-group/a30e0685-e8d2-457e-88a0-e47400768086
lever,a3686ec1-1d22-4df4-b83c-7afba9e69313,Nexus Engineering Group,Electrical Engineering Internship or Co-Op (Summer 2027),"Cleveland, OH",41.4995,-81.69541,Seasonal (Intern),onsite,internship; co_op; summer_internship,"{""electrical_engineering"": 79, ""computer_science"": 0, ""mechanical_engineering"": 0, ""civil_engineering"": 0, ""production_engineering"": 0, ""administration"": 0, ""data_science"": 0}",https://jobs.lever.co/nexuse-group/a3686ec1-1d22-4df4-b83c-7afba9e69313
lever,be1c82ea-445b-485a-9d07-87e5f41f7af4,Nexus Engineering Group,Electrical Engineering Internship or Co-Op (Summer 2027),"Oak Brook, IL",,,Seasonal (Intern),onsite,internship; co_op; summer_internship,"{""electrical_engineering"": 79, ""computer_science"": 0, ""mechanical_engineering"": 0, ""civil_engineering"": 0, ""production_engineering"": 0, ""administration"": 0, ""data_science"": 0}",https://jobs.lever.co/nexuse-group/be1c82ea-445b-485a-9d07-87e5f41f7af4
lever,9c859eeb-b251-4865-bc1a-a5737ef42620,Nexus Engineering Group,Electrical/Substation Engineering Internship or Co-Op (Summer 2027),"Maumee, OH",,,Seasonal (Intern),onsite,internship; co_op; summer_internship,"{""electrical_engineering"": 42, ""computer_science"": 0, ""mechanical_engineering"": 0, ""civil_engineering"": 12, ""production_engineering"": 0, ""administration"": 0, ""data_science"": 0}",https://jobs.lever.co/nexuse-group/9c859eeb-b251-4865-bc1a-a5737ef42620
lever,0eff47b7-f4f4-4519-9016-5dc2b2470cf4,Nexus Engineering Group,Instrumentation & Controls Engineer Intern or Co-Op (Spring 2027),"Maumee, OH",,,Seasonal (Intern),onsite,internship; co_op,"{""electrical_engineering"": 9, ""computer_science"": 0, ""mechanical_engineering"": 0, ""civil_engineering"": 0, ""production_engineering"": 0, ""administration"": 0, ""data_science"": 0}",https://jobs.lever.co/nexuse-group/0eff47b7-f4f4-4519-9016-5dc2b2470cf4
lever,9732456a-5672-4cf2-bcdb-721159c0d8a6,Nexus Engineering Group,Instrumentation & Controls Engineer Intern or Co-Op (Summer 2027),"Cleveland, OH",41.4995,-81.69541,Seasonal (Intern),onsite,internship; co_op; summer_internship,"{""electrical_engineering"": 9, ""computer_science"": 0, ""mechanical_engineering"": 0, ""civil_engineering"": 0, ""production_engineering"": 0, ""administration"": 0, ""data_science"": 0}",https://jobs.lever.co/nexuse-group/9732456a-5672-4cf2-bcdb-721159c0d8a6
lever,c9dc8daa-e2bc-4a36-9768-e8fb4de1f5ce,Nexus Engineering Group,Lead Cost Engineer,"Akron, OH",41.08144,-81.51901,Full-time,onsite,,"{""electrical_engineering"": 0, ""computer_science"": 0, ""mechanical_engineering"": 0, ""civil_engineering"": 9, ""production_engineering"": 0, ""administration"": 9, ""data_science"": 0}",https://jobs.lever.co/nexuse-group/c9dc8daa-e2bc-4a36-9768-e8fb4de1f5ce
lever,1c99ce4b-dfc4-423d-af93-ef73557baf4d,Nexus Engineering Group,Piping Internship or Co-Op (Summer 2027),"Maumee, OH",,,Seasonal (Intern),onsite,internship; co_op; summer_internship,"{""electrical_engineering"": 9, ""computer_science"": 0, ""mechanical_engineering"": 0, ""civil_engineering"": 0, ""production_engineering"": 0, ""administration"": 0, ""data_science"": 0}",https://jobs.lever.co/nexuse-group/1c99ce4b-dfc4-423d-af93-ef73557baf4d
lever,2055fb0a-1e6b-40d3-a70a-b1b41caa84f4,Nexus Engineering Group,"Project Manager, Chemicals & Refining","Cleveland, OH",41.4995,-81.69541,Full-time,onsite,,"{""electrical_engineering"": 0, ""computer_science"": 0, ""mechanical_engineering"": 0, ""civil_engineering"": 0, ""production_engineering"": 9, ""administration"": 0, ""data_science"": 0}",https://jobs.lever.co/nexuse-group/2055fb0a-1e6b-40d3-a70a-b1b41caa84f4
lever,5d225d32-01d1-4ad1-8f6d-f47f4dca717e,Nexus Engineering Group,SCADA Engineer,"Maumee, OH",,,Full-time,hybrid,,"{""electrical_engineering"": 9, ""computer_science"": 0, ""mechanical_engineering"": 17, ""civil_engineering"": 9, ""production_engineering"": 0, ""administration"": 0, ""data_science"": 0}",https://jobs.lever.co/nexuse-group/5d225d32-01d1-4ad1-8f6d-f47f4dca717e
lever,6cbee54c-1eaf-4ee5-a476-6df2c31d4d2a,Nexus Engineering Group,SCADA Engineer,"Oak Brook, IL",,,Full-time,hybrid,,"{""electrical_engineering"": 9, ""computer_science"": 0, ""mechanical_engineering"": 17, ""civil_engineering"": 9, ""production_engineering"": 0, ""administration"": 0, ""data_science"": 0}",https://jobs.lever.co/nexuse-group/6cbee54c-1eaf-4ee5-a476-6df2c31d4d2a
lever,e51cfa58-9da9-4727-9ae5-2577b6d1df91,Nexus Engineering Group,SCADA Engineer,"Columbus, OH",39.96118,-82.99879,Full-time,hybrid,,"{""electrical_engineering"": 9, ""computer_science"": 0, ""mechanical_engineering"": 17, ""civil_engineering"": 9, ""production_engineering"": 0, ""administration"": 0, ""data_science"": 0}",https://jobs.lever.co/nexuse-group/e51cfa58-9da9-4727-9ae5-2577b6d1df91
lever,7b67243d-f9c1-4208-8574-0055818cbfbc,Nexus Engineering Group,Senior Electrical Engineer,"Maumee, OH",,,Full-time,hybrid,,"{""electrical_engineering"": 70, ""computer_science"": 0, ""mechanical_engineering"": 0, ""civil_engineering"": 0, ""production_engineering"": 9, ""administration"": 0, ""data_science"": 0}",https://jobs.lever.co/nexuse-group/7b67243d-f9c1-4208-8574-0055818cbfbc
lever,7f75434e-84f7-4898-8375-097131916037,Nexus Engineering Group,Senior Electrical Engineer,"Cleveland, OH",41.4995,-81.69541,Full-time,hybrid,,"{""electrical_engineering"": 70, ""computer_science"": 0, ""mechanical_engineering"": 0, ""civil_engineering"": 0, ""production_engineering"": 9, ""administration"": 0, ""data_science"": 0}",https://jobs.lever.co/nexuse-group/7f75434e-84f7-4898-8375-097131916037
lever,a3b2336d-3fdc-4130-b63a-3acbc532b1a6,Nexus Engineering Group,Senior Power System Studies Engineer - REMOTE,"Cleveland, OH",,,Full-time,remote,,"{""electrical_engineering"": 51, ""computer_science"": 0, ""mechanical_engineering"": 0, ""civil_engineering"": 0, ""production_engineering"": 0, ""administration"": 0, ""data_science"": 0}",https://jobs.lever.co/nexuse-group/a3b2336d-3fdc-4130-b63a-3acbc532b1a6
lever,1e805eaf-6fee-480b-8fa7-3c2d42a64960,Nexus Engineering Group,Senior Substation Engineer – Protection & Controls,"Cleveland, OH",41.4995,-81.69541,Full-time,hybrid,,"{""electrical_engineering"": 0, ""computer_science"": 0, ""mechanical_engineering"": 0, ""civil_engineering"": 0, ""production_engineering"": 0, ""administration"": 0, ""data_science"": 0}",https://jobs.lever.co/nexuse-group/1e805eaf-6fee-480b-8fa7-3c2d42a64960
lever,7ce11215-96c6-4876-9ff6-7f750fd00f78,Nexus Engineering Group,Senior Substation Engineer – Protection & Controls,"Oak Brook, IL",,,Full-time,hybrid,,"{""electrical_engineering"": 0, ""computer_science"": 0, ""mechanical_engineering"": 0, ""civil_engineering"": 0, ""production_engineering"": 0, ""administration"": 0, ""data_science"": 0}",https://jobs.lever.co/nexuse-group/7ce11215-96c6-4876-9ff6-7f750fd00f78
lever,e0ffdcd5-18a9-43ec-accc-20e7738a1cee,Nexus Engineering Group,Senior Substation Engineer – Protection & Controls,"Maumee, OH",,,Full-time,hybrid,,"{""electrical_engineering"": 0, ""computer_science"": 0, ""mechanical_engineering"": 0, ""civil_engineering"": 0, ""production_engineering"": 0, ""administration"": 0, ""data_science"": 0}",https://jobs.lever.co/nexuse-group/e0ffdcd5-18a9-43ec-accc-20e7738a1cee
lever,c7d4ed7c-bc52-49f0-93ea-d84d167ac053,Nexus Engineering Group,Senior Substation Physical Designer,"Maumee, OH",,,Full-time,hybrid,,"{""electrical_engineering"": 0, ""computer_science"": 0, ""mechanical_engineering"": 0, ""civil_engineering"": 0, ""production_engineering"": 0, ""administration"": 0, ""data_science"": 0}",https://jobs.lever.co/nexuse-group/c7d4ed7c-bc52-49f0-93ea-d84d167ac053
lever,58678f5c-948c-46e8-937c-c1251fb83b8a,Nexus Engineering Group,Senior Substation Physical Designer or Engineer,"Cleveland, OH",41.4995,-81.69541,Full-time,hybrid,,"{""electrical_engineering"": 0, ""computer_science"": 0, ""mechanical_engineering"": 0, ""civil_engineering"": 0, ""production_engineering"": 0, ""administration"": 0, ""data_science"": 0}",https://jobs.lever.co/nexuse-group/58678f5c-948c-46e8-937c-c1251fb83b8a
lever,a8020048-aa40-4087-b1f8-29f41c33e0e2,Nexus Engineering Group,Senior Substation Physical Designer or Engineer,"Oak Brook, IL",,,Full-time,hybrid,,"{""electrical_engineering"": 0, ""computer_science"": 0, ""mechanical_engineering"": 0, ""civil_engineering"": 0, ""production_engineering"": 0, ""administration"": 0, ""data_science"": 0}",https://jobs.lever.co/nexuse-group/a8020048-aa40-4087-b1f8-29f41c33e0e2
lever,547b4a4b-6dda-4819-b598-cfdd7938f5f7,Nexus Engineering Group,Substation Designer - AutoCAD Electrical,"Cleveland, OH",41.4995,-81.69541,Full-time,hybrid,,"{""electrical_engineering"": 9, ""computer_science"": 0, ""mechanical_engineering"": 17, ""civil_engineering"": 17, ""production_engineering"": 0, ""administration"": 0, ""data_science"": 0}",https://jobs.lever.co/nexuse-group/547b4a4b-6dda-4819-b598-cfdd7938f5f7
lever,bad7959c-4974-4d28-830b-3a556bc6c4d2,Nexus Engineering Group,Substation Discipline Manager,"Maumee, OH",,,Full-time,onsite,,"{""electrical_engineering"": 12, ""computer_science"": 0, ""mechanical_engineering"": 0, ""civil_engineering"": 0, ""production_engineering"": 9, ""administration"": 42, ""data_science"": 0}",https://jobs.lever.co/nexuse-group/bad7959c-4974-4d28-830b-3a556bc6c4d2
lever,5e147152-d780-4a08-a438-2365aaadd98a,Nexus Engineering Group,Substation Engineer,"Cleveland, OH",41.4995,-81.69541,Full-time,hybrid,,"{""electrical_engineering"": 0, ""computer_science"": 0, ""mechanical_engineering"": 0, ""civil_engineering"": 12, ""production_engineering"": 12, ""administration"": 0, ""data_science"": 0}",https://jobs.lever.co/nexuse-group/5e147152-d780-4a08-a438-2365aaadd98a
lever,c8b78307-df6c-449d-9068-deab30727add,Nexus Engineering Group,Substation Engineer,"Oak Brook, IL",,,Full-time,hybrid,,"{""electrical_engineering"": 0, ""computer_science"": 0, ""mechanical_engineering"": 0, ""civil_engineering"": 12, ""production_engineering"": 12, ""administration"": 0, ""data_science"": 0}",https://jobs.lever.co/nexuse-group/c8b78307-df6c-449d-9068-deab30727add
lever,3bf98a8f-2bbf-47ff-afdc-3976afdb0098,Nexus Engineering Group,Substation Engineer – Protection & Controls,"Cleveland, OH",41.4995,-81.69541,Full-time,hybrid,,"{""electrical_engineering"": 9, ""computer_science"": 0, ""mechanical_engineering"": 9, ""civil_engineering"": 0, ""production_engineering"": 0, ""administration"": 0, ""data_science"": 0}",https://jobs.lever.co/nexuse-group/3bf98a8f-2bbf-47ff-afdc-3976afdb0098
lever,6a247b67-8613-4e05-b63f-a254f246a075,Nexus Engineering Group,Substation Engineer – Protection & Controls,"Oak Brook, IL",,,Full-time,hybrid,,"{""electrical_engineering"": 9, ""computer_science"": 0, ""mechanical_engineering"": 9, ""civil_engineering"": 0, ""production_engineering"": 0, ""administration"": 0, ""data_science"": 0}",https://jobs.lever.co/nexuse-group/6a247b67-8613-4e05-b63f-a254f246a075
lever,bb1aca39-1696-43c7-849d-617e5b5cefe1,Nexus Engineering Group,Substation Engineering Internship or Co-Op (Fall 2027),"Cleveland, OH",41.4995,-81.69541,Seasonal (Intern),onsite,internship; co_op,"{""electrical_engineering"": 12, ""computer_science"": 0, ""mechanical_engineering"": 0, ""civil_engineering"": 12, ""production_engineering"": 0, ""administration"": 0, ""data_science"": 0}",https://jobs.lever.co/nexuse-group/bb1aca39-1696-43c7-849d-617e5b5cefe1
lever,aa47acf2-5896-485b-a3f6-1f6f134381b9,Nexus Engineering Group,Substation Engineering Internship or Co-Op (Summer 2027),"Cleveland, OH",41.4995,-81.69541,Seasonal (Intern),onsite,internship; co_op; summer_internship,"{""electrical_engineering"": 12, ""computer_science"": 0, ""mechanical_engineering"": 0, ""civil_engineering"": 12, ""production_engineering"": 0, ""administration"": 0, ""data_science"": 0}",https://jobs.lever.co/nexuse-group/aa47acf2-5896-485b-a3f6-1f6f134381b9
lever,92433dee-4661-467e-97be-1000e6f80427,Nexus Engineering Group,Substation Physical Designer,"Oak Brook, IL",,,Full-time,hybrid,,"{""electrical_engineering"": 0, ""computer_science"": 0, ""mechanical_engineering"": 0, ""civil_engineering"": 0, ""production_engineering"": 0, ""administration"": 0, ""data_science"": 0}",https://jobs.lever.co/nexuse-group/92433dee-4661-467e-97be-1000e6f80427
lever,c15821b2-10b3-4251-8a62-f9c1417a142f,Nexus Engineering Group,Substation Physical Designer,"Cleveland, OH",41.4995,-81.69541,Full-time,hybrid,,"{""electrical_engineering"": 0, ""computer_science"": 0, ""mechanical_engineering"": 0, ""civil_engineering"": 0, ""production_engineering"": 0, ""administration"": 0, ""data_science"": 0}",https://jobs.lever.co/nexuse-group/c15821b2-10b3-4251-8a62-f9c1417a142f
lever,19d6c085-35c8-49c7-beca-cfe25137570c,Foth,Accounting Analyst,"Green Bay, Wisconsin",44.51916,-88.01983,Full Time Non-Exempt,hybrid,,"{""electrical_engineering"": 0, ""computer_science"": 0, ""mechanical_engineering"": 0, ""civil_engineering"": 0, ""production_engineering"": 0, ""administration"": 42, ""data_science"": 0}",https://jobs.lever.co/foth/19d6c085-35c8-49c7-beca-cfe25137570c
lever,6b92456f-6db2-4ca3-8789-f5bb79354ec7,Foth,Aviation Civil Engineering Manager,"Louisville, Kentucky",38.25424,-85.75941,Full Time Exempt,onsite,,"{""electrical_engineering"": 9, ""computer_science"": 0, ""mechanical_engineering"": 0, ""civil_engineering"": 70, ""production_engineering"": 0, ""administration"": 0, ""data_science"": 0}",https://jobs.lever.co/foth/6b92456f-6db2-4ca3-8789-f5bb79354ec7
lever,25963d77-bbbc-45a1-b3ca-a07ea8be1b03,Foth,Bilingual Construction Manager,"Green Bay, Wisconsin",44.51916,-88.01983,Full Time Exempt,onsite,,"{""electrical_engineering"": 0, ""computer_science"": 0, ""mechanical_engineering"": 0, ""civil_engineering"": 17, ""production_engineering"": 0, ""administration"": 0, ""data_science"": 0}",https://jobs.lever.co/foth/25963d77-bbbc-45a1-b3ca-a07ea8be1b03
lever,44611d2b-f3c5-4c6e-92a2-168613fbbf38,Foth,Business Development - Food Plant Engineering,"Cincinnati, Ohio",,,Full Time Exempt,remote,,"{""electrical_engineering"": 0, ""computer_science"": 0, ""mechanical_engineering"": 0, ""civil_engineering"": 0, ""production_engineering"": 0, ""administration"": 70, ""data_science"": 0}",https://jobs.lever.co/foth/44611d2b-f3c5-4c6e-92a2-168613fbbf38
lever,18663df3-3dd5-45c7-9d07-9b8ec58642c9,Foth,Business Development Manager - Solid Waste Solutions,"Jacksonville, Florida",30.33218,-81.65565,Full Time Exempt,hybrid,,"{""electrical_engineering"": 0, ""computer_science"": 0, ""mechanical_engineering"": 0, ""civil_engineering"": 0, ""production_engineering"": 0, ""administration"": 70, ""data_science"": 0}",https://jobs.lever.co/foth/18663df3-3dd5-45c7-9d07-9b8ec58642c9
lever,6a9bbc1d-9bb7-4443-ac8c-9b9e4976d3a5,Foth,Civil Design Technician,"Des Moines, Iowa",41.60054,-93.60911,Full Time Exempt,hybrid,,"{""electrical_engineering"": 0, ""computer_science"": 0, ""mechanical_engineering"": 0, ""civil_engineering"": 9, ""production_engineering"": 0, ""administration"": 0, ""data_science"": 0}",https://jobs.lever.co/foth/6a9bbc1d-9bb7-4443-ac8c-9b9e4976d3a5
lever,6b2e5dce-27bd-43a5-9196-3aee46e1b2db,Foth,Civil Engineer,"Louisville, Kentucky",38.25424,-85.75941,Full Time Exempt,onsite,,"{""electrical_engineering"": 0, ""computer_science"": 0, ""mechanical_engineering"": 0, ""civil_engineering"": 79, ""production_engineering"": 0, ""administration"": 9, ""data_science"": 0}",https://jobs.lever.co/foth/6b2e5dce-27bd-43a5-9196-3aee46e1b2db
lever,42de5dc1-688e-4633-b2ec-b0ace61061be,Foth,Civil Engineer- Transportation Design,"Des Moines, Iowa",41.60054,-93.60911,Full Time Exempt,hybrid,,"{""electrical_engineering"": 0, ""computer_science"": 0, ""mechanical_engineering"": 0, ""civil_engineering"": 79, ""production_engineering"": 0, ""administration"": 0, ""data_science"": 0}",https://jobs.lever.co/foth/42de5dc1-688e-4633-b2ec-b0ace61061be
lever,1577398b-0da8-4833-852b-a5d9f1b0f15a,Foth,Civil Engineering Intern-Airport Construction (Summer 2027),"Louisville, Kentucky",38.25424,-85.75941,Internship,onsite,internship; summer_internship,"{""electrical_engineering"": 0, ""computer_science"": 0, ""mechanical_engineering"": 0, ""civil_engineering"": 87, ""production_engineering"": 0, ""administration"": 0, ""data_science"": 0}",https://jobs.lever.co/foth/1577398b-0da8-4833-852b-a5d9f1b0f15a
lever,e471465e-e43d-4d2a-a231-6a7aaccebd2c,Foth,Civil Engineering Intern-Airport Construction (Summer 2027),"Des Moines, Iowa",41.60054,-93.60911,Internship,onsite,internship; summer_internship,"{""electrical_engineering"": 0, ""computer_science"": 0, ""mechanical_engineering"": 0, ""civil_engineering"": 87, ""production_engineering"": 0, ""administration"": 0, ""data_science"": 0}",https://jobs.lever.co/foth/e471465e-e43d-4d2a-a231-6a7aaccebd2c
lever,072d5e17-c095-49bc-ac02-4cd558bb5d64,Foth,Civil Engineering Intern-Coastal Infrastructure (Summer 2027),"Newport, Rhode Island",51.58774,-2.99835,Internship,onsite,internship; summer_internship,"{""electrical_engineering"": 9, ""computer_science"": 0, ""mechanical_engineering"": 0, ""civil_engineering"": 87, ""production_engineering"": 0, ""administration"": 0, ""data_science"": 0}",https://jobs.lever.co/foth/072d5e17-c095-49bc-ac02-4cd558bb5d64
lever,4998f2da-491b-43c7-b981-5674ad0cf5d6,Foth,Civil Engineering Intern-Construction (Summer 2027),"Milwaukee, Wisconsin",43.0389,-87.90647,Internship,onsite,internship; summer_internship; seasonal_job,"{""electrical_engineering"": 0, ""computer_science"": 0, ""mechanical_engineering"": 0, ""civil_engineering"": 87, ""production_engineering"": 0, ""administration"": 0, ""data_science"": 0}",https://jobs.lever.co/foth/4998f2da-491b-43c7-b981-5674ad0cf5d6
lever,f105ed8b-b522-49da-81a2-acd248297bd7,Foth,Civil Engineering Intern-Transportation Design (Summer 2027),"Des Moines, Iowa",41.60054,-93.60911,Internship,onsite,internship; summer_internship; seasonal_job,"{""electrical_engineering"": 0, ""computer_science"": 0, ""mechanical_engineering"": 0, ""civil_engineering"": 79, ""production_engineering"": 0, ""administration"": 0, ""data_science"": 0}",https://jobs.lever.co/foth/f105ed8b-b522-49da-81a2-acd248297bd7
lever,95f75d08-ec27-48ff-8c60-dcf2d5720885,Foth,Civil Engineering Intern-Waterfront Infrastructure (Summer 2027),"Green Bay, Wisconsin",44.51916,-88.01983,Internship,onsite,internship; summer_internship,"{""electrical_engineering"": 17, ""computer_science"": 0, ""mechanical_engineering"": 0, ""civil_engineering"": 87, ""production_engineering"": 0, ""administration"": 0, ""data_science"": 0}",https://jobs.lever.co/foth/95f75d08-ec27-48ff-8c60-dcf2d5720885
lever,4cbc4c85-4a58-41ae-a8a0-6135370b94cb,Foth,Civil Engineering Project Manager,"Rapid City, South Dakota",44.08054,-103.23101,Full Time Exempt,hybrid,,"{""electrical_engineering"": 0, ""computer_science"": 0, ""mechanical_engineering"": 0, ""civil_engineering"": 70, ""production_engineering"": 0, ""administration"": 0, ""data_science"": 0}",https://jobs.lever.co/foth/4cbc4c85-4a58-41ae-a8a0-6135370b94cb
lever,62f9931d-078d-496e-be2e-b46375e79e4a,Foth,Civil Engineering Project Manager,"Columbia, South Carolina",34.00071,-81.03481,Full Time Exempt,hybrid,,"{""electrical_engineering"": 0, ""computer_science"": 0, ""mechanical_engineering"": 0, ""civil_engineering"": 70, ""production_engineering"": 0, ""administration"": 0, ""data_science"": 0}",https://jobs.lever.co/foth/62f9931d-078d-496e-be2e-b46375e79e4a
lever,785b980a-791f-46b1-b371-5648118ce298,Foth,Civil Market Leader,"Georgetown, Texas",6.80448,-58.15527,Full Time Exempt,hybrid,,"{""electrical_engineering"": 0, ""computer_science"": 0, ""mechanical_engineering"": 0, ""civil_engineering"": 9, ""production_engineering"": 0, ""administration"": 42, ""data_science"": 0}",https://jobs.lever.co/foth/785b980a-791f-46b1-b371-5648118ce298
lever,88af3aa6-9ce7-41d2-a44c-d625e8bd3c29,Foth,Civil/Environmental Engineering Intern-Solid Waste (Summer 2027),"Green Bay, Wisconsin",44.51916,-88.01983,Internship,onsite,internship; summer_internship,"{""electrical_engineering"": 0, ""computer_science"": 0, ""mechanical_engineering"": 0, ""civil_engineering"": 9, ""production_engineering"": 0, ""administration"": 0, ""data_science"": 0}",https://jobs.lever.co/foth/88af3aa6-9ce7-41d2-a44c-d625e8bd3c29
lever,d9e49005-0ada-47ba-a999-27338904afce,Foth,Client Manager - Contaminated Sediment,"Green Bay, Wisconsin",,,Full Time Exempt,remote,,"{""electrical_engineering"": 0, ""computer_science"": 0, ""mechanical_engineering"": 0, ""civil_engineering"": 9, ""production_engineering"": 9, ""administration"": 42, ""data_science"": 0}",https://jobs.lever.co/foth/d9e49005-0ada-47ba-a999-27338904afce
lever,e334584b-5f57-493c-aa79-7020fdb49a8f,Foth,Client Manager - Marine Infrastructure,"Marion, Massachusetts",,,Full Time Exempt,remote,,"{""electrical_engineering"": 0, ""computer_science"": 0, ""mechanical_engineering"": 0, ""civil_engineering"": 17, ""production_engineering"": 9, ""administration"": 42, ""data_science"": 0}",https://jobs.lever.co/foth/e334584b-5f57-493c-aa79-7020fdb49a8f
lever,0a2d552f-6dce-48be-85a0-cfbcee37c0e7,Foth,Client Relationship Manager - Industrial Wastewater,"Green Bay, Wisconsin",,,Full Time Exempt,remote,,"{""electrical_engineering"": 0, ""computer_science"": 0, ""mechanical_engineering"": 9, ""civil_engineering"": 0, ""production_engineering"": 0, ""administration"": 0, ""data_science"": 0}",https://jobs.lever.co/foth/0a2d552f-6dce-48be-85a0-cfbcee37c0e7
lever,41c0a056-9cce-4125-83cb-9c30e9e3783f,Foth,Coastal Engineering Intern (Summer 2027),"Jacksonville, Florida",30.33218,-81.65565,Internship,onsite,internship; summer_internship,"{""electrical_engineering"": 9, ""computer_science"": 0, ""mechanical_engineering"": 0, ""civil_engineering"": 9, ""production_engineering"": 0, ""administration"": 0, ""data_science"": 0}",https://jobs.lever.co/foth/41c0a056-9cce-4125-83cb-9c30e9e3783f
lever,8eb456e0-0e36-465a-9d32-5cf79ad5bbc7,Foth,Construction Buyer,"Green Bay, Wisconsin",,,Full Time Exempt,remote,,"{""electrical_engineering"": 9, ""computer_science"": 0, ""mechanical_engineering"": 0, ""civil_engineering"": 17, ""production_engineering"": 12, ""administration"": 9, ""data_science"": 0}",https://jobs.lever.co/foth/8eb456e0-0e36-465a-9d32-5cf79ad5bbc7
lever,89946849-5084-435a-ba9d-eaece87a0956,Foth,Construction Manager - Industrial Projects,"Green Bay, Wisconsin",,,Full Time Exempt,remote,,"{""electrical_engineering"": 0, ""computer_science"": 0, ""mechanical_engineering"": 0, ""civil_engineering"": 17, ""production_engineering"": 0, ""administration"": 0, ""data_science"": 0}",https://jobs.lever.co/foth/89946849-5084-435a-ba9d-eaece87a0956
lever,0a13e827-6d79-45da-a6b2-c927e7219974,Foth,Construction Safety Specialist,"Green Bay, Wisconsin",,,Full Time Exempt,remote,,"{""electrical_engineering"": 9, ""computer_science"": 0, ""mechanical_engineering"": 0, ""civil_engineering"": 17, ""production_engineering"": 0, ""administration"": 0, ""data_science"": 0}",https://jobs.lever.co/foth/0a13e827-6d79-45da-a6b2-c927e7219974
lever,47d08640-f887-472a-a0ff-af96cd0859e9,Foth,Electrical & Controls Designer,"Green Bay, Wisconsin",44.51916,-88.01983,Full Time Exempt,hybrid,,"{""electrical_engineering"": 42, ""computer_science"": 0, ""mechanical_engineering"": 9, ""civil_engineering"": 0, ""production_engineering"": 0, ""administration"": 0, ""data_science"": 0}",https://jobs.lever.co/foth/47d08640-f887-472a-a0ff-af96cd0859e9
lever,e59ed4a4-4dd7-4cb2-91a3-c528e5752985,Foth,Electrical Engineering Co-op (Summer/Fall 2027),"Green Bay, Wisconsin",44.51916,-88.01983,Co-op,onsite,co_op,"{""electrical_engineering"": 70, ""computer_science"": 0, ""mechanical_engineering"": 0, ""civil_engineering"": 0, ""production_engineering"": 0, ""administration"": 0, ""data_science"": 0}",https://jobs.lever.co/foth/e59ed4a4-4dd7-4cb2-91a3-c528e5752985
lever,dacbf6ca-74a4-41a3-97ba-6ca0d4066ea4,Foth,Electrical Engineering Intern (Summer 2027),"Green Bay, Wisconsin",44.51916,-88.01983,Internship,onsite,internship; summer_internship,"{""electrical_engineering"": 70, ""computer_science"": 0, ""mechanical_engineering"": 0, ""civil_engineering"": 0, ""production_engineering"": 0, ""administration"": 0, ""data_science"": 0}",https://jobs.lever.co/foth/dacbf6ca-74a4-41a3-97ba-6ca0d4066ea4
lever,6ed66a6c-9559-429a-91dd-a79093ef9f45,Foth,Engineering Project Manager – Paper & General Industrial Industry,"Green Bay, Wisconsin",,,Full Time Exempt,remote,,"{""electrical_engineering"": 9, ""computer_science"": 0, ""mechanical_engineering"": 9, ""civil_engineering"": 0, ""production_engineering"": 0, ""administration"": 0, ""data_science"": 0}",https://jobs.lever.co/foth/6ed66a6c-9559-429a-91dd-a79093ef9f45
lever,eb2e72fc-affe-4369-8075-9466a7d17498,Foth,Environmental Consulting Intern (Summer 2027),"Green Bay, Wisconsin",44.51916,-88.01983,Internship,onsite,internship; summer_internship,"{""electrical_engineering"": 9, ""computer_science"": 0, ""mechanical_engineering"": 0, ""civil_engineering"": 0, ""production_engineering"": 0, ""administration"": 0, ""data_science"": 0}",https://jobs.lever.co/foth/eb2e72fc-affe-4369-8075-9466a7d17498
lever,f4ab8511-20d6-4f69-b6e6-c19811a22ae5,Foth,Environmental Engineer,"Minneapolis, Minnesota",44.97997,-93.26384,Full Time Exempt,hybrid,,"{""electrical_engineering"": 0, ""computer_science"": 0, ""mechanical_engineering"": 0, ""civil_engineering"": 0, ""production_engineering"": 0, ""administration"": 0, ""data_science"": 0}",https://jobs.lever.co/foth/f4ab8511-20d6-4f69-b6e6-c19811a22ae5
lever,76707dca-8238-4301-bba3-317e5aaa9246,Foth,Environmental Science Intern (Summer 2027),"Duluth, Minnesota",46.78327,-92.10658,Internship,onsite,internship; summer_internship,"{""electrical_engineering"": 0, ""computer_science"": 0, ""mechanical_engineering"": 0, ""civil_engineering"": 0, ""production_engineering"": 0, ""administration"": 0, ""data_science"": 0}",https://jobs.lever.co/foth/76707dca-8238-4301-bba3-317e5aaa9246
lever,79892dec-5e00-4b17-9952-c66d79028eb3,Foth,HVAC Engineer,"Green Bay, Wisconsin",44.51916,-88.01983,Full Time Exempt,hybrid,,"{""electrical_engineering"": 9, ""computer_science"": 0, ""mechanical_engineering"": 17, ""civil_engineering"": 0, ""production_engineering"": 0, ""administration"": 0, ""data_science"": 0}",https://jobs.lever.co/foth/79892dec-5e00-4b17-9952-c66d79028eb3
lever,9b4e9dad-02b9-4132-9818-7091bd611a00,Foth,Hydrogeologist/Hydrologist,"Green Bay, Wisconsin",44.51916,-88.01983,Full Time Exempt,hybrid,,"{""electrical_engineering"": 0, ""computer_science"": 0, ""mechanical_engineering"": 0, ""civil_engineering"": 0, ""production_engineering"": 0, ""administration"": 0, ""data_science"": 0}",https://jobs.lever.co/foth/9b4e9dad-02b9-4132-9818-7091bd611a00
lever,9897c23c-c7f8-4643-a4a8-4f670b4ec170,Foth,Lead Coastal Engineer,"Jacksonville, Florida",30.33218,-81.65565,Full Time Exempt,onsite,,"{""electrical_engineering"": 9, ""computer_science"": 0, ""mechanical_engineering"": 0, ""civil_engineering"": 9, ""production_engineering"": 0, ""administration"": 0, ""data_science"": 0}",https://jobs.lever.co/foth/9897c23c-c7f8-4643-a4a8-4f670b4ec170
lever,326a251b-a27e-4c40-8820-99824dac8776,Foth,Lead Environmental Engineer - Solid Waste,"Jacksonville, Florida",30.33218,-81.65565,Full Time Exempt,hybrid,,"{""electrical_engineering"": 0, ""computer_science"": 0, ""mechanical_engineering"": 0, ""civil_engineering"": 0, ""production_engineering"": 0, ""administration"": 0, ""data_science"": 0}",https://jobs.lever.co/foth/326a251b-a27e-4c40-8820-99824dac8776
lever,c1cef4c6-12ae-4b0b-bea3-c2e46c8405d2,Foth,Lead Environmental Regulatory Specialist/Project Manager,"Marion, Massachusetts",34.20112,-118.53647,Full Time Exempt,hybrid,,"{""electrical_engineering"": 9, ""computer_science"": 0, ""mechanical_engineering"": 0, ""civil_engineering"": 9, ""production_engineering"": 0, ""administration"": 0, ""data_science"": 0}",https://jobs.lever.co/foth/c1cef4c6-12ae-4b0b-bea3-c2e46c8405d2
lever,5f4f122c-725d-4455-abe6-c1691e1aa399,Foth,Lead Environmental Scientist/Engineer - Environmental Compliance,"Jacksonville, Florida",,,Full Time Exempt,remote,,"{""electrical_engineering"": 0, ""computer_science"": 0, ""mechanical_engineering"": 0, ""civil_engineering"": 0, ""production_engineering"": 9, ""administration"": 0, ""data_science"": 0}",https://jobs.lever.co/foth/5f4f122c-725d-4455-abe6-c1691e1aa399
lever,6815bf30-4184-44ad-b2b6-cb467742712a,Foth,Lead Hydrogeologist,"Green Bay, Wisconsin",44.51916,-88.01983,Full Time Exempt,hybrid,,"{""electrical_engineering"": 0, ""computer_science"": 0, ""mechanical_engineering"": 0, ""civil_engineering"": 0, ""production_engineering"": 0, ""administration"": 0, ""data_science"": 0}",https://jobs.lever.co/foth/6815bf30-4184-44ad-b2b6-cb467742712a
lever,b1daebcf-bc11-4fce-a32b-147f19bdc060,Foth,Lead Packaging Designer,"Green Bay, Wisconsin",,,Full Time Exempt,remote,,"{""electrical_engineering"": 0, ""computer_science"": 0, ""mechanical_engineering"": 0, ""civil_engineering"": 0, ""production_engineering"": 0, ""administration"": 0, ""data_science"": 0}",https://jobs.lever.co/foth/b1daebcf-bc11-4fce-a32b-147f19bdc060
lever,0e4ea575-2735-46f1-8eef-72587e47f1ae,Foth,Lead Stormwater & Water Resources Engineer,"Minneapolis, Minnesota",,,Full Time Exempt,remote,,"{""electrical_engineering"": 0, ""computer_science"": 0, ""mechanical_engineering"": 0, ""civil_engineering"": 0, ""production_engineering"": 0, ""administration"": 0, ""data_science"": 0}",https://jobs.lever.co/foth/0e4ea575-2735-46f1-8eef-72587e47f1ae
lever,7b76ce6f-cec4-407c-9888-ee298c9eafef,Foth,Lead Structural Engineer,"Green Bay, Wisconsin",44.51916,-88.01983,Full Time Exempt,hybrid,,"{""electrical_engineering"": 0, ""computer_science"": 0, ""mechanical_engineering"": 0, ""civil_engineering"": 0, ""production_engineering"": 0, ""administration"": 0, ""data_science"": 0}",https://jobs.lever.co/foth/7b76ce6f-cec4-407c-9888-ee298c9eafef
lever,1f172161-3450-4a00-952e-f64090caaae8,Foth,Lead Waterfront Engineer/Project Manager,"Detroit, Michigan",42.33143,-83.04575,Full Time Exempt,hybrid,,"{""electrical_engineering"": 17, ""computer_science"": 0, ""mechanical_engineering"": 0, ""civil_engineering"": 9, ""production_engineering"": 9, ""administration"": 0, ""data_science"": 0}",https://jobs.lever.co/foth/1f172161-3450-4a00-952e-f64090caaae8
lever,a0a90928-d8e1-433c-8c2f-2c65562b0175,Foth,Lead Waterfront/Marine Structural Engineer,"Green Bay, Wisconsin",,,Full Time Exempt,remote,,"{""electrical_engineering"": 17, ""computer_science"": 0, ""mechanical_engineering"": 0, ""civil_engineering"": 12, ""production_engineering"": 9, ""administration"": 0, ""data_science"": 0}",https://jobs.lever.co/foth/a0a90928-d8e1-433c-8c2f-2c65562b0175
lever,d4e4eaf1-4046-4a8d-ae73-882f39355907,Foth,Mechanical Engineering Co-op (Summer/Fall 2027),"Green Bay, Wisconsin",44.51916,-88.01983,Co-op,onsite,co_op,"{""electrical_engineering"": 0, ""computer_science"": 0, ""mechanical_engineering"": 70, ""civil_engineering"": 0, ""production_engineering"": 0, ""administration"": 0, ""data_science"": 0}",https://jobs.lever.co/foth/d4e4eaf1-4046-4a8d-ae73-882f39355907
lever,6cc70042-0140-4979-9878-828edf973a83,Foth,Mechanical Engineering Intern (Summer 2027),"Mehoopany, Pennsylvania",,,Internship,onsite,internship; summer_internship,"{""electrical_engineering"": 0, ""computer_science"": 0, ""mechanical_engineering"": 70, ""civil_engineering"": 0, ""production_engineering"": 0, ""administration"": 0, ""data_science"": 0}",https://jobs.lever.co/foth/6cc70042-0140-4979-9878-828edf973a83
lever,78374fff-0ecd-4505-9f9d-bbfb0686c51e,Foth,Mechanical Packaging Systems Engineering Co-op (Summer/Fall 2027),"Green Bay, Wisconsin",44.51916,-88.01983,Co-op,onsite,co_op,"{""electrical_engineering"": 9, ""computer_science"": 0, ""mechanical_engineering"": 58, ""civil_engineering"": 0, ""production_engineering"": 0, ""administration"": 0, ""data_science"": 0}",https://jobs.lever.co/foth/78374fff-0ecd-4505-9f9d-bbfb0686c51e
lever,c074a997-c723-4c6f-b531-686ef1461c25,Foth,Mechanical Packaging Systems Engineering Intern (Summer 2027),"Green Bay, Wisconsin",44.51916,-88.01983,Internship,onsite,internship; summer_internship,"{""electrical_engineering"": 9, ""computer_science"": 0, ""mechanical_engineering"": 58, ""civil_engineering"": 0, ""production_engineering"": 9, ""administration"": 9, ""data_science"": 0}",https://jobs.lever.co/foth/c074a997-c723-4c6f-b531-686ef1461c25
lever,53007a32-0eb1-4045-bb3f-93b411a29ca0,Foth,Mechanical Process Engineer (Utilities),"Green Bay, Wisconsin",,,Full Time Exempt,remote,,"{""electrical_engineering"": 0, ""computer_science"": 0, ""mechanical_engineering"": 0, ""civil_engineering"": 0, ""production_engineering"": 0, ""administration"": 0, ""data_science"": 0}",https://jobs.lever.co/foth/53007a32-0eb1-4045-bb3f-93b411a29ca0
lever,754fdfc0-9600-4e10-9c87-3ab365be32a0,Foth,Mechanical Process Engineer (Utilities),"Mehoopany, Pennsylvania",,,Full Time Exempt,onsite,,"{""electrical_engineering"": 0, ""computer_science"": 0, ""mechanical_engineering"": 0, ""civil_engineering"": 0, ""production_engineering"": 0, ""administration"": 0, ""data_science"": 0}",https://jobs.lever.co/foth/754fdfc0-9600-4e10-9c87-3ab365be32a0
lever,d8cc43b0-5927-407f-9f0a-84bf51460354,Foth,Mechanical Process Engineering Co-op (Summer/Fall 2027),"Green Bay, Wisconsin",44.51916,-88.01983,Co-op,onsite,co_op,"{""electrical_engineering"": 0, ""computer_science"": 0, ""mechanical_engineering"": 17, ""civil_engineering"": 9, ""production_engineering"": 0, ""administration"": 0, ""data_science"": 0}",https://jobs.lever.co/foth/d8cc43b0-5927-407f-9f0a-84bf51460354
lever,9b9e654e-cca7-463f-b0c0-fab83c0acd81,Foth,Mechanical Process Engineering Intern (Summer 2027),"Green Bay, Wisconsin",44.51916,-88.01983,Internship,onsite,internship; summer_internship,"{""electrical_engineering"": 0, ""computer_science"": 0, ""mechanical_engineering"": 17, ""civil_engineering"": 0, ""production_engineering"": 0, ""administration"": 0, ""data_science"": 0}",https://jobs.lever.co/foth/9b9e654e-cca7-463f-b0c0-fab83c0acd81
lever,e4044300-d801-43bf-b07f-3e066a8d9ee9,Foth,MEP Team Leader,"Cincinnati, Ohio",39.12711,-84.51439,Full Time Exempt,onsite,,"{""electrical_engineering"": 0, ""computer_science"": 0, ""mechanical_engineering"": 9, ""civil_engineering"": 0, ""production_engineering"": 9, ""administration"": 0, ""data_science"": 0}",https://jobs.lever.co/foth/e4044300-d801-43bf-b07f-3e066a8d9ee9
lever,78b0d9ad-0b7b-4ede-a580-f8791534c804,Foth,Municipal Engineer,"Minneapolis, Minnesota",44.97997,-93.26384,Full Time Exempt,hybrid,,"{""electrical_engineering"": 0, ""computer_science"": 0, ""mechanical_engineering"": 0, ""civil_engineering"": 0, ""production_engineering"": 0, ""administration"": 0, ""data_science"": 0}",https://jobs.lever.co/foth/78b0d9ad-0b7b-4ede-a580-f8791534c804
lever,a8f49896-6f24-4fcf-8a57-7e764d5ba4eb,Foth,Packaging Designer,"Green Bay, Wisconsin",44.51916,-88.01983,Full Time Exempt,onsite,,"{""electrical_engineering"": 0, ""computer_science"": 0, ""mechanical_engineering"": 9, ""civil_engineering"": 0, ""production_engineering"": 0, ""administration"": 0, ""data_science"": 0}",https://jobs.lever.co/foth/a8f49896-6f24-4fcf-8a57-7e764d5ba4eb
lever,05a59cc1-2bd0-4339-8233-5874693089e2,Foth,Process Design Engineer,"Mehoopany, Pennsylvania",,,Full Time Exempt,hybrid,,"{""electrical_engineering"": 0, ""computer_science"": 0, ""mechanical_engineering"": 0, ""civil_engineering"": 0, ""production_engineering"": 0, ""administration"": 0, ""data_science"": 0}",https://jobs.lever.co/foth/05a59cc1-2bd0-4339-8233-5874693089e2
lever,7f630e10-d565-4e16-be74-609e2de45dc7,Foth,Project Coastal Engineer,"Jacksonville, Florida",30.33218,-81.65565,Full Time Exempt,onsite,,"{""electrical_engineering"": 0, ""computer_science"": 0, ""mechanical_engineering"": 0, ""civil_engineering"": 9, ""production_engineering"": 0, ""administration"": 0, ""data_science"": 0}",https://jobs.lever.co/foth/7f630e10-d565-4e16-be74-609e2de45dc7
lever,431ca4e4-ade1-40a1-ab92-a787caa7d434,Foth,Project Director,"Green Bay, Wisconsin",,,Full Time Exempt,remote,,"{""electrical_engineering"": 0, ""computer_science"": 0, ""mechanical_engineering"": 0, ""civil_engineering"": 0, ""production_engineering"": 0, ""administration"": 0, ""data_science"": 0}",https://jobs.lever.co/foth/431ca4e4-ade1-40a1-ab92-a787caa7d434
lever,983dd9fa-e09b-4828-b514-adf1cd62a65c,Foth,Project Engineer - Construction Management,"Petaluma, California",38.23242,-122.63665,Full Time Exempt,hybrid,,"{""electrical_engineering"": 9, ""computer_science"": 0, ""mechanical_engineering"": 0, ""civil_engineering"": 17, ""production_engineering"": 0, ""administration"": 0, ""data_science"": 0}",https://jobs.lever.co/foth/983dd9fa-e09b-4828-b514-adf1cd62a65c
lever,d9462595-16b5-439a-82e0-f32b8afad3ab,Foth,Project Manager - Environmental Projects,"Green Bay, Wisconsin",44.51916,-88.01983,Full Time Exempt,hybrid,,"{""electrical_engineering"": 0, ""computer_science"": 0, ""mechanical_engineering"": 0, ""civil_engineering"": 0, ""production_engineering"": 0, ""administration"": 0, ""data_science"": 0}",https://jobs.lever.co/foth/d9462595-16b5-439a-82e0-f32b8afad3ab
lever,1ad590c4-5972-4463-8097-98bc424c72a4,Foth,Project Manager - Solid Waste Solutions,"Jacksonville, Florida",30.33218,-81.65565,Full Time Exempt,hybrid,,"{""electrical_engineering"": 0, ""computer_science"": 0, ""mechanical_engineering"": 0, ""civil_engineering"": 0, ""production_engineering"": 0, ""administration"": 0, ""data_science"": 0}",https://jobs.lever.co/foth/1ad590c4-5972-4463-8097-98bc424c72a4
lever,2dab53e6-9f06-41fe-a2c9-c9808402c1e7,Foth,Structural Engineering Intern (Summer 2027),"Green Bay, Wisconsin",44.51916,-88.01983,Internship,onsite,internship; summer_internship,"{""electrical_engineering"": 0, ""computer_science"": 0, ""mechanical_engineering"": 0, ""civil_engineering"": 0, ""production_engineering"": 0, ""administration"": 0, ""data_science"": 0}",https://jobs.lever.co/foth/2dab53e6-9f06-41fe-a2c9-c9808402c1e7
lever,b087b7bd-e1a0-41af-a2e1-46c56b6e5ccb,Foth,Structural Engineering Intern (Summer 2027),"Mehoopany, Pennsylvania",,,Internship,onsite,internship; summer_internship,"{""electrical_engineering"": 0, ""computer_science"": 0, ""mechanical_engineering"": 0, ""civil_engineering"": 0, ""production_engineering"": 0, ""administration"": 0, ""data_science"": 0}",https://jobs.lever.co/foth/b087b7bd-e1a0-41af-a2e1-46c56b6e5ccb
lever,8672d42f-3abb-4fb5-937b-64ab7a78696e,Foth,Transportation Project Manager,"Milwaukee, Wisconsin",43.0389,-87.90647,Full Time Exempt,hybrid,,"{""electrical_engineering"": 0, ""computer_science"": 0, ""mechanical_engineering"": 0, ""civil_engineering"": 0, ""production_engineering"": 0, ""administration"": 0, ""data_science"": 0}",https://jobs.lever.co/foth/8672d42f-3abb-4fb5-937b-64ab7a78696e
lever,8d4dc3e3-9daf-4fad-b1c9-40f07977cf10,Foth,Water/Wastewater Engineer,"Minneapolis, Minnesota",44.97997,-93.26384,Full Time Exempt,hybrid,,"{""electrical_engineering"": 0, ""computer_science"": 0, ""mechanical_engineering"": 0, ""civil_engineering"": 9, ""production_engineering"": 0, ""administration"": 0, ""data_science"": 0}",https://jobs.lever.co/foth/8d4dc3e3-9daf-4fad-b1c9-40f07977cf10
lever,19245174-8591-4a40-a25e-7c4509acf976,Foth,WisDOT Construction Project Leader,"Milwaukee, Wisconsin",43.0389,-87.90647,Full Time Exempt,onsite,,"{""electrical_engineering"": 0, ""computer_science"": 0, ""mechanical_engineering"": 0, ""civil_engineering"": 17, ""production_engineering"": 0, ""administration"": 0, ""data_science"": 0}",https://jobs.lever.co/foth/19245174-8591-4a40-a25e-7c4509acf976
ashby,https://jobs.ashbyhq.com/northwoodspace/8ee46696-7cb9-4c3c-a189-07824509d851,Northwood Space,Senior Network Engineer,"Torrance, CA",33.83585,-118.34063,FullTime,,,"{""electrical_engineering"": 21, ""computer_science"": 51, ""mechanical_engineering"": 9, ""civil_engineering"": 9, ""production_engineering"": 9, ""administration"": 12, ""data_science"": 0}",https://jobs.ashbyhq.com/northwoodspace/8ee46696-7cb9-4c3c-a189-07824509d851/application
ashby,https://jobs.ashbyhq.com/northwoodspace/b960b661-e1cc-40d0-bde3-290cd1b58ede,Northwood Space,Software Engineer – General (new grad / early career),"Torrance, CA",33.83585,-118.34063,FullTime,,entry_level,"{""electrical_engineering"": 24, ""computer_science"": 85, ""mechanical_engineering"": 9, ""civil_engineering"": 9, ""production_engineering"": 9, ""administration"": 9, ""data_science"": 0}",https://jobs.ashbyhq.com/northwoodspace/b960b661-e1cc-40d0-bde3-290cd1b58ede/application
ashby,https://jobs.ashbyhq.com/northwoodspace/5fc99104-b1ce-4ca9-80f3-4d2da2075909,Northwood Space,Senior DSP Engineer,"Torrance, CA",33.83585,-118.34063,FullTime,,,"{""electrical_engineering"": 73, ""computer_science"": 0, ""mechanical_engineering"": 0, ""civil_engineering"": 9, ""production_engineering"": 0, ""administration"": 0, ""data_science"": 0}",https://jobs.ashbyhq.com/northwoodspace/5fc99104-b1ce-4ca9-80f3-4d2da2075909/application
ashby,https://jobs.ashbyhq.com/northwoodspace/c9233cc0-164e-44e0-b6c1-82b8e8a04640,Northwood Space,General Application (insert job you excel at),"Torrance, CA",33.83585,-118.34063,FullTime,,,"{""electrical_engineering"": 9, ""computer_science"": 0, ""mechanical_engineering"": 0, ""civil_engineering"": 9, ""production_engineering"": 0, ""administration"": 0, ""data_science"": 0}",https://jobs.ashbyhq.com/northwoodspace/c9233cc0-164e-44e0-b6c1-82b8e8a04640/application
ashby,https://jobs.ashbyhq.com/northwoodspace/11992bc2-5ec9-4143-9b64-e70be5b13726,Northwood Space,RF & Antenna Systems Engineer (Early Career),"Torrance, CA",33.83585,-118.34063,FullTime,,entry_level,"{""electrical_engineering"": 66, ""computer_science"": 9, ""mechanical_engineering"": 9, ""civil_engineering"": 9, ""production_engineering"": 0, ""administration"": 0, ""data_science"": 9}",https://jobs.ashbyhq.com/northwoodspace/11992bc2-5ec9-4143-9b64-e70be5b13726/application
ashby,https://jobs.ashbyhq.com/northwoodspace/d9c8d58d-11e2-45f3-9d52-6aee373c8fc8,Northwood Space,Mission Manager,"Torrance, CA",33.83585,-118.34063,FullTime,,,"{""electrical_engineering"": 18, ""computer_science"": 42, ""mechanical_engineering"": 9, ""civil_engineering"": 9, ""production_engineering"": 15, ""administration"": 51, ""data_science"": 0}",https://jobs.ashbyhq.com/northwoodspace/d9c8d58d-11e2-45f3-9d52-6aee373c8fc8/application
ashby,https://jobs.ashbyhq.com/northwoodspace/1aff98f5-3a25-47f9-afc4-4f57aa212694,Northwood Space,Staff Software Engineer - Backend ,"Torrance, CA",33.83585,-118.34063,FullTime,OnSite,,"{""electrical_engineering"": 12, ""computer_science"": 87, ""mechanical_engineering"": 0, ""civil_engineering"": 9, ""production_engineering"": 9, ""administration"": 9, ""data_science"": 0}",https://jobs.ashbyhq.com/northwoodspace/1aff98f5-3a25-47f9-afc4-4f57aa212694/application
ashby,https://jobs.ashbyhq.com/northwoodspace/5b6f905f-2a7a-4c70-b40f-fbc46dfe5cb8,Northwood Space,Senior Software Engineer (Space Communications),"Torrance, CA",33.83585,-118.34063,FullTime,,,"{""electrical_engineering"": 25, ""computer_science"": 91, ""mechanical_engineering"": 9, ""civil_engineering"": 9, ""production_engineering"": 9, ""administration"": 9, ""data_science"": 9}",https://jobs.ashbyhq.com/northwoodspace/5b6f905f-2a7a-4c70-b40f-fbc46dfe5cb8/application
ashby,https://jobs.ashbyhq.com/northwoodspace/20798d3e-039d-4255-9b9d-39612c0c597e,Northwood Space,FPGA Engineer,"Torrance, CA",33.83585,-118.34063,FullTime,,,"{""electrical_engineering"": 66, ""computer_science"": 9, ""mechanical_engineering"": 0, ""civil_engineering"": 9, ""production_engineering"": 9, ""administration"": 9, ""data_science"": 9}",https://jobs.ashbyhq.com/northwoodspace/20798d3e-039d-4255-9b9d-39612c0c597e/application
ashby,https://jobs.ashbyhq.com/northwoodspace/5d76a025-bb64-4ddd-8b97-8649c41d89ed,Northwood Space,RF Hardware Engineer,"Torrance, CA",33.83585,-118.34063,FullTime,,,"{""electrical_engineering"": 71, ""computer_science"": 51, ""mechanical_engineering"": 12, ""civil_engineering"": 9, ""production_engineering"": 0, ""administration"": 0, ""data_science"": 9}",https://jobs.ashbyhq.com/northwoodspace/5d76a025-bb64-4ddd-8b97-8649c41d89ed/application
ashby,https://jobs.ashbyhq.com/northwoodspace/af609880-1e6c-4f89-8594-3c593f6eba0f,Northwood Space,Electrical Engineer ,"Torrance, CA",33.83585,-118.34063,FullTime,,co_op,"{""electrical_engineering"": 94, ""computer_science"": 0, ""mechanical_engineering"": 0, ""civil_engineering"": 9, ""production_engineering"": 9, ""administration"": 9, ""data_science"": 0}",https://jobs.ashbyhq.com/northwoodspace/af609880-1e6c-4f89-8594-3c593f6eba0f/application
ashby,https://jobs.ashbyhq.com/northwoodspace/0babeac4-7f2a-4d8c-94d3-e589a3b3be0b,Northwood Space,Manufacturing Engineer,"Torrance, CA",33.83585,-118.34063,FullTime,,,"{""electrical_engineering"": 15, ""computer_science"": 0, ""mechanical_engineering"": 66, ""civil_engineering"": 9, ""production_engineering"": 57, ""administration"": 9, ""data_science"": 0}",https://jobs.ashbyhq.com/northwoodspace/0babeac4-7f2a-4d8c-94d3-e589a3b3be0b/application
ashby,https://jobs.ashbyhq.com/northwoodspace/556c826e-0f01-4650-8646-d0246331cace,Northwood Space,Senior RF & Antenna Systems Engineer,"Torrance, CA",33.83585,-118.34063,FullTime,OnSite,,"{""electrical_engineering"": 66, ""computer_science"": 12, ""mechanical_engineering"": 9, ""civil_engineering"": 9, ""production_engineering"": 9, ""administration"": 9, ""data_science"": 9}",https://jobs.ashbyhq.com/northwoodspace/556c826e-0f01-4650-8646-d0246331cace/application
ashby,https://jobs.ashbyhq.com/northwoodspace/baa85b78-5718-4e74-9b21-170776dc4185,Northwood Space,Site Engineer ,"Torrance, CA",33.83585,-118.34063,FullTime,,,"{""electrical_engineering"": 57, ""computer_science"": 0, ""mechanical_engineering"": 9, ""civil_engineering"": 12, ""production_engineering"": 9, ""administration"": 9, ""data_science"": 0}",https://jobs.ashbyhq.com/northwoodspace/baa85b78-5718-4e74-9b21-170776dc4185/application
ashby,https://jobs.ashbyhq.com/northwoodspace/e153b809-8535-4d9d-b48c-c25acdeadae7,Northwood Space,Electrical Test Engineer ,"Torrance, CA",33.83585,-118.34063,FullTime,,,"{""electrical_engineering"": 80, ""computer_science"": 9, ""mechanical_engineering"": 0, ""civil_engineering"": 9, ""production_engineering"": 0, ""administration"": 9, ""data_science"": 9}",https://jobs.ashbyhq.com/northwoodspace/e153b809-8535-4d9d-b48c-c25acdeadae7/application
ashby,https://jobs.ashbyhq.com/northwoodspace/3ca97a83-5565-46b5-8001-44c26a5be5e5,Northwood Space,Head of Software ,"Torrance, CA",33.83585,-118.34063,FullTime,,,"{""electrical_engineering"": 18, ""computer_science"": 61, ""mechanical_engineering"": 9, ""civil_engineering"": 9, ""production_engineering"": 9, ""administration"": 9, ""data_science"": 0}",https://jobs.ashbyhq.com/northwoodspace/3ca97a83-5565-46b5-8001-44c26a5be5e5/application
ashby,https://jobs.ashbyhq.com/northwoodspace/d0bbc1bf-5717-431f-956c-d16eb6920c58,Northwood Space,RF Regulatory Engineer,"Torrance, CA",33.83585,-118.34063,FullTime,OnSite,,"{""electrical_engineering"": 17, ""computer_science"": 9, ""mechanical_engineering"": 9, ""civil_engineering"": 9, ""production_engineering"": 0, ""administration"": 42, ""data_science"": 9}",https://jobs.ashbyhq.com/northwoodspace/d0bbc1bf-5717-431f-956c-d16eb6920c58/application
ashby,https://jobs.ashbyhq.com/northwoodspace/88f836f9-ad73-46da-8953-bb894139e8f9,Northwood Space,Chief of Staff to the CTO,"Torrance, CA",33.83585,-118.34063,FullTime,OnSite,,"{""electrical_engineering"": 12, ""computer_science"": 0, ""mechanical_engineering"": 0, ""civil_engineering"": 9, ""production_engineering"": 12, ""administration"": 54, ""data_science"": 0}",https://jobs.ashbyhq.com/northwoodspace/88f836f9-ad73-46da-8953-bb894139e8f9/application
ashby,https://jobs.ashbyhq.com/northwoodspace/a023e663-9363-4cda-b45b-c101d7fa9129,Northwood Space,"Director, USG Growth, National Security Space","Torrance, CA",33.83585,-118.34063,FullTime,,,"{""electrical_engineering"": 9, ""computer_science"": 0, ""mechanical_engineering"": 0, ""civil_engineering"": 9, ""production_engineering"": 9, ""administration"": 57, ""data_science"": 0}",https://jobs.ashbyhq.com/northwoodspace/a023e663-9363-4cda-b45b-c101d7fa9129/application
ashby,https://jobs.ashbyhq.com/northwoodspace/3cc74e1f-beb5-4fb6-b1f0-5ed2ed7962ac,Northwood Space,Security Engineering Manager,"Torrance, CA",33.83585,-118.34063,FullTime,,,"{""electrical_engineering"": 21, ""computer_science"": 12, ""mechanical_engineering"": 9, ""civil_engineering"": 9, ""production_engineering"": 9, ""administration"": 12, ""data_science"": 12}",https://jobs.ashbyhq.com/northwoodspace/3cc74e1f-beb5-4fb6-b1f0-5ed2ed7962ac/application
ashby,https://jobs.ashbyhq.com/northwoodspace/a364b9df-3280-4d89-91ea-960bc789d73f,Northwood Space,"Integration Technician, Deployment Support","Torrance, CA",33.83585,-118.34063,FullTime,,,"{""electrical_engineering"": 21, ""computer_science"": 0, ""mechanical_engineering"": 12, ""civil_engineering"": 9, ""production_engineering"": 9, ""administration"": 0, ""data_science"": 0}",https://jobs.ashbyhq.com/northwoodspace/a364b9df-3280-4d89-91ea-960bc789d73f/application
ashby,https://jobs.ashbyhq.com/northwoodspace/5410d776-cb11-482e-b48a-9c4ba210454e,Northwood Space,Senior Infrastructure Engineer,"Torrance, CA",33.83585,-118.34063,FullTime,OnSite,,"{""electrical_engineering"": 18, ""computer_science"": 15, ""mechanical_engineering"": 0, ""civil_engineering"": 17, ""production_engineering"": 0, ""administration"": 0, ""data_science"": 9}",https://jobs.ashbyhq.com/northwoodspace/5410d776-cb11-482e-b48a-9c4ba210454e/application
ashby,https://jobs.ashbyhq.com/northwoodspace/00955a02-867b-42e2-ba35-3cc41020fc99,Northwood Space,Infrastructure Engineer,"Torrance, CA",33.83585,-118.34063,FullTime,,,"{""electrical_engineering"": 15, ""computer_science"": 15, ""mechanical_engineering"": 0, ""civil_engineering"": 17, ""production_engineering"": 9, ""administration"": 9, ""data_science"": 9}",https://jobs.ashbyhq.com/northwoodspace/00955a02-867b-42e2-ba35-3cc41020fc99/application
ashby,https://jobs.ashbyhq.com/northwoodspace/fcc683b3-b575-431d-9fca-482227455e87,Northwood Space,Solutions Architect (Antenna Systems),"Torrance, CA",33.83585,-118.34063,FullTime,,,"{""electrical_engineering"": 15, ""computer_science"": 42, ""mechanical_engineering"": 9, ""civil_engineering"": 9, ""production_engineering"": 9, ""administration"": 51, ""data_science"": 0}",https://jobs.ashbyhq.com/northwoodspace/fcc683b3-b575-431d-9fca-482227455e87/application
ashby,https://jobs.ashbyhq.com/northwoodspace/fb29eceb-ef54-4f74-82c9-6d9ba19262e1,Northwood Space,Helpdesk Specialist,"Torrance, CA",33.83585,-118.34063,FullTime,,,"{""electrical_engineering"": 12, ""computer_science"": 12, ""mechanical_engineering"": 0, ""civil_engineering"": 9, ""production_engineering"": 0, ""administration"": 9, ""data_science"": 9}",https://jobs.ashbyhq.com/northwoodspace/fb29eceb-ef54-4f74-82c9-6d9ba19262e1/application
ashby,https://jobs.ashbyhq.com/northwoodspace/0a4748c7-79b2-4233-8b62-e716b2bf457e,Northwood Space,Finance & Business Operations Analyst,"Torrance, CA",33.83585,-118.34063,FullTime,,,"{""electrical_engineering"": 12, ""computer_science"": 0, ""mechanical_engineering"": 9, ""civil_engineering"": 9, ""production_engineering"": 17, ""administration"": 92, ""data_science"": 0}",https://jobs.ashbyhq.com/northwoodspace/0a4748c7-79b2-4233-8b62-e716b2bf457e/application
ashby,https://jobs.ashbyhq.com/northwoodspace/0e3d441e-d453-49e6-94b3-e0b350b75b05,Northwood Space,Inventory Specialist,"Torrance, CA",33.83585,-118.34063,FullTime,,,"{""electrical_engineering"": 18, ""computer_science"": 0, ""mechanical_engineering"": 12, ""civil_engineering"": 9, ""production_engineering"": 18, ""administration"": 9, ""data_science"": 0}",https://jobs.ashbyhq.com/northwoodspace/0e3d441e-d453-49e6-94b3-e0b350b75b05/application
ashby,https://jobs.ashbyhq.com/northwoodspace/0d3cb40f-5f6c-4414-b437-457941fd5ff1,Northwood Space,Senior Supplier Quality Engineer,"Torrance, CA",33.83585,-118.34063,FullTime,,,"{""electrical_engineering"": 24, ""computer_science"": 0, ""mechanical_engineering"": 12, ""civil_engineering"": 9, ""production_engineering"": 59, ""administration"": 9, ""data_science"": 12}",https://jobs.ashbyhq.com/northwoodspace/0d3cb40f-5f6c-4414-b437-457941fd5ff1/application
ashby,https://jobs.ashbyhq.com/northwoodspace/d0589c2d-0fb5-4463-b479-260ff3e1447f,Northwood Space,Forward Deployed Engineer,Washington D.C.,38.89511,-77.03637,FullTime,OnSite,,"{""electrical_engineering"": 18, ""computer_science"": 9, ""mechanical_engineering"": 9, ""civil_engineering"": 9, ""production_engineering"": 9, ""administration"": 51, ""data_science"": 0}",https://jobs.ashbyhq.com/northwoodspace/d0589c2d-0fb5-4463-b479-260ff3e1447f/application
ashby,https://jobs.ashbyhq.com/northwoodspace/be695859-9b9c-4c79-af13-9fb4b8399563,Northwood Space,Senior PCB Designer,"Torrance, CA",33.83585,-118.34063,FullTime,,,"{""electrical_engineering"": 73, ""computer_science"": 9, ""mechanical_engineering"": 15, ""civil_engineering"": 9, ""production_engineering"": 0, ""administration"": 9, ""data_science"": 9}",https://jobs.ashbyhq.com/northwoodspace/be695859-9b9c-4c79-af13-9fb4b8399563/application
ashby,https://jobs.ashbyhq.com/northwoodspace/36dc1ac1-5b60-4487-bf0b-06b039689b93,Northwood Space,Controller,"Torrance, CA",33.83585,-118.34063,FullTime,,,"{""electrical_engineering"": 18, ""computer_science"": 0, ""mechanical_engineering"": 12, ""civil_engineering"": 9, ""production_engineering"": 15, ""administration"": 60, ""data_science"": 12}",https://jobs.ashbyhq.com/northwoodspace/36dc1ac1-5b60-4487-bf0b-06b039689b93/application
ashby,https://jobs.ashbyhq.com/northwoodspace/fe1bff89-05f7-4b7f-bfec-3949aa586443,Northwood Space,"Senior Manufacturing Engineering, Machining","Torrance, CA",33.83585,-118.34063,FullTime,,,"{""electrical_engineering"": 15, ""computer_science"": 0, ""mechanical_engineering"": 17, ""civil_engineering"": 9, ""production_engineering"": 12, ""administration"": 12, ""data_science"": 0}",https://jobs.ashbyhq.com/northwoodspace/fe1bff89-05f7-4b7f-bfec-3949aa586443/application
ashby,https://jobs.ashbyhq.com/northwoodspace/a8a69cb4-9947-4cf8-a88e-0f55a8adf990,Northwood Space,Senior Electrical Engineer,"Torrance, CA",33.83585,-118.34063,FullTime,,,"{""electrical_engineering"": 95, ""computer_science"": 0, ""mechanical_engineering"": 9, ""civil_engineering"": 9, ""production_engineering"": 0, ""administration"": 0, ""data_science"": 0}",https://jobs.ashbyhq.com/northwoodspace/a8a69cb4-9947-4cf8-a88e-0f55a8adf990/application
ashby,https://jobs.ashbyhq.com/northwoodspace/c5e46839-d717-4e7c-a8af-411edd44aabb,Northwood Space,"Governance, Risk & Compliance (GRC) Manager","Torrance, CA",33.83585,-118.34063,FullTime,,,"{""electrical_engineering"": 12, ""computer_science"": 9, ""mechanical_engineering"": 0, ""civil_engineering"": 9, ""production_engineering"": 9, ""administration"": 51, ""data_science"": 0}",https://jobs.ashbyhq.com/northwoodspace/c5e46839-d717-4e7c-a8af-411edd44aabb/application
ashby,https://jobs.ashbyhq.com/northwoodspace/38af895f-cca2-44cf-b457-4656e1991b25,Northwood Space,Security Operations Manager,"Torrance, CA",33.83585,-118.34063,FullTime,,,"{""electrical_engineering"": 12, ""computer_science"": 12, ""mechanical_engineering"": 12, ""civil_engineering"": 9, ""production_engineering"": 17, ""administration"": 17, ""data_science"": 12}",https://jobs.ashbyhq.com/northwoodspace/38af895f-cca2-44cf-b457-4656e1991b25/application
ashby,https://jobs.ashbyhq.com/northwoodspace/8156dd0b-7115-4089-a3e5-4986d72ab594,Northwood Space,Corporate IT Security Engineer,"Torrance, CA",33.83585,-118.34063,FullTime,,,"{""electrical_engineering"": 12, ""computer_science"": 12, ""mechanical_engineering"": 9, ""civil_engineering"": 9, ""production_engineering"": 9, ""administration"": 9, ""data_science"": 0}",https://jobs.ashbyhq.com/northwoodspace/8156dd0b-7115-4089-a3e5-4986d72ab594/application
ashby,https://jobs.ashbyhq.com/northwoodspace/a7fee987-d4c8-4161-84af-ae1612204e1a,Northwood Space,Physical Security Lead,"Torrance, CA",33.83585,-118.34063,FullTime,,,"{""electrical_engineering"": 15, ""computer_science"": 0, ""mechanical_engineering"": 0, ""civil_engineering"": 12, ""production_engineering"": 12, ""administration"": 9, ""data_science"": 0}",https://jobs.ashbyhq.com/northwoodspace/a7fee987-d4c8-4161-84af-ae1612204e1a/application
ashby,https://jobs.ashbyhq.com/northwoodspace/a078f2b9-751d-41ec-b29c-5074fec54973,Northwood Space,"Lead, SMT Process Engineer","Torrance, CA",33.83585,-118.34063,FullTime,,,"{""electrical_engineering"": 64, ""computer_science"": 0, ""mechanical_engineering"": 61, ""civil_engineering"": 9, ""production_engineering"": 15, ""administration"": 9, ""data_science"": 0}",https://jobs.ashbyhq.com/northwoodspace/a078f2b9-751d-41ec-b29c-5074fec54973/application
ashby,https://jobs.ashbyhq.com/northwoodspace/c94c0dcc-85ba-4b97-a911-f54359b3346e,Northwood Space,Accounting Manager,"Torrance, CA",33.83585,-118.34063,FullTime,,,"{""electrical_engineering"": 18, ""computer_science"": 0, ""mechanical_engineering"": 12, ""civil_engineering"": 12, ""production_engineering"": 21, ""administration"": 60, ""data_science"": 9}",https://jobs.ashbyhq.com/northwoodspace/c94c0dcc-85ba-4b97-a911-f54359b3346e/application
ashby,https://jobs.ashbyhq.com/northwoodspace/7189f7f8-b905-4905-8901-8fd3507258dc,Northwood Space,Electrical Architect ,"Torrance, CA",33.83585,-118.34063,FullTime,,,"{""electrical_engineering"": 74, ""computer_science"": 0, ""mechanical_engineering"": 9, ""civil_engineering"": 9, ""production_engineering"": 0, ""administration"": 0, ""data_science"": 0}",https://jobs.ashbyhq.com/northwoodspace/7189f7f8-b905-4905-8901-8fd3507258dc/application
ashby,https://jobs.ashbyhq.com/northwoodspace/f3109b15-86d2-4cd9-b252-0a5276455ef1,Northwood Space,Product Security Manager,"Torrance, CA",33.83585,-118.34063,FullTime,,,"{""electrical_engineering"": 12, ""computer_science"": 9, ""mechanical_engineering"": 9, ""civil_engineering"": 9, ""production_engineering"": 12, ""administration"": 12, ""data_science"": 9}",https://jobs.ashbyhq.com/northwoodspace/f3109b15-86d2-4cd9-b252-0a5276455ef1/application
ashby,https://jobs.ashbyhq.com/northwoodspace/1b459c7d-8786-47f4-9432-01f57f0f0403,Northwood Space,Senior Mechanical Design Engineer,"Torrance, CA",33.83585,-118.34063,FullTime,,,"{""electrical_engineering"": 64, ""computer_science"": 42, ""mechanical_engineering"": 64, ""civil_engineering"": 12, ""production_engineering"": 0, ""administration"": 0, ""data_science"": 0}",https://jobs.ashbyhq.com/northwoodspace/1b459c7d-8786-47f4-9432-01f57f0f0403/application
ashby,https://jobs.ashbyhq.com/northwoodspace/c7cc35a6-e1ba-44bd-bf44-17640e13610f,Northwood Space,Accounts Payable Specialist,"Torrance, CA",33.83585,-118.34063,FullTime,,,"{""electrical_engineering"": 15, ""computer_science"": 0, ""mechanical_engineering"": 12, ""civil_engineering"": 9, ""production_engineering"": 12, ""administration"": 57, ""data_science"": 9}",https://jobs.ashbyhq.com/northwoodspace/c7cc35a6-e1ba-44bd-bf44-17640e13610f/application
ashby,https://jobs.ashbyhq.com/northwoodspace/5d5833d9-6d3e-4e49-8264-f0322b66f684,Northwood Space,Lead Hardware Development Engineer,"Torrance, CA",33.83585,-118.34063,FullTime,,,"{""electrical_engineering"": 66, ""computer_science"": 0, ""mechanical_engineering"": 61, ""civil_engineering"": 12, ""production_engineering"": 12, ""administration"": 9, ""data_science"": 0}",https://jobs.ashbyhq.com/northwoodspace/5d5833d9-6d3e-4e49-8264-f0322b66f684/application
ashby,https://jobs.ashbyhq.com/northwoodspace/224e9c32-4b1a-4e38-9f5c-643364150206,Northwood Space,Senior Detection and Response Engineer,"Torrance, CA",33.83585,-118.34063,FullTime,,,"{""electrical_engineering"": 15, ""computer_science"": 12, ""mechanical_engineering"": 9, ""civil_engineering"": 9, ""production_engineering"": 9, ""administration"": 12, ""data_science"": 12}",https://jobs.ashbyhq.com/northwoodspace/224e9c32-4b1a-4e38-9f5c-643364150206/application
ashby,https://jobs.ashbyhq.com/northwoodspace/c1367951-af1e-4ac9-a21b-029421907ebe,Northwood Space,Senior Security Engineer,"Torrance, CA",33.83585,-118.34063,FullTime,,,"{""electrical_engineering"": 12, ""computer_science"": 12, ""mechanical_engineering"": 0, ""civil_engineering"": 9, ""production_engineering"": 9, ""administration"": 12, ""data_science"": 9}",https://jobs.ashbyhq.com/northwoodspace/c1367951-af1e-4ac9-a21b-029421907ebe/application
ashby,https://jobs.ashbyhq.com/northwoodspace/3f3101bf-b8f3-4a20-9364-90700b869e6a,Northwood Space, Identity & Endpoint Security Engineer,"Torrance, CA",33.83585,-118.34063,FullTime,,,"{""electrical_engineering"": 12, ""computer_science"": 12, ""mechanical_engineering"": 9, ""civil_engineering"": 9, ""production_engineering"": 9, ""administration"": 9, ""data_science"": 0}",https://jobs.ashbyhq.com/northwoodspace/3f3101bf-b8f3-4a20-9364-90700b869e6a/application
ashby,https://jobs.ashbyhq.com/northwoodspace/fc27661c-cbc7-4706-943a-d9a0167894a2,Northwood Space,RF Systems Architect,"Torrance, CA",33.83585,-118.34063,FullTime,,,"{""electrical_engineering"": 17, ""computer_science"": 42, ""mechanical_engineering"": 9, ""civil_engineering"": 9, ""production_engineering"": 9, ""administration"": 51, ""data_science"": 0}",https://jobs.ashbyhq.com/northwoodspace/fc27661c-cbc7-4706-943a-d9a0167894a2/application
ashby,https://jobs.ashbyhq.com/northwoodspace/40c2f386-d2dc-4a19-a697-6573d1b55b04,Northwood Space,Senior Electrical Engineer (Systems) ,"Torrance, CA",33.83585,-118.34063,FullTime,,,"{""electrical_engineering"": 95, ""computer_science"": 0, ""mechanical_engineering"": 9, ""civil_engineering"": 9, ""production_engineering"": 0, ""administration"": 0, ""data_science"": 0}",https://jobs.ashbyhq.com/northwoodspace/40c2f386-d2dc-4a19-a697-6573d1b55b04/application
ashby,https://jobs.ashbyhq.com/northwoodspace/072164c0-2f23-46a8-8317-a6c820d11f7a,Northwood Space,Mechanical Engineer- Fleet Operations & Reliability ,"Torrance, CA",33.83585,-118.34063,FullTime,,,"{""electrical_engineering"": 18, ""computer_science"": 9, ""mechanical_engineering"": 88, ""civil_engineering"": 9, ""production_engineering"": 17, ""administration"": 17, ""data_science"": 12}",https://jobs.ashbyhq.com/northwoodspace/072164c0-2f23-46a8-8317-a6c820d11f7a/application
ashby,https://jobs.ashbyhq.com/northwoodspace/81f90857-199e-4848-a21a-d5770fb0be6d,Northwood Space,Electrical Engineer- Fleet Operations & Reliability ,"Torrance, CA",33.83585,-118.34063,FullTime,,,"{""electrical_engineering"": 88, ""computer_science"": 9, ""mechanical_engineering"": 18, ""civil_engineering"": 9, ""production_engineering"": 17, ""administration"": 17, ""data_science"": 12}",https://jobs.ashbyhq.com/northwoodspace/81f90857-199e-4848-a21a-d5770fb0be6d/application
ashby,https://jobs.ashbyhq.com/northwoodspace/135405b4-f27a-42ef-8206-89caef240496,Northwood Space,DSP Engineer,"Torrance, CA",33.83585,-118.34063,FullTime,,,"{""electrical_engineering"": 73, ""computer_science"": 0, ""mechanical_engineering"": 0, ""civil_engineering"": 9, ""production_engineering"": 0, ""administration"": 0, ""data_science"": 0}",https://jobs.ashbyhq.com/northwoodspace/135405b4-f27a-42ef-8206-89caef240496/application
ashby,https://jobs.ashbyhq.com/northwoodspace/f19b12b2-1f52-43a6-8e0e-a866c92c4fc1,Northwood Space,Network Software Engineer,"Torrance, CA",33.83585,-118.34063,FullTime,,,"{""electrical_engineering"": 73, ""computer_science"": 70, ""mechanical_engineering"": 0, ""civil_engineering"": 9, ""production_engineering"": 9, ""administration"": 9, ""data_science"": 0}",https://jobs.ashbyhq.com/northwoodspace/f19b12b2-1f52-43a6-8e0e-a866c92c4fc1/application
ashby,https://jobs.ashbyhq.com/northwoodspace/81818adf-e543-4e55-8a3d-11615d4237de,Northwood Space,Responsible Engineer,"Torrance, CA",33.83585,-118.34063,FullTime,,,"{""electrical_engineering"": 70, ""computer_science"": 0, ""mechanical_engineering"": 61, ""civil_engineering"": 12, ""production_engineering"": 12, ""administration"": 9, ""data_science"": 0}",https://jobs.ashbyhq.com/northwoodspace/81818adf-e543-4e55-8a3d-11615d4237de/application
ashby,https://jobs.ashbyhq.com/northwoodspace/56c839ae-d9c7-4647-a0d9-87e3e18f5d42,Northwood Space,Ground Software Engineer,"Torrance, CA",33.83585,-118.34063,FullTime,,,"{""electrical_engineering"": 73, ""computer_science"": 70, ""mechanical_engineering"": 0, ""civil_engineering"": 9, ""production_engineering"": 9, ""administration"": 9, ""data_science"": 0}",https://jobs.ashbyhq.com/northwoodspace/56c839ae-d9c7-4647-a0d9-87e3e18f5d42/application
ashby,https://jobs.ashbyhq.com/northwoodspace/2ec65763-31ee-47d5-a14f-e2c2b8802281,Northwood Space,Command & Telemetry Software Engineer,"Torrance, CA",33.83585,-118.34063,FullTime,,,"{""electrical_engineering"": 73, ""computer_science"": 70, ""mechanical_engineering"": 0, ""civil_engineering"": 9, ""production_engineering"": 9, ""administration"": 9, ""data_science"": 0}",https://jobs.ashbyhq.com/northwoodspace/2ec65763-31ee-47d5-a14f-e2c2b8802281/application
ashby,https://jobs.ashbyhq.com/northwoodspace/cc20d57d-ade6-4c27-9ba2-31954234d245,Northwood Space,Lead Product Design Engineer,"Torrance, CA",33.83585,-118.34063,FullTime,,,"{""electrical_engineering"": 70, ""computer_science"": 0, ""mechanical_engineering"": 61, ""civil_engineering"": 12, ""production_engineering"": 12, ""administration"": 9, ""data_science"": 0}",https://jobs.ashbyhq.com/northwoodspace/cc20d57d-ade6-4c27-9ba2-31954234d245/application
ashby,https://jobs.ashbyhq.com/northwoodspace/5c97671b-8032-4f7e-a81e-262b13d8d79f,Northwood Space,Senior RF Hardware Engineer,"Torrance, CA",33.83585,-118.34063,FullTime,,,"{""electrical_engineering"": 71, ""computer_science"": 51, ""mechanical_engineering"": 12, ""civil_engineering"": 9, ""production_engineering"": 0, ""administration"": 0, ""data_science"": 9}",https://jobs.ashbyhq.com/northwoodspace/5c97671b-8032-4f7e-a81e-262b13d8d79f/application
ashby,https://jobs.ashbyhq.com/northwoodspace/d9fc4ccd-7ffa-4d38-8381-caa1f7b85a21,Northwood Space,Purchasing Coordinator,"Torrance, CA",33.83585,-118.34063,FullTime,,,"{""electrical_engineering"": 18, ""computer_science"": 0, ""mechanical_engineering"": 12, ""civil_engineering"": 9, ""production_engineering"": 18, ""administration"": 15, ""data_science"": 9}",https://jobs.ashbyhq.com/northwoodspace/d9fc4ccd-7ffa-4d38-8381-caa1f7b85a21/application
ashby,https://jobs.ashbyhq.com/northwoodspace/ced2080b-8e06-470e-9968-397b3903c30a,Northwood Space,Senior Inventory Specialist,"Torrance, CA",33.83585,-118.34063,FullTime,,,"{""electrical_engineering"": 18, ""computer_science"": 0, ""mechanical_engineering"": 12, ""civil_engineering"": 9, ""production_engineering"": 18, ""administration"": 9, ""data_science"": 0}",https://jobs.ashbyhq.com/northwoodspace/ced2080b-8e06-470e-9968-397b3903c30a/application
ashby,https://jobs.ashbyhq.com/northwoodspace/5285a408-95a4-40ab-a19b-79dcba7633bf,Northwood Space,Indirect Commodity Manager,"Torrance, CA",33.83585,-118.34063,FullTime,,,"{""electrical_engineering"": 12, ""computer_science"": 0, ""mechanical_engineering"": 9, ""civil_engineering"": 12, ""production_engineering"": 18, ""administration"": 60, ""data_science"": 0}",https://jobs.ashbyhq.com/northwoodspace/5285a408-95a4-40ab-a19b-79dcba7633bf/application
ashby,https://jobs.ashbyhq.com/northwoodspace/ad3d19b2-114e-4096-810e-64f289c862db,Northwood Space,Lead Software Engineer,"Torrance, CA",33.83585,-118.34063,FullTime,,,"{""electrical_engineering"": 12, ""computer_science"": 82, ""mechanical_engineering"": 0, ""civil_engineering"": 9, ""production_engineering"": 9, ""administration"": 9, ""data_science"": 0}",https://jobs.ashbyhq.com/northwoodspace/ad3d19b2-114e-4096-810e-64f289c862db/application
ashby,https://jobs.ashbyhq.com/northwoodspace/7ebd9c25-0fe7-49b0-9292-94a9440a7e17,Northwood Space,Finance & Business Operations Associate,"Torrance, CA",33.83585,-118.34063,FullTime,,,"{""electrical_engineering"": 12, ""computer_science"": 0, ""mechanical_engineering"": 9, ""civil_engineering"": 9, ""production_engineering"": 17, ""administration"": 92, ""data_science"": 0}",https://jobs.ashbyhq.com/northwoodspace/7ebd9c25-0fe7-49b0-9292-94a9440a7e17/application
ashby,https://jobs.ashbyhq.com/northwoodspace/9a61b2d6-446d-4f1f-91f4-e7b91a5fe087,Northwood Space,Executive Assistant,"Torrance, CA",33.83585,-118.34063,FullTime,,,"{""electrical_engineering"": 9, ""computer_science"": 0, ""mechanical_engineering"": 0, ""civil_engineering"": 9, ""production_engineering"": 0, ""administration"": 0, ""data_science"": 0}",https://jobs.ashbyhq.com/northwoodspace/9a61b2d6-446d-4f1f-91f4-e7b91a5fe087/application
ashby,https://jobs.ashbyhq.com/northwoodspace/5349f642-35c1-4f86-9166-bb89961cebff,Northwood Space,Senior Supply Chain Planner,"Torrance, CA",33.83585,-118.34063,FullTime,,,"{""electrical_engineering"": 25, ""computer_science"": 0, ""mechanical_engineering"": 12, ""civil_engineering"": 9, ""production_engineering"": 17, ""administration"": 12, ""data_science"": 9}",https://jobs.ashbyhq.com/northwoodspace/5349f642-35c1-4f86-9166-bb89961cebff/application
ashby,https://jobs.ashbyhq.com/northwoodspace/fdd3d055-bf75-43e4-b2bd-bc2bb8c7bd01,Northwood Space,People Operations Specialist,"Torrance, CA",33.83585,-118.34063,FullTime,,,"{""electrical_engineering"": 9, ""computer_science"": 0, ""mechanical_engineering"": 0, ""civil_engineering"": 9, ""production_engineering"": 17, ""administration"": 66, ""data_science"": 0}",https://jobs.ashbyhq.com/northwoodspace/fdd3d055-bf75-43e4-b2bd-bc2bb8c7bd01/application
ashby,https://jobs.ashbyhq.com/northwoodspace/ae027d86-79b4-4f85-9a34-877504197675,Northwood Space,Senior Electrical Test Engineer,"Torrance, CA",33.83585,-118.34063,FullTime,,,"{""electrical_engineering"": 80, ""computer_science"": 9, ""mechanical_engineering"": 0, ""civil_engineering"": 9, ""production_engineering"": 0, ""administration"": 9, ""data_science"": 9}",https://jobs.ashbyhq.com/northwoodspace/ae027d86-79b4-4f85-9a34-877504197675/application
ashby,https://jobs.ashbyhq.com/northwoodspace/1e92b58c-5cd1-47b3-b82c-14b2bc181fab,Northwood Space,Senior Site Engineer,"Torrance, CA",33.83585,-118.34063,FullTime,,,"{""electrical_engineering"": 57, ""computer_science"": 0, ""mechanical_engineering"": 0, ""civil_engineering"": 12, ""production_engineering"": 9, ""administration"": 9, ""data_science"": 9}",https://jobs.ashbyhq.com/northwoodspace/1e92b58c-5cd1-47b3-b82c-14b2bc181fab/application
ashby,https://jobs.ashbyhq.com/northwoodspace/17837770-0a72-4808-9420-013df6db6c03,Northwood Space,Senior FPGA Engineer,"Torrance, CA",33.83585,-118.34063,FullTime,,,"{""electrical_engineering"": 66, ""computer_science"": 9, ""mechanical_engineering"": 0, ""civil_engineering"": 9, ""production_engineering"": 9, ""administration"": 12, ""data_science"": 9}",https://jobs.ashbyhq.com/northwoodspace/17837770-0a72-4808-9420-013df6db6c03/application
ashby,https://jobs.ashbyhq.com/northwoodspace/69f99cd7-3ce7-413a-8cfe-29b7ccbc1490,Northwood Space,Supply Chain Data & Analytics Intern (2027 Summer Internship),"Torrance, CA",33.83585,-118.34063,FullTime,,internship; summer_internship,"{""electrical_engineering"": 18, ""computer_science"": 15, ""mechanical_engineering"": 9, ""civil_engineering"": 9, ""production_engineering"": 59, ""administration"": 54, ""data_science"": 73}",https://jobs.ashbyhq.com/northwoodspace/69f99cd7-3ce7-413a-8cfe-29b7ccbc1490/application
ashby,https://jobs.ashbyhq.com/northwoodspace/7bfa4ec0-7d5a-475b-aa2b-0cd0741e1549,Northwood Space,Supply Chain Operations Intern (2027 Summer Internship),"Torrance, CA",33.83585,-118.34063,FullTime,,internship; summer_internship,"{""electrical_engineering"": 18, ""computer_science"": 0, ""mechanical_engineering"": 12, ""civil_engineering"": 9, ""production_engineering"": 64, ""administration"": 17, ""data_science"": 9}",https://jobs.ashbyhq.com/northwoodspace/7bfa4ec0-7d5a-475b-aa2b-0cd0741e1549/application
ashby,https://jobs.ashbyhq.com/northwoodspace/1951df5b-c84e-47d9-860d-53e5d3045f6f,Northwood Space,Fleet Reliability Intern (2027 Summer Internship),"Torrance, CA",33.83585,-118.34063,FullTime,,internship; summer_internship,"{""electrical_engineering"": 71, ""computer_science"": 0, ""mechanical_engineering"": 58, ""civil_engineering"": 9, ""production_engineering"": 9, ""administration"": 51, ""data_science"": 0}",https://jobs.ashbyhq.com/northwoodspace/1951df5b-c84e-47d9-860d-53e5d3045f6f/application
ashby,https://jobs.ashbyhq.com/northwoodspace/632f463c-94a4-4e83-839d-825e63b75788,Northwood Space,Sites Intern (2027 Summer Internship),"Torrance, CA",33.83585,-118.34063,FullTime,,internship; summer_internship,"{""electrical_engineering"": 71, ""computer_science"": 0, ""mechanical_engineering"": 58, ""civil_engineering"": 9, ""production_engineering"": 9, ""administration"": 51, ""data_science"": 0}",https://jobs.ashbyhq.com/northwoodspace/632f463c-94a4-4e83-839d-825e63b75788/application
ashby,https://jobs.ashbyhq.com/northwoodspace/f086c92a-7e4b-4799-8f2a-2ad8b13111ca,Northwood Space,RF Engineering Intern (2027 Summer Internship),"Torrance, CA",33.83585,-118.34063,FullTime,,internship; summer_internship,"{""electrical_engineering"": 66, ""computer_science"": 51, ""mechanical_engineering"": 9, ""civil_engineering"": 9, ""production_engineering"": 9, ""administration"": 9, ""data_science"": 9}",https://jobs.ashbyhq.com/northwoodspace/f086c92a-7e4b-4799-8f2a-2ad8b13111ca/application
ashby,https://jobs.ashbyhq.com/northwoodspace/1bc230b1-5ad2-44b8-ad61-e80a730e5026,Northwood Space,Electrical Engineering Intern (2027 Summer Internship),"Torrance, CA",33.83585,-118.34063,FullTime,,internship; summer_internship,"{""electrical_engineering"": 91, ""computer_science"": 12, ""mechanical_engineering"": 9, ""civil_engineering"": 9, ""production_engineering"": 0, ""administration"": 0, ""data_science"": 9}",https://jobs.ashbyhq.com/northwoodspace/1bc230b1-5ad2-44b8-ad61-e80a730e5026/application
ashby,https://jobs.ashbyhq.com/northwoodspace/d0cca9dd-ea90-4c3b-94b4-17761932d11c,Northwood Space,Embedded Software Engineering Intern (2027 Summer Internship),"Torrance, CA",33.83585,-118.34063,FullTime,,internship; summer_internship,"{""electrical_engineering"": 66, ""computer_science"": 79, ""mechanical_engineering"": 9, ""civil_engineering"": 9, ""production_engineering"": 0, ""administration"": 0, ""data_science"": 9}",https://jobs.ashbyhq.com/northwoodspace/d0cca9dd-ea90-4c3b-94b4-17761932d11c/application
ashby,https://jobs.ashbyhq.com/northwoodspace/ce3d4b73-461e-4128-a6f1-f933897e8119,Northwood Space,Software Engineering Intern (2027 Summer Internship),"Torrance, CA",33.83585,-118.34063,FullTime,,internship; summer_internship,"{""electrical_engineering"": 12, ""computer_science"": 79, ""mechanical_engineering"": 0, ""civil_engineering"": 9, ""production_engineering"": 0, ""administration"": 0, ""data_science"": 0}",https://jobs.ashbyhq.com/northwoodspace/ce3d4b73-461e-4128-a6f1-f933897e8119/application
ashby,https://jobs.ashbyhq.com/northwoodspace/6081eebf-7021-4a3f-a34f-78c91c94fcd3,Northwood Space,Mechanical Engineering Intern (2027 Summer Internship),"Torrance, CA",33.83585,-118.34063,FullTime,,internship; summer_internship,"{""electrical_engineering"": 57, ""computer_science"": 42, ""mechanical_engineering"": 91, ""civil_engineering"": 12, ""production_engineering"": 0, ""administration"": 0, ""data_science"": 0}",https://jobs.ashbyhq.com/northwoodspace/6081eebf-7021-4a3f-a34f-78c91c94fcd3/application
ashby,https://jobs.ashbyhq.com/northwoodspace/89dbc7de-d00c-4ba9-81b6-7a0cf60ede80,Northwood Space,Capture Strategist,Washington D.C.,38.89511,-77.03637,FullTime,OnSite,,"{""electrical_engineering"": 12, ""computer_science"": 0, ""mechanical_engineering"": 9, ""civil_engineering"": 9, ""production_engineering"": 0, ""administration"": 60, ""data_science"": 0}",https://jobs.ashbyhq.com/northwoodspace/89dbc7de-d00c-4ba9-81b6-7a0cf60ede80/application
ashby,https://jobs.ashbyhq.com/northwoodspace/b7ec7e24-5f34-4071-a4e2-dce1072832f4,Northwood Space,Head of Quality and Reliability,"Torrance, CA",33.83585,-118.34063,FullTime,,,"{""electrical_engineering"": 70, ""computer_science"": 0, ""mechanical_engineering"": 64, ""civil_engineering"": 9, ""production_engineering"": 17, ""administration"": 12, ""data_science"": 9}",https://jobs.ashbyhq.com/northwoodspace/b7ec7e24-5f34-4071-a4e2-dce1072832f4/application
ashby,https://jobs.ashbyhq.com/northwoodspace/31d1c111-6722-420f-bf36-cab171a92160,Northwood Space,"Director, Commercial Growth","Torrance, CA",33.83585,-118.34063,FullTime,,,"{""electrical_engineering"": 9, ""computer_science"": 0, ""mechanical_engineering"": 9, ""civil_engineering"": 9, ""production_engineering"": 0, ""administration"": 59, ""data_science"": 0}",https://jobs.ashbyhq.com/northwoodspace/31d1c111-6722-420f-bf36-cab171a92160/application
ashby,https://jobs.ashbyhq.com/northwoodspace/cb8e6496-c4b0-45d2-a9e1-d96ef06320ec,Northwood Space,"Director, International Growth","Torrance, CA",33.83585,-118.34063,FullTime,,internship,"{""electrical_engineering"": 9, ""computer_science"": 0, ""mechanical_engineering"": 0, ""civil_engineering"": 12, ""production_engineering"": 0, ""administration"": 57, ""data_science"": 0}",https://jobs.ashbyhq.com/northwoodspace/cb8e6496-c4b0-45d2-a9e1-d96ef06320ec/application
ashby,https://jobs.ashbyhq.com/etched/7aeafe31-c2c6-43e0-bb31-01868dcfad39,Etched,Design Verification Engineer - Internal IP,San Jose,37.33939,-121.89496,FullTime,OnSite,internship,"{""electrical_engineering"": 15, ""computer_science"": 9, ""mechanical_engineering"": 9, ""civil_engineering"": 9, ""production_engineering"": 0, ""administration"": 0, ""data_science"": 9}",https://jobs.ashbyhq.com/etched/7aeafe31-c2c6-43e0-bb31-01868dcfad39/application
ashby,https://jobs.ashbyhq.com/etched/1c03c13b-6f2e-44e7-b5bd-b7628412f8b9,Etched,Infrastructure Software Engineer,San Jose,37.33939,-121.89496,FullTime,OnSite,,"{""electrical_engineering"": 15, ""computer_science"": 85, ""mechanical_engineering"": 12, ""civil_engineering"": 17, ""production_engineering"": 12, ""administration"": 0, ""data_science"": 9}",https://jobs.ashbyhq.com/etched/1c03c13b-6f2e-44e7-b5bd-b7628412f8b9/application
ashby,https://jobs.ashbyhq.com/etched/39cb22b6-58e9-4612-994f-eba767aca818,Etched,Technical Recruiter (Supercomputing/ML),San Jose,37.33939,-121.89496,FullTime,OnSite,,"{""electrical_engineering"": 15, ""computer_science"": 0, ""mechanical_engineering"": 9, ""civil_engineering"": 9, ""production_engineering"": 9, ""administration"": 0, ""data_science"": 0}",https://jobs.ashbyhq.com/etched/39cb22b6-58e9-4612-994f-eba767aca818/application
ashby,https://jobs.ashbyhq.com/etched/92862cf4-3fe6-4317-b771-8fcdf0a95758,Etched,Physical Design Engineer,San Jose,37.33939,-121.89496,FullTime,OnSite,,"{""electrical_engineering"": 12, ""computer_science"": 12, ""mechanical_engineering"": 12, ""civil_engineering"": 9, ""production_engineering"": 9, ""administration"": 0, ""data_science"": 9}",https://jobs.ashbyhq.com/etched/92862cf4-3fe6-4317-b771-8fcdf0a95758/application
ashby,https://jobs.ashbyhq.com/etched/ed7a1d2e-df45-4d35-8965-e989fbbc2ce9,Etched,PCB Layout Engineer,San Jose,37.33939,-121.89496,FullTime,OnSite,,"{""electrical_engineering"": 66, ""computer_science"": 0, ""mechanical_engineering"": 61, ""civil_engineering"": 9, ""production_engineering"": 0, ""administration"": 0, ""data_science"": 0}",https://jobs.ashbyhq.com/etched/ed7a1d2e-df45-4d35-8965-e989fbbc2ce9/application
ashby,https://jobs.ashbyhq.com/etched/61860739-5aa9-4f64-920d-f4c1cca71af8,Etched,"Electrical Engineer, Hardware Systems",San Jose,37.33939,-121.89496,FullTime,OnSite,,"{""electrical_engineering"": 87, ""computer_science"": 0, ""mechanical_engineering"": 58, ""civil_engineering"": 9, ""production_engineering"": 0, ""administration"": 0, ""data_science"": 0}",https://jobs.ashbyhq.com/etched/61860739-5aa9-4f64-920d-f4c1cca71af8/application
ashby,https://jobs.ashbyhq.com/etched/b065790b-3a5b-4bf2-b5d1-60253f57bf4f,Etched,Mechanical Engineer,San Jose,37.33939,-121.89496,FullTime,OnSite,,"{""electrical_engineering"": 54, ""computer_science"": 0, ""mechanical_engineering"": 88, ""civil_engineering"": 9, ""production_engineering"": 9, ""administration"": 0, ""data_science"": 0}",https://jobs.ashbyhq.com/etched/b065790b-3a5b-4bf2-b5d1-60253f57bf4f/application
ashby,https://jobs.ashbyhq.com/etched/db2b58a0-6e00-4b05-96ec-62045d8587e3,Etched,ECAD Librarian,San Jose,37.33939,-121.89496,FullTime,OnSite,,"{""electrical_engineering"": 67, ""computer_science"": 0, ""mechanical_engineering"": 17, ""civil_engineering"": 9, ""production_engineering"": 9, ""administration"": 0, ""data_science"": 0}",https://jobs.ashbyhq.com/etched/db2b58a0-6e00-4b05-96ec-62045d8587e3/application
ashby,https://jobs.ashbyhq.com/etched/ccf2ae62-5490-4a59-87e8-8761f573b22a,Etched,Hardware Validation Engineer,San Jose,37.33939,-121.89496,FullTime,OnSite,,"{""electrical_engineering"": 66, ""computer_science"": 9, ""mechanical_engineering"": 9, ""civil_engineering"": 9, ""production_engineering"": 9, ""administration"": 0, ""data_science"": 9}",https://jobs.ashbyhq.com/etched/ccf2ae62-5490-4a59-87e8-8761f573b22a/application
ashby,https://jobs.ashbyhq.com/etched/610c3836-9798-46ea-931a-02bb95b29467,Etched,"MTS, Inference Performance Visibility",San Jose,37.33939,-121.89496,FullTime,OnSite,,"{""electrical_engineering"": 17, ""computer_science"": 9, ""mechanical_engineering"": 9, ""civil_engineering"": 9, ""production_engineering"": 0, ""administration"": 0, ""data_science"": 9}",https://jobs.ashbyhq.com/etched/610c3836-9798-46ea-931a-02bb95b29467/application
ashby,https://jobs.ashbyhq.com/etched/fb76e6e8-d07a-4830-b88e-ca8c1483f801,Etched,Head of Supercomputing,San Jose,37.33939,-121.89496,FullTime,OnSite,,"{""electrical_engineering"": 18, ""computer_science"": 0, ""mechanical_engineering"": 9, ""civil_engineering"": 9, ""production_engineering"": 0, ""administration"": 9, ""data_science"": 0}",https://jobs.ashbyhq.com/etched/fb76e6e8-d07a-4830-b88e-ca8c1483f801/application
ashby,https://jobs.ashbyhq.com/etched/c3ca158a-015d-413d-bd14-5470e546ed15,Etched,RTL Design Engineer ,San Jose,37.33939,-121.89496,FullTime,OnSite,,"{""electrical_engineering"": 12, ""computer_science"": 15, ""mechanical_engineering"": 9, ""civil_engineering"": 9, ""production_engineering"": 0, ""administration"": 0, ""data_science"": 54}",https://jobs.ashbyhq.com/etched/c3ca158a-015d-413d-bd14-5470e546ed15/application
ashby,https://jobs.ashbyhq.com/etched/479b68f3-ab66-4534-a3ee-4c3b57312f1a,Etched,Recruiter (G&A/GTM),San Jose,37.33939,-121.89496,FullTime,OnSite,,"{""electrical_engineering"": 15, ""computer_science"": 0, ""mechanical_engineering"": 9, ""civil_engineering"": 9, ""production_engineering"": 9, ""administration"": 0, ""data_science"": 0}",https://jobs.ashbyhq.com/etched/479b68f3-ab66-4534-a3ee-4c3b57312f1a/application
ashby,https://jobs.ashbyhq.com/etched/9c58d97b-4825-466b-895a-478a89d7a3c7,Etched,Technical Recruiter,San Jose,37.33939,-121.89496,FullTime,OnSite,,"{""electrical_engineering"": 15, ""computer_science"": 0, ""mechanical_engineering"": 9, ""civil_engineering"": 9, ""production_engineering"": 9, ""administration"": 0, ""data_science"": 0}",https://jobs.ashbyhq.com/etched/9c58d97b-4825-466b-895a-478a89d7a3c7/application
ashby,https://jobs.ashbyhq.com/etched/283c88a9-0031-4232-a5b3-1103c2af4100,Etched,Kernel Driver Software Engineer,San Jose,37.33939,-121.89496,FullTime,OnSite,,"{""electrical_engineering"": 18, ""computer_science"": 70, ""mechanical_engineering"": 9, ""civil_engineering"": 9, ""production_engineering"": 0, ""administration"": 0, ""data_science"": 0}",https://jobs.ashbyhq.com/etched/283c88a9-0031-4232-a5b3-1103c2af4100/application
ashby,https://jobs.ashbyhq.com/etched/5726311f-4db2-4c95-8628-d9c8f0f9639d,Etched,Supercomputing Engineer,San Jose,37.33939,-121.89496,FullTime,OnSite,,"{""electrical_engineering"": 15, ""computer_science"": 0, ""mechanical_engineering"": 9, ""civil_engineering"": 9, ""production_engineering"": 0, ""administration"": 0, ""data_science"": 0}",https://jobs.ashbyhq.com/etched/5726311f-4db2-4c95-8628-d9c8f0f9639d/application
ashby,https://jobs.ashbyhq.com/etched/ca25e600-e2e8-4111-b672-ee3a830a8ecf,Etched,DFT (Design For Test) Engineer,San Jose,37.33939,-121.89496,FullTime,OnSite,,"{""electrical_engineering"": 67, ""computer_science"": 9, ""mechanical_engineering"": 12, ""civil_engineering"": 9, ""production_engineering"": 12, ""administration"": 0, ""data_science"": 9}",https://jobs.ashbyhq.com/etched/ca25e600-e2e8-4111-b672-ee3a830a8ecf/application
ashby,https://jobs.ashbyhq.com/etched/3f83fd5f-5e50-403a-9a03-7ddb56502f49,Etched,Developer Experience Engineer,San Jose,37.33939,-121.89496,FullTime,OnSite,,"{""electrical_engineering"": 21, ""computer_science"": 64, ""mechanical_engineering"": 9, ""civil_engineering"": 9, ""production_engineering"": 0, ""administration"": 0, ""data_science"": 9}",https://jobs.ashbyhq.com/etched/3f83fd5f-5e50-403a-9a03-7ddb56502f49/application
ashby,https://jobs.ashbyhq.com/etched/0f9c0162-97c6-4be6-9cb7-d9afdcf0fa7c,Etched,Inference Software Engineer,San Jose,37.33939,-121.89496,FullTime,OnSite,,"{""electrical_engineering"": 12, ""computer_science"": 70, ""mechanical_engineering"": 9, ""civil_engineering"": 9, ""production_engineering"": 0, ""administration"": 0, ""data_science"": 0}",https://jobs.ashbyhq.com/etched/0f9c0162-97c6-4be6-9cb7-d9afdcf0fa7c/application
ashby,https://jobs.ashbyhq.com/etched/e6416d04-da00-4917-a817-787b77c35650,Etched,Core Software Engineer,San Jose,37.33939,-121.89496,FullTime,OnSite,,"{""electrical_engineering"": 15, ""computer_science"": 91, ""mechanical_engineering"": 9, ""civil_engineering"": 12, ""production_engineering"": 9, ""administration"": 42, ""data_science"": 9}",https://jobs.ashbyhq.com/etched/e6416d04-da00-4917-a817-787b77c35650/application
ashby,https://jobs.ashbyhq.com/etched/d1d009f0-f0c7-4ab6-9f27-881c3ea12505,Etched,ASIC Architect,San Jose,37.33939,-121.89496,FullTime,OnSite,,"{""electrical_engineering"": 66, ""computer_science"": 51, ""mechanical_engineering"": 9, ""civil_engineering"": 9, ""production_engineering"": 0, ""administration"": 0, ""data_science"": 9}",https://jobs.ashbyhq.com/etched/d1d009f0-f0c7-4ab6-9f27-881c3ea12505/application
ashby,https://jobs.ashbyhq.com/etched/639fe410-56a4-44aa-ac93-8ee7c10c7d75,Etched,Growth Ops Intern,San Jose,37.33939,-121.89496,Intern,OnSite,internship,"{""electrical_engineering"": 9, ""computer_science"": 0, ""mechanical_engineering"": 9, ""civil_engineering"": 9, ""production_engineering"": 9, ""administration"": 12, ""data_science"": 0}",https://jobs.ashbyhq.com/etched/639fe410-56a4-44aa-ac93-8ee7c10c7d75/application
ashby,https://jobs.ashbyhq.com/etched/8bce52ad-2934-4c74-a2aa-aced867f1c19,Etched,Manufacturing Operations Program Manager (Taiwan),Taoyuan,24.99368,121.29696,FullTime,,,"{""electrical_engineering"": 12, ""computer_science"": 0, ""mechanical_engineering"": 17, ""civil_engineering"": 12, ""production_engineering"": 59, ""administration"": 59, ""data_science"": 0}",https://jobs.ashbyhq.com/etched/8bce52ad-2934-4c74-a2aa-aced867f1c19/application
ashby,https://jobs.ashbyhq.com/etched/e593a2f6-8f0b-4328-9fd9-b0ff85cf0827,Etched,Manufacturing Test Engineer (Taiwan),Taoyuan,24.99368,121.29696,FullTime,,,"{""electrical_engineering"": 73, ""computer_science"": 9, ""mechanical_engineering"": 17, ""civil_engineering"": 9, ""production_engineering"": 12, ""administration"": 0, ""data_science"": 9}",https://jobs.ashbyhq.com/etched/e593a2f6-8f0b-4328-9fd9-b0ff85cf0827/application
ashby,https://jobs.ashbyhq.com/etched/a99318bd-b433-44b7-9600-2ee9533c90a1,Etched,Design Verification Engineer - SoC,San Jose,37.33939,-121.89496,FullTime,OnSite,,"{""electrical_engineering"": 18, ""computer_science"": 9, ""mechanical_engineering"": 9, ""civil_engineering"": 9, ""production_engineering"": 0, ""administration"": 0, ""data_science"": 9}",https://jobs.ashbyhq.com/etched/a99318bd-b433-44b7-9600-2ee9533c90a1/application
ashby,https://jobs.ashbyhq.com/etched/d88da917-21f5-42b7-b1e2-8986897aaab1,Etched,Design Verification Engineer - Interface IP,San Jose,37.33939,-121.89496,FullTime,OnSite,,"{""electrical_engineering"": 17, ""computer_science"": 0, ""mechanical_engineering"": 9, ""civil_engineering"": 9, ""production_engineering"": 0, ""administration"": 0, ""data_science"": 0}",https://jobs.ashbyhq.com/etched/d88da917-21f5-42b7-b1e2-8986897aaab1/application
ashby,https://jobs.ashbyhq.com/etched/890fd360-d558-4fa6-921d-32ff9e58e7e2,Etched,IT Engineer,San Jose,37.33939,-121.89496,FullTime,OnSite,,"{""electrical_engineering"": 18, ""computer_science"": 12, ""mechanical_engineering"": 9, ""civil_engineering"": 9, ""production_engineering"": 9, ""administration"": 57, ""data_science"": 9}",https://jobs.ashbyhq.com/etched/890fd360-d558-4fa6-921d-32ff9e58e7e2/application
ashby,https://jobs.ashbyhq.com/etched/a0a1671e-15d4-474c-8227-97fe16ade553,Etched,Finance Intern,San Jose,37.33939,-121.89496,Intern,OnSite,internship,"{""electrical_engineering"": 61, ""computer_science"": 51, ""mechanical_engineering"": 9, ""civil_engineering"": 9, ""production_engineering"": 12, ""administration"": 17, ""data_science"": 9}",https://jobs.ashbyhq.com/etched/a0a1671e-15d4-474c-8227-97fe16ade553/application
ashby,https://jobs.ashbyhq.com/etched/0d71013b-de24-4381-9e44-ea145c7a3fa9,Etched,Operations - Talent,San Jose,37.33939,-121.89496,FullTime,OnSite,,"{""electrical_engineering"": 15, ""computer_science"": 9, ""mechanical_engineering"": 9, ""civil_engineering"": 9, ""production_engineering"": 17, ""administration"": 17, ""data_science"": 15}",https://jobs.ashbyhq.com/etched/0d71013b-de24-4381-9e44-ea145c7a3fa9/application
ashby,https://jobs.ashbyhq.com/etched/6f23713f-5409-45b7-aae8-adb8710cdbc3,Etched,Inference Intern,San Jose,37.33939,-121.89496,Intern,OnSite,internship,"{""electrical_engineering"": 12, ""computer_science"": 51, ""mechanical_engineering"": 9, ""civil_engineering"": 9, ""production_engineering"": 9, ""administration"": 9, ""data_science"": 9}",https://jobs.ashbyhq.com/etched/6f23713f-5409-45b7-aae8-adb8710cdbc3/application
ashby,https://jobs.ashbyhq.com/etched/9a3eed83-b5b2-4ac4-a2d4-9dc9dd734869,Etched,Post-Silicon Validation Engineer,San Jose,37.33939,-121.89496,FullTime,OnSite,,"{""electrical_engineering"": 70, ""computer_science"": 9, ""mechanical_engineering"": 9, ""civil_engineering"": 9, ""production_engineering"": 0, ""administration"": 0, ""data_science"": 9}",https://jobs.ashbyhq.com/etched/9a3eed83-b5b2-4ac4-a2d4-9dc9dd734869/application
ashby,https://jobs.ashbyhq.com/etched/3da8034e-4639-44b0-99a4-aeec6ff9e59c,Etched,Supercomputing Test Software Engineer (Taiwan),Taipei,25.05306,121.52639,FullTime,OnSite,,"{""electrical_engineering"": 18, ""computer_science"": 79, ""mechanical_engineering"": 9, ""civil_engineering"": 9, ""production_engineering"": 9, ""administration"": 0, ""data_science"": 9}",https://jobs.ashbyhq.com/etched/3da8034e-4639-44b0-99a4-aeec6ff9e59c/application
ashby,https://jobs.ashbyhq.com/etched/f80dc5c6-de4f-455c-9c98-720313e5547a,Etched,Supercomputing Software Engineer (Taiwan),Taipei,25.05306,121.52639,FullTime,OnSite,,"{""electrical_engineering"": 18, ""computer_science"": 79, ""mechanical_engineering"": 9, ""civil_engineering"": 9, ""production_engineering"": 0, ""administration"": 0, ""data_science"": 9}",https://jobs.ashbyhq.com/etched/f80dc5c6-de4f-455c-9c98-720313e5547a/application
ashby,https://jobs.ashbyhq.com/etched/3eb65028-9648-48f5-bfc9-94b3128863f2,Etched,Firmware Engineer (Taiwan),Taipei,25.05306,121.52639,FullTime,OnSite,,"{""electrical_engineering"": 17, ""computer_science"": 51, ""mechanical_engineering"": 9, ""civil_engineering"": 12, ""production_engineering"": 0, ""administration"": 0, ""data_science"": 0}",https://jobs.ashbyhq.com/etched/3eb65028-9648-48f5-bfc9-94b3128863f2/application
ashby,https://jobs.ashbyhq.com/etched/69e75a95-6476-452d-bb41-86ac7ce52a98,Etched,Performance Modeling Engineer,San Jose,37.33939,-121.89496,FullTime,OnSite,co_op,"{""electrical_engineering"": 17, ""computer_science"": 49, ""mechanical_engineering"": 9, ""civil_engineering"": 9, ""production_engineering"": 0, ""administration"": 0, ""data_science"": 9}",https://jobs.ashbyhq.com/etched/69e75a95-6476-452d-bb41-86ac7ce52a98/application
ashby,https://jobs.ashbyhq.com/etched/a3f5858a-4a34-4712-802c-315352d88156,Etched,EE Hardware System Engineer (TW),Taipei,25.05306,121.52639,FullTime,OnSite,,"{""electrical_engineering"": 17, ""computer_science"": 0, ""mechanical_engineering"": 58, ""civil_engineering"": 9, ""production_engineering"": 0, ""administration"": 0, ""data_science"": 0}",https://jobs.ashbyhq.com/etched/a3f5858a-4a34-4712-802c-315352d88156/application
ashby,https://jobs.ashbyhq.com/etched/ec27e36f-e6eb-4f31-8aa0-79b9a72796c5,Etched,"Sr. Thermal Engineer, Liquid Cooling Systems",San Jose,37.33939,-121.89496,FullTime,OnSite,,"{""electrical_engineering"": 54, ""computer_science"": 0, ""mechanical_engineering"": 58, ""civil_engineering"": 9, ""production_engineering"": 0, ""administration"": 0, ""data_science"": 0}",https://jobs.ashbyhq.com/etched/ec27e36f-e6eb-4f31-8aa0-79b9a72796c5/application
ashby,https://jobs.ashbyhq.com/etched/c68df61f-2526-4fcd-9ac5-6faa23bb2bca,Etched,"Global Supply Manager, Mechanicals",San Jose,37.33939,-121.89496,FullTime,OnSite,,"{""electrical_engineering"": 12, ""computer_science"": 0, ""mechanical_engineering"": 58, ""civil_engineering"": 9, ""production_engineering"": 12, ""administration"": 12, ""data_science"": 0}",https://jobs.ashbyhq.com/etched/c68df61f-2526-4fcd-9ac5-6faa23bb2bca/application
ashby,https://jobs.ashbyhq.com/etched/27e5bd6b-9357-45f0-9e79-cfa2bf4eeba8,Etched,Chip Simulation Software Intern,San Jose,37.33939,-121.89496,Intern,OnSite,internship,"{""electrical_engineering"": 12, ""computer_science"": 56, ""mechanical_engineering"": 9, ""civil_engineering"": 12, ""production_engineering"": 0, ""administration"": 0, ""data_science"": 0}",https://jobs.ashbyhq.com/etched/27e5bd6b-9357-45f0-9e79-cfa2bf4eeba8/application
ashby,https://jobs.ashbyhq.com/etched/699f3ab2-07e4-466c-9d76-3d4a3abb4ebc,Etched,Firmware Intern,San Jose,37.33939,-121.89496,Intern,OnSite,internship,"{""electrical_engineering"": 17, ""computer_science"": 56, ""mechanical_engineering"": 9, ""civil_engineering"": 12, ""production_engineering"": 0, ""administration"": 0, ""data_science"": 0}",https://jobs.ashbyhq.com/etched/699f3ab2-07e4-466c-9d76-3d4a3abb4ebc/application
ashby,https://jobs.ashbyhq.com/etched/f05e3218-5ec7-41d1-bc99-bb7014422229,Etched,Mech / Thermal Intern,San Jose,37.33939,-121.89496,Intern,OnSite,internship,"{""electrical_engineering"": 64, ""computer_science"": 0, ""mechanical_engineering"": 58, ""civil_engineering"": 9, ""production_engineering"": 0, ""administration"": 0, ""data_science"": 0}",https://jobs.ashbyhq.com/etched/f05e3218-5ec7-41d1-bc99-bb7014422229/application
ashby,https://jobs.ashbyhq.com/etched/dacedaca-c4ca-4964-85a7-8df1738005bb,Etched,DV Intern,San Jose,37.33939,-121.89496,Intern,OnSite,internship,"{""electrical_engineering"": 64, ""computer_science"": 12, ""mechanical_engineering"": 9, ""civil_engineering"": 9, ""production_engineering"": 0, ""administration"": 0, ""data_science"": 12}",https://jobs.ashbyhq.com/etched/dacedaca-c4ca-4964-85a7-8df1738005bb/application
ashby,https://jobs.ashbyhq.com/etched/bd8c5768-7efa-4a18-9e56-485ccaf4ec77,Etched,PD Intern,San Jose,37.33939,-121.89496,Intern,OnSite,internship,"{""electrical_engineering"": 61, ""computer_science"": 15, ""mechanical_engineering"": 9, ""civil_engineering"": 9, ""production_engineering"": 0, ""administration"": 0, ""data_science"": 12}",https://jobs.ashbyhq.com/etched/bd8c5768-7efa-4a18-9e56-485ccaf4ec77/application
ashby,https://jobs.ashbyhq.com/etched/904ddf46-55fc-4a8f-8b49-f32cfe88116a,Etched,Electrical Platform Intern,San Jose,37.33939,-121.89496,Intern,OnSite,internship,"{""electrical_engineering"": 64, ""computer_science"": 0, ""mechanical_engineering"": 9, ""civil_engineering"": 9, ""production_engineering"": 0, ""administration"": 0, ""data_science"": 0}",https://jobs.ashbyhq.com/etched/904ddf46-55fc-4a8f-8b49-f32cfe88116a/application
ashby,https://jobs.ashbyhq.com/etched/5bbcfd60-5917-4698-a7fc-d7e6bb16da62,Etched,Security Engineer,San Jose,37.33939,-121.89496,FullTime,OnSite,,"{""electrical_engineering"": 15, ""computer_science"": 61, ""mechanical_engineering"": 9, ""civil_engineering"": 9, ""production_engineering"": 12, ""administration"": 12, ""data_science"": 9}",https://jobs.ashbyhq.com/etched/5bbcfd60-5917-4698-a7fc-d7e6bb16da62/application
ashby,https://jobs.ashbyhq.com/etched/6c60c888-1b0e-4fc8-b78a-31b9c994a0f4,Etched,Head of Inference Performance Visibility,San Jose,37.33939,-121.89496,FullTime,OnSite,,"{""electrical_engineering"": 17, ""computer_science"": 0, ""mechanical_engineering"": 9, ""civil_engineering"": 9, ""production_engineering"": 0, ""administration"": 9, ""data_science"": 0}",https://jobs.ashbyhq.com/etched/6c60c888-1b0e-4fc8-b78a-31b9c994a0f4/application
ashby,https://jobs.ashbyhq.com/etched/ce683632-421a-4ef9-8664-b253356969a3,Etched,SI/PI Intern,San Jose,37.33939,-121.89496,FullTime,OnSite,internship,"{""electrical_engineering"": 70, ""computer_science"": 9, ""mechanical_engineering"": 15, ""civil_engineering"": 12, ""production_engineering"": 9, ""administration"": 0, ""data_science"": 9}",https://jobs.ashbyhq.com/etched/ce683632-421a-4ef9-8664-b253356969a3/application
ashby,https://jobs.ashbyhq.com/etched/4856eedb-4f39-42b7-927d-c8e0b880b53a,Etched,Electrical Engineering Technician,San Jose,37.33939,-121.89496,FullTime,OnSite,,"{""electrical_engineering"": 88, ""computer_science"": 9, ""mechanical_engineering"": 9, ""civil_engineering"": 9, ""production_engineering"": 9, ""administration"": 0, ""data_science"": 9}",https://jobs.ashbyhq.com/etched/4856eedb-4f39-42b7-927d-c8e0b880b53a/application
ashby,https://jobs.ashbyhq.com/etched/06398761-0950-4e5c-8590-26f485ba5509,Etched,Technical Recruiter (Entry Level),San Jose,37.33939,-121.89496,FullTime,OnSite,entry_level,"{""electrical_engineering"": 9, ""computer_science"": 0, ""mechanical_engineering"": 9, ""civil_engineering"": 9, ""production_engineering"": 0, ""administration"": 12, ""data_science"": 0}",https://jobs.ashbyhq.com/etched/06398761-0950-4e5c-8590-26f485ba5509/application
ashby,https://jobs.ashbyhq.com/etched/07b00790-2817-4863-a330-b0caf2322460,Etched,Formal Verification - DV,San Jose,37.33939,-121.89496,FullTime,OnSite,,"{""electrical_engineering"": 21, ""computer_science"": 9, ""mechanical_engineering"": 12, ""civil_engineering"": 9, ""production_engineering"": 0, ""administration"": 12, ""data_science"": 9}",https://jobs.ashbyhq.com/etched/07b00790-2817-4863-a330-b0caf2322460/application
ashby,https://jobs.ashbyhq.com/etched/5f1f5739-3b58-467c-b351-ff183c94d96d,Etched,DFT Intern,San Jose,37.33939,-121.89496,Intern,OnSite,internship,"{""electrical_engineering"": 64, ""computer_science"": 18, ""mechanical_engineering"": 12, ""civil_engineering"": 9, ""production_engineering"": 0, ""administration"": 0, ""data_science"": 12}",https://jobs.ashbyhq.com/etched/5f1f5739-3b58-467c-b351-ff183c94d96d/application
ashby,https://jobs.ashbyhq.com/etched/6f4df530-6d67-4df9-903c-645c20e84845,Etched,Design Verification Engineer - Interface IP,Austin,30.26715,-97.74306,FullTime,OnSite,,"{""electrical_engineering"": 17, ""computer_science"": 0, ""mechanical_engineering"": 9, ""civil_engineering"": 9, ""production_engineering"": 0, ""administration"": 0, ""data_science"": 0}",https://jobs.ashbyhq.com/etched/6f4df530-6d67-4df9-903c-645c20e84845/application
ashby,https://jobs.ashbyhq.com/etched/77f0497f-086e-4d89-bbcd-bac7a79bf9a1,Etched,Design Verification Engineer - Internal IP,Austin,30.26715,-97.74306,FullTime,OnSite,internship,"{""electrical_engineering"": 15, ""computer_science"": 9, ""mechanical_engineering"": 9, ""civil_engineering"": 9, ""production_engineering"": 0, ""administration"": 0, ""data_science"": 9}",https://jobs.ashbyhq.com/etched/77f0497f-086e-4d89-bbcd-bac7a79bf9a1/application
ashby,https://jobs.ashbyhq.com/etched/33adf31c-e0ad-4080-bb83-1b3859f95d35,Etched,Design Verification Engineer - SoC,Austin,30.26715,-97.74306,FullTime,OnSite,,"{""electrical_engineering"": 18, ""computer_science"": 9, ""mechanical_engineering"": 9, ""civil_engineering"": 9, ""production_engineering"": 0, ""administration"": 0, ""data_science"": 9}",https://jobs.ashbyhq.com/etched/33adf31c-e0ad-4080-bb83-1b3859f95d35/application
ashby,https://jobs.ashbyhq.com/etched/e194099a-b7c0-4aa7-9e6d-06a666de6275,Etched,Physical Design Engineer,Austin,30.26715,-97.74306,FullTime,OnSite,,"{""electrical_engineering"": 12, ""computer_science"": 12, ""mechanical_engineering"": 12, ""civil_engineering"": 9, ""production_engineering"": 9, ""administration"": 0, ""data_science"": 9}",https://jobs.ashbyhq.com/etched/e194099a-b7c0-4aa7-9e6d-06a666de6275/application
ashby,https://jobs.ashbyhq.com/etched/72c473ba-be0f-47ea-a2bd-82eb2b30967d,Etched,"Technical Program Manager, Infrastructure",San Jose,37.33939,-121.89496,FullTime,OnSite,,"{""electrical_engineering"": 18, ""computer_science"": 51, ""mechanical_engineering"": 12, ""civil_engineering"": 17, ""production_engineering"": 12, ""administration"": 0, ""data_science"": 0}",https://jobs.ashbyhq.com/etched/72c473ba-be0f-47ea-a2bd-82eb2b30967d/application
ashby,https://jobs.ashbyhq.com/etched/0e70938e-685a-46e9-98a5-8ec3198d92cc,Etched,Network Security Engineer,San Jose,37.33939,-121.89496,FullTime,OnSite,,"{""electrical_engineering"": 21, ""computer_science"": 9, ""mechanical_engineering"": 12, ""civil_engineering"": 9, ""production_engineering"": 0, ""administration"": 0, ""data_science"": 0}",https://jobs.ashbyhq.com/etched/0e70938e-685a-46e9-98a5-8ec3198d92cc/application
ashby,https://jobs.ashbyhq.com/etched/78bca8a9-69e9-4066-a14c-ae562bf98520,Etched,"Systems Validation Engineer, L10",San Jose,37.33939,-121.89496,FullTime,OnSite,,"{""electrical_engineering"": 18, ""computer_science"": 9, ""mechanical_engineering"": 9, ""civil_engineering"": 9, ""production_engineering"": 0, ""administration"": 0, ""data_science"": 9}",https://jobs.ashbyhq.com/etched/78bca8a9-69e9-4066-a14c-ae562bf98520/application
ashby,https://jobs.ashbyhq.com/etched/40365c15-37d2-4266-a042-5a21bfb9212b,Etched,Power Validation Engineer,San Jose,37.33939,-121.89496,FullTime,OnSite,,"{""electrical_engineering"": 81, ""computer_science"": 9, ""mechanical_engineering"": 9, ""civil_engineering"": 12, ""production_engineering"": 0, ""administration"": 9, ""data_science"": 9}",https://jobs.ashbyhq.com/etched/40365c15-37d2-4266-a042-5a21bfb9212b/application
ashby,https://jobs.ashbyhq.com/etched/d02d77c6-5e99-4184-9e3b-a2180152f95d,Etched,SI/PI Engineer,San Jose,37.33939,-121.89496,FullTime,OnSite,,"{""electrical_engineering"": 67, ""computer_science"": 9, ""mechanical_engineering"": 15, ""civil_engineering"": 9, ""production_engineering"": 9, ""administration"": 0, ""data_science"": 9}",https://jobs.ashbyhq.com/etched/d02d77c6-5e99-4184-9e3b-a2180152f95d/application
ashby,https://jobs.ashbyhq.com/etched/bdec1a6d-300b-47fc-a551-3c937d76fee0,Etched,ASIC Technical Program Manager,San Jose,37.33939,-121.89496,FullTime,OnSite,,"{""electrical_engineering"": 17, ""computer_science"": 42, ""mechanical_engineering"": 9, ""civil_engineering"": 9, ""production_engineering"": 9, ""administration"": 0, ""data_science"": 0}",https://jobs.ashbyhq.com/etched/bdec1a6d-300b-47fc-a551-3c937d76fee0/application
ashby,https://jobs.ashbyhq.com/etched/9f951aeb-1984-463d-857d-41344e1f56e3,Etched,Platform PLM BOM Analyst,San Jose,37.33939,-121.89496,FullTime,OnSite,,"{""electrical_engineering"": 9, ""computer_science"": 0, ""mechanical_engineering"": 9, ""civil_engineering"": 12, ""production_engineering"": 12, ""administration"": 54, ""data_science"": 12}",https://jobs.ashbyhq.com/etched/9f951aeb-1984-463d-857d-41344e1f56e3/application
ashby,https://jobs.ashbyhq.com/etched/d2064295-5939-4bca-a6af-5369a11a097e,Etched,"Product Engineer, Silicon Validation",San Jose,37.33939,-121.89496,FullTime,OnSite,,"{""electrical_engineering"": 67, ""computer_science"": 9, ""mechanical_engineering"": 9, ""civil_engineering"": 9, ""production_engineering"": 15, ""administration"": 9, ""data_science"": 9}",https://jobs.ashbyhq.com/etched/d2064295-5939-4bca-a6af-5369a11a097e/application
ashby,https://jobs.ashbyhq.com/etched/5c3d84b0-0d6a-430b-80b5-f378eb541202,Etched,Advanced Packaging SI/PI Engineer,San Jose,37.33939,-121.89496,FullTime,OnSite,,"{""electrical_engineering"": 67, ""computer_science"": 0, ""mechanical_engineering"": 15, ""civil_engineering"": 9, ""production_engineering"": 9, ""administration"": 9, ""data_science"": 0}",https://jobs.ashbyhq.com/etched/5c3d84b0-0d6a-430b-80b5-f378eb541202/application
ashby,https://jobs.ashbyhq.com/etched/a735c757-7d39-47de-9329-77d6362b5547,Etched,MTS - Firmware,Austin,30.26715,-97.74306,FullTime,OnSite,,"{""electrical_engineering"": 17, ""computer_science"": 51, ""mechanical_engineering"": 9, ""civil_engineering"": 12, ""production_engineering"": 0, ""administration"": 0, ""data_science"": 0}",https://jobs.ashbyhq.com/etched/a735c757-7d39-47de-9329-77d6362b5547/application
ashby,https://jobs.ashbyhq.com/etched/8e280db7-f954-4467-b3ea-b9b4386d6632,Etched,Embedded Software Engineer,San Jose,37.33939,-121.89496,FullTime,OnSite,,"{""electrical_engineering"": 17, ""computer_science"": 70, ""mechanical_engineering"": 9, ""civil_engineering"": 12, ""production_engineering"": 0, ""administration"": 0, ""data_science"": 0}",https://jobs.ashbyhq.com/etched/8e280db7-f954-4467-b3ea-b9b4386d6632/application
ashby,https://jobs.ashbyhq.com/etched/b45e357c-07ea-4499-9911-1d3cc9b9ac71,Etched,Supercomputing Intern,San Jose,37.33939,-121.89496,Intern,OnSite,internship,"{""electrical_engineering"": 15, ""computer_science"": 65, ""mechanical_engineering"": 9, ""civil_engineering"": 12, ""production_engineering"": 0, ""administration"": 0, ""data_science"": 9}",https://jobs.ashbyhq.com/etched/b45e357c-07ea-4499-9911-1d3cc9b9ac71/application
ashby,https://jobs.ashbyhq.com/etched/38eac11e-2970-40d1-a477-4e08311371f0,Etched,Optical Systems Engineer,San Jose,37.33939,-121.89496,FullTime,OnSite,,"{""electrical_engineering"": 21, ""computer_science"": 0, ""mechanical_engineering"": 58, ""civil_engineering"": 9, ""production_engineering"": 0, ""administration"": 0, ""data_science"": 0}",https://jobs.ashbyhq.com/etched/38eac11e-2970-40d1-a477-4e08311371f0/application
ashby,https://jobs.ashbyhq.com/etched/5cc7effb-c1d8-4cb8-a0c3-0bd4f7045fe5,Etched,Product Quality Engineer,San Jose,37.33939,-121.89496,FullTime,OnSite,,"{""electrical_engineering"": 21, ""computer_science"": 0, ""mechanical_engineering"": 9, ""civil_engineering"": 9, ""production_engineering"": 59, ""administration"": 9, ""data_science"": 0}",https://jobs.ashbyhq.com/etched/5cc7effb-c1d8-4cb8-a0c3-0bd4f7045fe5/application
ashby,https://jobs.ashbyhq.com/etched/811532da-5d3a-4382-b4cf-40b620459b49,Etched, Quality Engineer ,Taoyuan,24.99368,121.29696,FullTime,,,"{""electrical_engineering"": 18, ""computer_science"": 0, ""mechanical_engineering"": 9, ""civil_engineering"": 9, ""production_engineering"": 17, ""administration"": 9, ""data_science"": 0}",https://jobs.ashbyhq.com/etched/811532da-5d3a-4382-b4cf-40b620459b49/application
ashby,https://jobs.ashbyhq.com/etched/bab9e9c5-d0b0-4bac-b784-20a177a6fc3a,Etched,Emulation Engineer - Hardware Prototyping (HAPS),San Jose,37.33939,-121.89496,FullTime,OnSite,,"{""electrical_engineering"": 17, ""computer_science"": 51, ""mechanical_engineering"": 9, ""civil_engineering"": 9, ""production_engineering"": 0, ""administration"": 0, ""data_science"": 9}",https://jobs.ashbyhq.com/etched/bab9e9c5-d0b0-4bac-b784-20a177a6fc3a/application
ashby,https://jobs.ashbyhq.com/etched/845adb04-9dbe-43f5-b927-22115dea25a1,Etched,Thermal /Mechanical Hybrid Engineer,San Jose,37.33939,-121.89496,FullTime,OnSite,,"{""electrical_engineering"": 54, ""computer_science"": 0, ""mechanical_engineering"": 64, ""civil_engineering"": 9, ""production_engineering"": 0, ""administration"": 0, ""data_science"": 0}",https://jobs.ashbyhq.com/etched/845adb04-9dbe-43f5-b927-22115dea25a1/application
ashby,https://jobs.ashbyhq.com/etched/56400dde-55ea-43c8-862c-cb0b14eb063c,Etched,Security Engineer (Remote),Remote,,,FullTime,Remote,,"{""electrical_engineering"": 15, ""computer_science"": 61, ""mechanical_engineering"": 9, ""civil_engineering"": 9, ""production_engineering"": 12, ""administration"": 12, ""data_science"": 9}",https://jobs.ashbyhq.com/etched/56400dde-55ea-43c8-862c-cb0b14eb063c/application
ashby,https://jobs.ashbyhq.com/etched/831bfa22-d883-450b-9b10-2a16421525a0,Etched,"Applied AI Engineer, Silicon Engineering",San Jose,37.33939,-121.89496,FullTime,OnSite,,"{""electrical_engineering"": 15, ""computer_science"": 58, ""mechanical_engineering"": 9, ""civil_engineering"": 9, ""production_engineering"": 0, ""administration"": 0, ""data_science"": 9}",https://jobs.ashbyhq.com/etched/831bfa22-d883-450b-9b10-2a16421525a0/application
ashby,https://jobs.ashbyhq.com/etched/84cd9ae3-7dbc-4200-a00d-ed080b94de42,Etched,Demand Planner,San Jose,37.33939,-121.89496,FullTime,OnSite,,"{""electrical_engineering"": 15, ""computer_science"": 9, ""mechanical_engineering"": 9, ""civil_engineering"": 9, ""production_engineering"": 9, ""administration"": 42, ""data_science"": 12}",https://jobs.ashbyhq.com/etched/84cd9ae3-7dbc-4200-a00d-ed080b94de42/application
ashby,https://jobs.ashbyhq.com/etched/bb2d320e-50d1-4182-a0c8-975ad2015e1c,Etched,Data Center Engineer,San Jose,37.33939,-121.89496,FullTime,OnSite,,"{""electrical_engineering"": 21, ""computer_science"": 9, ""mechanical_engineering"": 9, ""civil_engineering"": 9, ""production_engineering"": 15, ""administration"": 12, ""data_science"": 9}",https://jobs.ashbyhq.com/etched/bb2d320e-50d1-4182-a0c8-975ad2015e1c/application
ashby,https://jobs.ashbyhq.com/etched/2021199f-221e-4a8c-aa66-210496cb38da,Etched,General Application,San Jose,37.33939,-121.89496,FullTime,OnSite,,"{""electrical_engineering"": 9, ""computer_science"": 0, ""mechanical_engineering"": 9, ""civil_engineering"": 9, ""production_engineering"": 0, ""administration"": 0, ""data_science"": 0}",https://jobs.ashbyhq.com/etched/2021199f-221e-4a8c-aa66-210496cb38da/application
ashby,https://jobs.ashbyhq.com/etched/fbade92c-43c8-4e8d-931a-be9c5ec27b5b,Etched,Head of Platform Product Reliability,San Jose,37.33939,-121.89496,FullTime,OnSite,,"{""electrical_engineering"": 64, ""computer_science"": 9, ""mechanical_engineering"": 58, ""civil_engineering"": 9, ""production_engineering"": 15, ""administration"": 12, ""data_science"": 12}",https://jobs.ashbyhq.com/etched/fbade92c-43c8-4e8d-931a-be9c5ec27b5b/application
ashby,https://jobs.ashbyhq.com/etched/d8ee2a43-d5be-47f0-9c89-f7a39bb9db0d,Etched,Physical Design Engineer - Flow & Methodologies,San Jose,37.33939,-121.89496,FullTime,OnSite,,"{""electrical_engineering"": 15, ""computer_science"": 12, ""mechanical_engineering"": 12, ""civil_engineering"": 9, ""production_engineering"": 12, ""administration"": 0, ""data_science"": 9}",https://jobs.ashbyhq.com/etched/d8ee2a43-d5be-47f0-9c89-f7a39bb9db0d/application
ashby,https://jobs.ashbyhq.com/etched/b03aad0f-6915-414c-a65e-9679df9fb1a0,Etched,"Physical Design Engineer - Block Level, Subsystem Implementation",San Jose,37.33939,-121.89496,FullTime,OnSite,,"{""electrical_engineering"": 12, ""computer_science"": 12, ""mechanical_engineering"": 12, ""civil_engineering"": 9, ""production_engineering"": 15, ""administration"": 0, ""data_science"": 9}",https://jobs.ashbyhq.com/etched/b03aad0f-6915-414c-a65e-9679df9fb1a0/application
ashby,https://jobs.ashbyhq.com/etched/127f9760-3069-4152-b882-4e76b8f4ff1d,Etched,"Physical Design Engineer - Block Level, Subsystem Implementation",Austin,30.26715,-97.74306,FullTime,OnSite,,"{""electrical_engineering"": 12, ""computer_science"": 12, ""mechanical_engineering"": 12, ""civil_engineering"": 9, ""production_engineering"": 15, ""administration"": 0, ""data_science"": 9}",https://jobs.ashbyhq.com/etched/127f9760-3069-4152-b882-4e76b8f4ff1d/application
ashby,https://jobs.ashbyhq.com/etched/045b3672-d7b7-48b5-95e5-3f8793ff819b,Etched,Physical Design Engineer - Full Chip Implementation,San Jose,37.33939,-121.89496,FullTime,OnSite,,"{""electrical_engineering"": 9, ""computer_science"": 9, ""mechanical_engineering"": 12, ""civil_engineering"": 9, ""production_engineering"": 12, ""administration"": 0, ""data_science"": 9}",https://jobs.ashbyhq.com/etched/045b3672-d7b7-48b5-95e5-3f8793ff819b/application
ashby,https://jobs.ashbyhq.com/etched/3f00dfa5-7f63-4dfb-8ef4-4c56307b85d5,Etched,Corporate Paralegal,San Jose,37.33939,-121.89496,FullTime,OnSite,,"{""electrical_engineering"": 12, ""computer_science"": 0, ""mechanical_engineering"": 9, ""civil_engineering"": 9, ""production_engineering"": 0, ""administration"": 54, ""data_science"": 0}",https://jobs.ashbyhq.com/etched/3f00dfa5-7f63-4dfb-8ef4-4c56307b85d5/application
ashby,https://jobs.ashbyhq.com/etched/b09ced5f-c81a-4fbe-a85e-ed743c991e21,Etched,"Applied AI Engineer, Kernel Performance",San Jose,37.33939,-121.89496,FullTime,OnSite,,"{""electrical_engineering"": 17, ""computer_science"": 9, ""mechanical_engineering"": 9, ""civil_engineering"": 9, ""production_engineering"": 0, ""administration"": 0, ""data_science"": 9}",https://jobs.ashbyhq.com/etched/b09ced5f-c81a-4fbe-a85e-ed743c991e21/application
ashby,https://jobs.ashbyhq.com/etched/74709ee1-a4a4-4acf-9e7e-b4f9babdc481,Etched,Manufacturing Design Program Manager,San Jose,37.33939,-121.89496,FullTime,OnSite,,"{""electrical_engineering"": 15, ""computer_science"": 0, ""mechanical_engineering"": 17, ""civil_engineering"": 9, ""production_engineering"": 15, ""administration"": 9, ""data_science"": 9}",https://jobs.ashbyhq.com/etched/74709ee1-a4a4-4acf-9e7e-b4f9babdc481/application
ashby,https://jobs.ashbyhq.com/etched/7db7f5f0-dbb9-41c7-9fda-4a010ec6a868,Etched,Test Technical Program Manager,San Jose,37.33939,-121.89496,FullTime,OnSite,,"{""electrical_engineering"": 21, ""computer_science"": 0, ""mechanical_engineering"": 9, ""civil_engineering"": 9, ""production_engineering"": 15, ""administration"": 12, ""data_science"": 0}",https://jobs.ashbyhq.com/etched/7db7f5f0-dbb9-41c7-9fda-4a010ec6a868/application
ashby,https://jobs.ashbyhq.com/etched/9bceaee5-c3b2-4e8e-9ad3-b3b572a8d9cd,Etched,"Applied AI Engineer, Manufacturing & Operational Execution",San Jose,37.33939,-121.89496,FullTime,OnSite,,"{""electrical_engineering"": 9, ""computer_science"": 9, ""mechanical_engineering"": 17, ""civil_engineering"": 9, ""production_engineering"": 18, ""administration"": 12, ""data_science"": 9}",https://jobs.ashbyhq.com/etched/9bceaee5-c3b2-4e8e-9ad3-b3b572a8d9cd/application
ashby,https://jobs.ashbyhq.com/etched/dd33868f-1651-42fd-b6b6-7ffa9530e9a2,Etched,Finance Operations,San Jose,37.33939,-121.89496,FullTime,OnSite,,"{""electrical_engineering"": 12, ""computer_science"": 0, ""mechanical_engineering"": 9, ""civil_engineering"": 9, ""production_engineering"": 59, ""administration"": 64, ""data_science"": 9}",https://jobs.ashbyhq.com/etched/dd33868f-1651-42fd-b6b6-7ffa9530e9a2/application
ashby,https://jobs.ashbyhq.com/etched/7b34b2af-a0dc-42fa-8c19-7e27cf9c68af,Etched,Thermal Manufacturing Engineer,San Jose,37.33939,-121.89496,FullTime,OnSite,,"{""electrical_engineering"": 57, ""computer_science"": 0, ""mechanical_engineering"": 66, ""civil_engineering"": 9, ""production_engineering"": 9, ""administration"": 0, ""data_science"": 0}",https://jobs.ashbyhq.com/etched/7b34b2af-a0dc-42fa-8c19-7e27cf9c68af/application
ashby,https://jobs.ashbyhq.com/etched/ce3105a1-b9a2-4ebf-a228-7f07e5654ab6,Etched,Prototype Engineering Lead,San Jose,37.33939,-121.89496,FullTime,OnSite,,"{""electrical_engineering"": 15, ""computer_science"": 0, ""mechanical_engineering"": 64, ""civil_engineering"": 9, ""production_engineering"": 57, ""administration"": 12, ""data_science"": 0}",https://jobs.ashbyhq.com/etched/ce3105a1-b9a2-4ebf-a228-7f07e5654ab6/application
ashby,https://jobs.ashbyhq.com/etched/b90f3b95-3fd4-467e-a675-27812d47c195,Etched,Head of Technical Accounting,San Jose,37.33939,-121.89496,FullTime,OnSite,,"{""electrical_engineering"": 12, ""computer_science"": 0, ""mechanical_engineering"": 9, ""civil_engineering"": 12, ""production_engineering"": 9, ""administration"": 15, ""data_science"": 0}",https://jobs.ashbyhq.com/etched/b90f3b95-3fd4-467e-a675-27812d47c195/application
ashby,https://jobs.ashbyhq.com/etched/36aabe0f-8367-4ace-a7b9-d2c9fcfbdc10,Etched,Equity Accounting and Financial Reporting,San Jose,37.33939,-121.89496,FullTime,OnSite,,"{""electrical_engineering"": 9, ""computer_science"": 0, ""mechanical_engineering"": 9, ""civil_engineering"": 9, ""production_engineering"": 9, ""administration"": 9, ""data_science"": 0}",https://jobs.ashbyhq.com/etched/36aabe0f-8367-4ace-a7b9-d2c9fcfbdc10/application
ashby,https://jobs.ashbyhq.com/etched/ba35dfd4-168a-46c9-884a-f02570ad8a99,Etched,Power Integrity Engineer,San Jose,37.33939,-121.89496,FullTime,OnSite,,"{""electrical_engineering"": 67, ""computer_science"": 9, ""mechanical_engineering"": 15, ""civil_engineering"": 9, ""production_engineering"": 0, ""administration"": 0, ""data_science"": 9}",https://jobs.ashbyhq.com/etched/ba35dfd4-168a-46c9-884a-f02570ad8a99/application
ashby,https://jobs.ashbyhq.com/etched/6bb1c827-e9f0-4384-8113-1bb8ad8efb47,Etched,Senior Manufacturing Software Engineer,San Jose,37.33939,-121.89496,FullTime,OnSite,,"{""electrical_engineering"": 21, ""computer_science"": 88, ""mechanical_engineering"": 17, ""civil_engineering"": 9, ""production_engineering"": 12, ""administration"": 9, ""data_science"": 12}",https://jobs.ashbyhq.com/etched/6bb1c827-e9f0-4384-8113-1bb8ad8efb47/application
ashby,https://jobs.ashbyhq.com/etched/f02e8035-7dc9-4b0c-aab7-75bbb4e975b8,Etched,Performance Tools Intern,San Jose,37.33939,-121.89496,FullTime,OnSite,internship,"{""electrical_engineering"": 17, ""computer_science"": 9, ""mechanical_engineering"": 9, ""civil_engineering"": 9, ""production_engineering"": 0, ""administration"": 0, ""data_science"": 9}",https://jobs.ashbyhq.com/etched/f02e8035-7dc9-4b0c-aab7-75bbb4e975b8/application
ashby,https://jobs.ashbyhq.com/etched/42c1179a-e709-4f2f-b793-9f6818639a95,Etched,CNC Machinist,San Jose,37.33939,-121.89496,FullTime,OnSite,apprentice,"{""electrical_engineering"": 15, ""computer_science"": 0, ""mechanical_engineering"": 15, ""civil_engineering"": 9, ""production_engineering"": 0, ""administration"": 0, ""data_science"": 0}",https://jobs.ashbyhq.com/etched/42c1179a-e709-4f2f-b793-9f6818639a95/application
ashby,https://jobs.ashbyhq.com/etched/7349bab7-ab3a-4943-8e78-645148304b0e,Etched,Lab Technician (Contractor),San Jose,37.33939,-121.89496,Contract,OnSite,,"{""electrical_engineering"": 15, ""computer_science"": 0, ""mechanical_engineering"": 9, ""civil_engineering"": 9, ""production_engineering"": 12, ""administration"": 9, ""data_science"": 0}",https://jobs.ashbyhq.com/etched/7349bab7-ab3a-4943-8e78-645148304b0e/application
ashby,https://jobs.ashbyhq.com/etched/b0b33251-e5b1-4fdf-b379-98f22ec3584b,Etched,Production Finance,San Jose,37.33939,-121.89496,FullTime,OnSite,,"{""electrical_engineering"": 15, ""computer_science"": 0, ""mechanical_engineering"": 9, ""civil_engineering"": 12, ""production_engineering"": 15, ""administration"": 59, ""data_science"": 0}",https://jobs.ashbyhq.com/etched/b0b33251-e5b1-4fdf-b379-98f22ec3584b/application
ashby,https://jobs.ashbyhq.com/etched/35838e18-0e32-4a8c-8df3-1cbb8ae2f89c,Etched,Communications,San Jose,37.33939,-121.89496,FullTime,OnSite,,"{""electrical_engineering"": 64, ""computer_science"": 51, ""mechanical_engineering"": 9, ""civil_engineering"": 9, ""production_engineering"": 0, ""administration"": 0, ""data_science"": 42}",https://jobs.ashbyhq.com/etched/35838e18-0e32-4a8c-8df3-1cbb8ae2f89c/application
ashby,https://jobs.ashbyhq.com/etched/d720e47d-9b31-4df8-b345-755be557507f,Etched,Logistics Analyst (Taiwan),Taipei,25.05306,121.52639,FullTime,OnSite,,"{""electrical_engineering"": 21, ""computer_science"": 0, ""mechanical_engineering"": 12, ""civil_engineering"": 9, ""production_engineering"": 12, ""administration"": 57, ""data_science"": 9}",https://jobs.ashbyhq.com/etched/d720e47d-9b31-4df8-b345-755be557507f/application
ashby,https://jobs.ashbyhq.com/etched/7d07db47-7e6f-4685-a817-2f3d0dd5faad,Etched,Inventory Warehouse Coordinator,San Jose,37.33939,-121.89496,Contract,OnSite,,"{""electrical_engineering"": 15, ""computer_science"": 0, ""mechanical_engineering"": 9, ""civil_engineering"": 9, ""production_engineering"": 15, ""administration"": 9, ""data_science"": 0}",https://jobs.ashbyhq.com/etched/7d07db47-7e6f-4685-a817-2f3d0dd5faad/application
ashby,https://jobs.ashbyhq.com/etched/4e770111-c9c1-457d-8530-c3dd28971b3a,Etched,Substrate IC Package Layout Design Engineer,San Jose,37.33939,-121.89496,FullTime,OnSite,,"{""electrical_engineering"": 61, ""computer_science"": 0, ""mechanical_engineering"": 9, ""civil_engineering"": 9, ""production_engineering"": 0, ""administration"": 0, ""data_science"": 0}",https://jobs.ashbyhq.com/etched/4e770111-c9c1-457d-8530-c3dd28971b3a/application
ashby,https://jobs.ashbyhq.com/etched/b003657e-f8dc-440e-9356-1133ba1796ec,Etched,RMA & Repair Lead,San Jose,37.33939,-121.89496,FullTime,OnSite,,"{""electrical_engineering"": 9, ""computer_science"": 0, ""mechanical_engineering"": 9, ""civil_engineering"": 9, ""production_engineering"": 15, ""administration"": 12, ""data_science"": 9}",https://jobs.ashbyhq.com/etched/b003657e-f8dc-440e-9356-1133ba1796ec/application
ashby,https://jobs.ashbyhq.com/etched/82622c6f-9b8f-44d1-b8fc-2d4634f5abbf,Etched,"Silicon Validation Engineer, Software",San Jose,37.33939,-121.89496,FullTime,OnSite,,"{""electrical_engineering"": 74, ""computer_science"": 51, ""mechanical_engineering"": 9, ""civil_engineering"": 9, ""production_engineering"": 0, ""administration"": 0, ""data_science"": 9}",https://jobs.ashbyhq.com/etched/82622c6f-9b8f-44d1-b8fc-2d4634f5abbf/application
ashby,https://jobs.ashbyhq.com/persona.ai/cde8a49f-2bf6-4b96-b6c0-2641c3905b33,Persona AI,Senior Assembly Technician,"Houston, TX",29.76328,-95.36327,FullTime,,,"{""electrical_engineering"": 67, ""computer_science"": 9, ""mechanical_engineering"": 15, ""civil_engineering"": 12, ""production_engineering"": 9, ""administration"": 12, ""data_science"": 12}",https://jobs.ashbyhq.com/persona.ai/cde8a49f-2bf6-4b96-b6c0-2641c3905b33/application
ashby,https://jobs.ashbyhq.com/persona.ai/eead56c6-52d6-496a-9a93-13bcbd1e7636,Persona AI,"Robotics Software Engineer, Manipulation ","Pensacola, FL or Houston, TX ",30.42131,-87.21691,FullTime,OnSite,,"{""electrical_engineering"": 17, ""computer_science"": 88, ""mechanical_engineering"": 12, ""civil_engineering"": 0, ""production_engineering"": 9, ""administration"": 0, ""data_science"": 57}",https://jobs.ashbyhq.com/persona.ai/eead56c6-52d6-496a-9a93-13bcbd1e7636/application
ashby,https://jobs.ashbyhq.com/persona.ai/a68c0823-0b61-4741-9fbc-a1f6d701e4ed,Persona AI,Electrical Engineering Internship,"Pensacola, FL or Houston, TX ",30.42131,-87.21691,Intern,OnSite,internship,"{""electrical_engineering"": 94, ""computer_science"": 9, ""mechanical_engineering"": 9, ""civil_engineering"": 0, ""production_engineering"": 9, ""administration"": 12, ""data_science"": 9}",https://jobs.ashbyhq.com/persona.ai/a68c0823-0b61-4741-9fbc-a1f6d701e4ed/application
ashby,https://jobs.ashbyhq.com/persona.ai/fd514a3f-4138-48d5-9862-05ff74a4ca08,Persona AI,"Autonomy Software Engineering Internship, World Modeling","Houston, TX",29.76328,-95.36327,FullTime,,internship; summer_internship,"{""electrical_engineering"": 61, ""computer_science"": 88, ""mechanical_engineering"": 12, ""civil_engineering"": 15, ""production_engineering"": 12, ""administration"": 12, ""data_science"": 54}",https://jobs.ashbyhq.com/persona.ai/fd514a3f-4138-48d5-9862-05ff74a4ca08/application
ashby,https://jobs.ashbyhq.com/persona.ai/18e0d683-1666-4f4d-bef8-a62c175de17d,Persona AI,Robotics Simulation Engineer,"Pensacola, FL or Houston, TX ",30.42131,-87.21691,FullTime,OnSite,,"{""electrical_engineering"": 17, ""computer_science"": 57, ""mechanical_engineering"": 58, ""civil_engineering"": 9, ""production_engineering"": 9, ""administration"": 0, ""data_science"": 51}",https://jobs.ashbyhq.com/persona.ai/18e0d683-1666-4f4d-bef8-a62c175de17d/application
ashby,https://jobs.ashbyhq.com/persona.ai/a158c435-0543-4074-ac75-663421bfe3c5,Persona AI,Welding Engineer ,"Houston, TX",29.76328,-95.36327,FullTime,,,"{""electrical_engineering"": 9, ""computer_science"": 0, ""mechanical_engineering"": 58, ""civil_engineering"": 0, ""production_engineering"": 54, ""administration"": 9, ""data_science"": 0}",https://jobs.ashbyhq.com/persona.ai/a158c435-0543-4074-ac75-663421bfe3c5/application
ashby,https://jobs.ashbyhq.com/persona.ai/de83c3eb-e6e4-4ba2-a675-db4e8ef7918a,Persona AI,Quality Engineer,"Houston, TX",29.76328,-95.36327,FullTime,,,"{""electrical_engineering"": 18, ""computer_science"": 0, ""mechanical_engineering"": 21, ""civil_engineering"": 9, ""production_engineering"": 17, ""administration"": 12, ""data_science"": 0}",https://jobs.ashbyhq.com/persona.ai/de83c3eb-e6e4-4ba2-a675-db4e8ef7918a/application
ashby,https://jobs.ashbyhq.com/persona.ai/2e1ad9ed-cc2e-436d-93eb-76a5bff239c8,Persona AI,"Reinforcement Learning Engineer, Grasping",Houston,29.76328,-95.36327,FullTime,,,"{""electrical_engineering"": 15, ""computer_science"": 54, ""mechanical_engineering"": 9, ""civil_engineering"": 0, ""production_engineering"": 0, ""administration"": 9, ""data_science"": 54}",https://jobs.ashbyhq.com/persona.ai/2e1ad9ed-cc2e-436d-93eb-76a5bff239c8/application
ashby,https://jobs.ashbyhq.com/persona.ai/e5dd4a0a-e283-4bc4-9c19-70682c667a7b,Persona AI,Process Engineer,"Houston, TX",29.76328,-95.36327,FullTime,,,"{""electrical_engineering"": 18, ""computer_science"": 0, ""mechanical_engineering"": 21, ""civil_engineering"": 0, ""production_engineering"": 15, ""administration"": 12, ""data_science"": 0}",https://jobs.ashbyhq.com/persona.ai/e5dd4a0a-e283-4bc4-9c19-70682c667a7b/application
ashby,https://jobs.ashbyhq.com/persona.ai/5211fd75-846a-488d-8f93-c4cf9c2d1e8d,Persona AI,Deep Learning - Robot Manipulation Engineer,"Houston, TX",29.76328,-95.36327,FullTime,,,"{""electrical_engineering"": 24, ""computer_science"": 57, ""mechanical_engineering"": 9, ""civil_engineering"": 12, ""production_engineering"": 9, ""administration"": 12, ""data_science"": 59}",https://jobs.ashbyhq.com/persona.ai/5211fd75-846a-488d-8f93-c4cf9c2d1e8d/application
ashby,https://jobs.ashbyhq.com/persona.ai/b211bb98-0522-4d48-8f05-5df4b164dee2,Persona AI,Robotics Machine Learning Engineer,"Pensacola, FL or Houston, TX ",30.42131,-87.21691,FullTime,OnSite,,"{""electrical_engineering"": 17, ""computer_science"": 59, ""mechanical_engineering"": 9, ""civil_engineering"": 9, ""production_engineering"": 9, ""administration"": 12, ""data_science"": 82}",https://jobs.ashbyhq.com/persona.ai/b211bb98-0522-4d48-8f05-5df4b164dee2/application
ashby,https://jobs.ashbyhq.com/persona.ai/1d135d8a-1f3f-4cff-b46a-3e3284b18661,Persona AI,Head of Product,"Houston, TX",29.76328,-95.36327,FullTime,,,"{""electrical_engineering"": 15, ""computer_science"": 42, ""mechanical_engineering"": 9, ""civil_engineering"": 0, ""production_engineering"": 0, ""administration"": 60, ""data_science"": 9}",https://jobs.ashbyhq.com/persona.ai/1d135d8a-1f3f-4cff-b46a-3e3284b18661/application
ashby,https://jobs.ashbyhq.com/persona.ai/ad0e4a0f-6c09-425f-a113-2d12903b43c7,Persona AI,Staff Robot Platform Engineer,"Houston, TX",29.76328,-95.36327,FullTime,,,"{""electrical_engineering"": 21, ""computer_science"": 65, ""mechanical_engineering"": 9, ""civil_engineering"": 9, ""production_engineering"": 12, ""administration"": 12, ""data_science"": 9}",https://jobs.ashbyhq.com/persona.ai/ad0e4a0f-6c09-425f-a113-2d12903b43c7/application
ashby,https://jobs.ashbyhq.com/persona.ai/5c116547-4082-4963-8e53-29f373b20a26,Persona AI,"Director, Supply Chain Management","Houston, TX",29.76328,-95.36327,FullTime,,,"{""electrical_engineering"": 24, ""computer_science"": 0, ""mechanical_engineering"": 12, ""civil_engineering"": 9, ""production_engineering"": 17, ""administration"": 60, ""data_science"": 0}",https://jobs.ashbyhq.com/persona.ai/5c116547-4082-4963-8e53-29f373b20a26/application
ashby,https://jobs.ashbyhq.com/persona.ai/ed9a7425-9798-471e-b46a-fefd59570630,Persona AI,"Machine Learning Internship, Manipulation","Houston, TX",29.76328,-95.36327,FullTime,OnSite,internship,"{""electrical_engineering"": 18, ""computer_science"": 73, ""mechanical_engineering"": 12, ""civil_engineering"": 12, ""production_engineering"": 12, ""administration"": 9, ""data_science"": 79}",https://jobs.ashbyhq.com/persona.ai/ed9a7425-9798-471e-b46a-fefd59570630/application
ashby,https://jobs.ashbyhq.com/persona.ai/7bc07e51-fb3e-4363-bd10-83bb5c933e80,Persona AI,Robotics Full Stack Software Engineer,"Pensacola, FL or Houston, TX ",30.42131,-87.21691,FullTime,OnSite,,"{""electrical_engineering"": 17, ""computer_science"": 87, ""mechanical_engineering"": 9, ""civil_engineering"": 12, ""production_engineering"": 0, ""administration"": 12, ""data_science"": 15}",https://jobs.ashbyhq.com/persona.ai/7bc07e51-fb3e-4363-bd10-83bb5c933e80/application
ashby,https://jobs.ashbyhq.com/persona.ai/d388b12c-f78f-47bb-8d4c-c86eed7d38f3,Persona AI,Robotics Assembly Lead,"Houston, TX",29.76328,-95.36327,FullTime,,,"{""electrical_engineering"": 17, ""computer_science"": 0, ""mechanical_engineering"": 12, ""civil_engineering"": 0, ""production_engineering"": 9, ""administration"": 9, ""data_science"": 0}",https://jobs.ashbyhq.com/persona.ai/d388b12c-f78f-47bb-8d4c-c86eed7d38f3/application
ashby,https://jobs.ashbyhq.com/persona.ai/87232419-bc38-48d5-9673-eab8014d9072,Persona AI,Staff Platform Engineer - Developer Infrastructure,"Houston, TX",29.76328,-95.36327,FullTime,,,"{""electrical_engineering"": 21, ""computer_science"": 61, ""mechanical_engineering"": 12, ""civil_engineering"": 17, ""production_engineering"": 0, ""administration"": 12, ""data_science"": 12}",https://jobs.ashbyhq.com/persona.ai/87232419-bc38-48d5-9673-eab8014d9072/application
ashby,https://jobs.ashbyhq.com/persona.ai/d9666443-e551-4bf8-9a3b-5df785d5a080,Persona AI,Electrical Engineer,"Houston, TX",29.76328,-95.36327,FullTime,,,"{""electrical_engineering"": 95, ""computer_science"": 0, ""mechanical_engineering"": 63, ""civil_engineering"": 0, ""production_engineering"": 12, ""administration"": 12, ""data_science"": 0}",https://jobs.ashbyhq.com/persona.ai/d9666443-e551-4bf8-9a3b-5df785d5a080/application
ashby,https://jobs.ashbyhq.com/persona.ai/1a1c1052-9be3-494d-ad19-a68ca1f9e00d,Persona AI,Mechanical Engineer,"Houston, TX",29.76328,-95.36327,FullTime,,,"{""electrical_engineering"": 21, ""computer_science"": 9, ""mechanical_engineering"": 95, ""civil_engineering"": 0, ""production_engineering"": 0, ""administration"": 12, ""data_science"": 9}",https://jobs.ashbyhq.com/persona.ai/1a1c1052-9be3-494d-ad19-a68ca1f9e00d/application
ashby,https://jobs.ashbyhq.com/persona.ai/b4e84bc5-1b7d-4b5a-9b04-e7d627ae0e38,Persona AI,Mechatronics Manufacturing Engineer,"Houston, TX",29.76328,-95.36327,FullTime,,,"{""electrical_engineering"": 81, ""computer_science"": 9, ""mechanical_engineering"": 66, ""civil_engineering"": 0, ""production_engineering"": 9, ""administration"": 12, ""data_science"": 9}",https://jobs.ashbyhq.com/persona.ai/b4e84bc5-1b7d-4b5a-9b04-e7d627ae0e38/application
ashby,https://jobs.ashbyhq.com/persona.ai/b3d798e1-72bf-4280-890b-d19016a3bd14,Persona AI,Precision Assembler,"Houston, TX",29.76328,-95.36327,FullTime,,,"{""electrical_engineering"": 18, ""computer_science"": 0, ""mechanical_engineering"": 12, ""civil_engineering"": 0, ""production_engineering"": 9, ""administration"": 12, ""data_science"": 0}",https://jobs.ashbyhq.com/persona.ai/b3d798e1-72bf-4280-890b-d19016a3bd14/application
ashby,https://jobs.ashbyhq.com/persona.ai/ba1e6d66-165f-42af-b9b3-403d09b7c2a6,Persona AI,Senior Robotics Software Engineer - Autonomy,"Houston, TX",29.76328,-95.36327,FullTime,,,"{""electrical_engineering"": 17, ""computer_science"": 82, ""mechanical_engineering"": 9, ""civil_engineering"": 12, ""production_engineering"": 9, ""administration"": 12, ""data_science"": 12}",https://jobs.ashbyhq.com/persona.ai/ba1e6d66-165f-42af-b9b3-403d09b7c2a6/application
ashby,https://jobs.ashbyhq.com/persona.ai/db6d05fe-f579-413a-b64f-e68c560871e2,Persona AI,Controls Systems Engineer,"Houston, TX",29.76328,-95.36327,FullTime,,,"{""electrical_engineering"": 74, ""computer_science"": 9, ""mechanical_engineering"": 61, ""civil_engineering"": 0, ""production_engineering"": 9, ""administration"": 12, ""data_science"": 9}",https://jobs.ashbyhq.com/persona.ai/db6d05fe-f579-413a-b64f-e68c560871e2/application
ashby,https://jobs.ashbyhq.com/persona.ai/f5ca6b15-e876-4159-a361-9447838eab0c,Persona AI,Senior Technical Recruiter - Humanoid Robotics Engineering,"Houston, TX",29.76328,-95.36327,FullTime,OnSite,,"{""electrical_engineering"": 17, ""computer_science"": 9, ""mechanical_engineering"": 15, ""civil_engineering"": 0, ""production_engineering"": 15, ""administration"": 15, ""data_science"": 42}",https://jobs.ashbyhq.com/persona.ai/f5ca6b15-e876-4159-a361-9447838eab0c/application
ashby,https://jobs.ashbyhq.com/persona.ai/4e9ec6da-8c17-412d-a62c-208fa35cb029,Persona AI,Senior Technical Recruiter – Advanced Manufacturing,"Houston, TX",29.76328,-95.36327,FullTime,,,"{""electrical_engineering"": 18, ""computer_science"": 0, ""mechanical_engineering"": 17, ""civil_engineering"": 9, ""production_engineering"": 15, ""administration"": 12, ""data_science"": 0}",https://jobs.ashbyhq.com/persona.ai/4e9ec6da-8c17-412d-a62c-208fa35cb029/application
ashby,https://jobs.ashbyhq.com/persona.ai/cc5afb3b-4d6c-4624-b2cd-0580d8d1557b,Persona AI,Talent Acquisition Coordinator,"Houston, TX",29.76328,-95.36327,FullTime,OnSite,,"{""electrical_engineering"": 15, ""computer_science"": 0, ""mechanical_engineering"": 18, ""civil_engineering"": 0, ""production_engineering"": 9, ""administration"": 54, ""data_science"": 12}",https://jobs.ashbyhq.com/persona.ai/cc5afb3b-4d6c-4624-b2cd-0580d8d1557b/application
ashby,https://jobs.ashbyhq.com/persona.ai/1e8d195c-e28e-423d-a06a-9eeb401ed4fc,Persona AI,"Robotics Software Internship, Manipulation","Houston, TX",29.76328,-95.36327,FullTime,,internship,"{""electrical_engineering"": 66, ""computer_science"": 74, ""mechanical_engineering"": 12, ""civil_engineering"": 9, ""production_engineering"": 9, ""administration"": 12, ""data_science"": 57}",https://jobs.ashbyhq.com/persona.ai/1e8d195c-e28e-423d-a06a-9eeb401ed4fc/application
ashby,https://jobs.ashbyhq.com/persona.ai/4f53d5be-e398-4c03-9c94-d0f8e59f27d3,Persona AI,AI Engineer – Robotics Data Preprocessing,"Pensacola, FL or Houston, TX ",30.42131,-87.21691,FullTime,OnSite,,"{""electrical_engineering"": 17, ""computer_science"": 57, ""mechanical_engineering"": 9, ""civil_engineering"": 15, ""production_engineering"": 12, ""administration"": 15, ""data_science"": 60}",https://jobs.ashbyhq.com/persona.ai/4f53d5be-e398-4c03-9c94-d0f8e59f27d3/application
ashby,https://jobs.ashbyhq.com/forgeatomics/ddd57fea-2e24-4f5c-a82e-64cb78010b8e,Forge Atomics,"Lead Engineer, Power Conversion",El Segundo,33.91918,-118.41647,FullTime,OnSite,,"{""electrical_engineering"": 63, ""computer_science"": 0, ""mechanical_engineering"": 49, ""civil_engineering"": 9, ""production_engineering"": 12, ""administration"": 9, ""data_science"": 0}",https://jobs.ashbyhq.com/forgeatomics/ddd57fea-2e24-4f5c-a82e-64cb78010b8e/application
ashby,https://jobs.ashbyhq.com/forgeatomics/0b6baa9a-380c-48f1-bd75-9424cf2fd7f5,Forge Atomics,"Manufacturing Engineer, Reactor Factory",El Segundo,33.91918,-118.41647,FullTime,OnSite,,"{""electrical_engineering"": 21, ""computer_science"": 0, ""mechanical_engineering"": 66, ""civil_engineering"": 9, ""production_engineering"": 60, ""administration"": 9, ""data_science"": 0}",https://jobs.ashbyhq.com/forgeatomics/0b6baa9a-380c-48f1-bd75-9424cf2fd7f5/application
ashby,https://jobs.ashbyhq.com/forgeatomics/90eabccd-eaa7-4bc0-98ef-2a7fe5830d25,Forge Atomics,"Sr. Manufacturing Engineer, Reactor Factory",El Segundo,33.91918,-118.41647,FullTime,OnSite,,"{""electrical_engineering"": 18, ""computer_science"": 0, ""mechanical_engineering"": 66, ""civil_engineering"": 9, ""production_engineering"": 60, ""administration"": 9, ""data_science"": 0}",https://jobs.ashbyhq.com/forgeatomics/90eabccd-eaa7-4bc0-98ef-2a7fe5830d25/application
ashby,https://jobs.ashbyhq.com/forgeatomics/a73f3ed0-4800-4640-8657-ac6986b13b6d,Forge Atomics,"Manager, Manufacturing & Test Engineering",El Segundo,33.91918,-118.41647,FullTime,OnSite,,"{""electrical_engineering"": 18, ""computer_science"": 0, ""mechanical_engineering"": 17, ""civil_engineering"": 12, ""production_engineering"": 21, ""administration"": 51, ""data_science"": 0}",https://jobs.ashbyhq.com/forgeatomics/a73f3ed0-4800-4640-8657-ac6986b13b6d/application
ashby,https://jobs.ashbyhq.com/forgeatomics/5ee8ac6e-44ab-4af7-b1ea-b15c4f574781,Forge Atomics,"Director, Site Deployment",El Segundo,33.91918,-118.41647,FullTime,OnSite,,"{""electrical_engineering"": 15, ""computer_science"": 0, ""mechanical_engineering"": 9, ""civil_engineering"": 12, ""production_engineering"": 18, ""administration"": 12, ""data_science"": 0}",https://jobs.ashbyhq.com/forgeatomics/5ee8ac6e-44ab-4af7-b1ea-b15c4f574781/application
ashby,https://jobs.ashbyhq.com/forgeatomics/0f02bc97-a4ce-4099-8edf-54af8da3695f,Forge Atomics,"Lead Engineer, Reactor Support Equipment",El Segundo,33.91918,-118.41647,FullTime,OnSite,,"{""electrical_engineering"": 18, ""computer_science"": 0, ""mechanical_engineering"": 49, ""civil_engineering"": 12, ""production_engineering"": 12, ""administration"": 9, ""data_science"": 0}",https://jobs.ashbyhq.com/forgeatomics/0f02bc97-a4ce-4099-8edf-54af8da3695f/application
ashby,https://jobs.ashbyhq.com/forgeatomics/88030734-57ba-433d-99b9-16017bfd93dd,Forge Atomics,Nuclear Engineer,El Segundo,33.91918,-118.41647,FullTime,OnSite,,"{""electrical_engineering"": 18, ""computer_science"": 0, ""mechanical_engineering"": 12, ""civil_engineering"": 12, ""production_engineering"": 15, ""administration"": 15, ""data_science"": 0}",https://jobs.ashbyhq.com/forgeatomics/88030734-57ba-433d-99b9-16017bfd93dd/application
ashby,https://jobs.ashbyhq.com/forgeatomics/0283ea88-8841-4237-9924-246815a2559b,Forge Atomics,Sr. Nuclear Engineer,El Segundo,33.91918,-118.41647,FullTime,OnSite,,"{""electrical_engineering"": 18, ""computer_science"": 0, ""mechanical_engineering"": 12, ""civil_engineering"": 12, ""production_engineering"": 15, ""administration"": 15, ""data_science"": 0}",https://jobs.ashbyhq.com/forgeatomics/0283ea88-8841-4237-9924-246815a2559b/application
ashby,https://jobs.ashbyhq.com/forgeatomics/fb39caf0-aba7-4f01-9d7c-db8894d59cf9,Forge Atomics,"Mechanical Engineer, Components",El Segundo,33.91918,-118.41647,FullTime,OnSite,,"{""electrical_engineering"": 18, ""computer_science"": 0, ""mechanical_engineering"": 70, ""civil_engineering"": 9, ""production_engineering"": 9, ""administration"": 0, ""data_science"": 0}",https://jobs.ashbyhq.com/forgeatomics/fb39caf0-aba7-4f01-9d7c-db8894d59cf9/application
ashby,https://jobs.ashbyhq.com/forgeatomics/590dff96-4542-4cac-8c4e-e30fd22fc657,Forge Atomics,"Sr. Mechanical Engineer, Components",El Segundo,33.91918,-118.41647,FullTime,OnSite,,"{""electrical_engineering"": 18, ""computer_science"": 0, ""mechanical_engineering"": 79, ""civil_engineering"": 9, ""production_engineering"": 9, ""administration"": 0, ""data_science"": 0}",https://jobs.ashbyhq.com/forgeatomics/590dff96-4542-4cac-8c4e-e30fd22fc657/application
ashby,https://jobs.ashbyhq.com/forgeatomics/d11f9c88-8991-4008-9b88-3b82006d6ac7,Forge Atomics,"Mechanical Engineer, Fluids",El Segundo,33.91918,-118.41647,FullTime,OnSite,,"{""electrical_engineering"": 18, ""computer_science"": 0, ""mechanical_engineering"": 87, ""civil_engineering"": 9, ""production_engineering"": 12, ""administration"": 9, ""data_science"": 0}",https://jobs.ashbyhq.com/forgeatomics/d11f9c88-8991-4008-9b88-3b82006d6ac7/application
ashby,https://jobs.ashbyhq.com/forgeatomics/c933c6c2-62b8-40dd-986a-3e9406d6ce0d,Forge Atomics,"Sr. Mechanical Engineer, Fluids",El Segundo,33.91918,-118.41647,FullTime,OnSite,,"{""electrical_engineering"": 18, ""computer_science"": 0, ""mechanical_engineering"": 87, ""civil_engineering"": 9, ""production_engineering"": 12, ""administration"": 9, ""data_science"": 0}",https://jobs.ashbyhq.com/forgeatomics/c933c6c2-62b8-40dd-986a-3e9406d6ce0d/application
ashby,https://jobs.ashbyhq.com/forgeatomics/d4fcda7b-7f7a-4149-aae3-cbb8aae00a2c,Forge Atomics,"Mechanical Engineer, Reactor Structures",El Segundo,33.91918,-118.41647,FullTime,OnSite,,"{""electrical_engineering"": 18, ""computer_science"": 0, ""mechanical_engineering"": 70, ""civil_engineering"": 17, ""production_engineering"": 9, ""administration"": 0, ""data_science"": 0}",https://jobs.ashbyhq.com/forgeatomics/d4fcda7b-7f7a-4149-aae3-cbb8aae00a2c/application
ashby,https://jobs.ashbyhq.com/forgeatomics/2216785a-dc1c-4ad8-b39a-e24f6a0768f0,Forge Atomics,"Sr. Mechanical Engineer, Reactor Structures",El Segundo,33.91918,-118.41647,FullTime,OnSite,,"{""electrical_engineering"": 18, ""computer_science"": 0, ""mechanical_engineering"": 70, ""civil_engineering"": 17, ""production_engineering"": 9, ""administration"": 0, ""data_science"": 0}",https://jobs.ashbyhq.com/forgeatomics/2216785a-dc1c-4ad8-b39a-e24f6a0768f0/application
ashby,https://jobs.ashbyhq.com/forgeatomics/528e62f9-1389-41e4-9937-860a226c2e87,Forge Atomics,Electrical Engineer,El Segundo,33.91918,-118.41647,FullTime,OnSite,,"{""electrical_engineering"": 91, ""computer_science"": 0, ""mechanical_engineering"": 0, ""civil_engineering"": 9, ""production_engineering"": 9, ""administration"": 0, ""data_science"": 0}",https://jobs.ashbyhq.com/forgeatomics/528e62f9-1389-41e4-9937-860a226c2e87/application
ashby,https://jobs.ashbyhq.com/forgeatomics/cd6542c6-e239-44aa-88e3-224df2eaa424,Forge Atomics,Sr. Electrical Engineer,El Segundo,33.91918,-118.41647,FullTime,OnSite,,"{""electrical_engineering"": 91, ""computer_science"": 0, ""mechanical_engineering"": 0, ""civil_engineering"": 9, ""production_engineering"": 9, ""administration"": 0, ""data_science"": 0}",https://jobs.ashbyhq.com/forgeatomics/cd6542c6-e239-44aa-88e3-224df2eaa424/application
ashby,https://jobs.ashbyhq.com/forgeatomics/33cea4d0-e52c-4299-8a26-f8014bef7ed7,Forge Atomics,"Manager, Power Conversion Engineering",El Segundo,33.91918,-118.41647,FullTime,OnSite,,"{""electrical_engineering"": 63, ""computer_science"": 0, ""mechanical_engineering"": 49, ""civil_engineering"": 9, ""production_engineering"": 12, ""administration"": 9, ""data_science"": 0}",https://jobs.ashbyhq.com/forgeatomics/33cea4d0-e52c-4299-8a26-f8014bef7ed7/application
ashby,https://jobs.ashbyhq.com/forgeatomics/0d0dd1a7-813c-4b8a-be5b-1da8f66cf864,Forge Atomics,Mechanical Engineering Internship/Co-op,El Segundo,33.91918,-118.41647,Intern,OnSite,internship; co_op,"{""electrical_engineering"": 21, ""computer_science"": 0, ""mechanical_engineering"": 79, ""civil_engineering"": 9, ""production_engineering"": 9, ""administration"": 0, ""data_science"": 0}",https://jobs.ashbyhq.com/forgeatomics/0d0dd1a7-813c-4b8a-be5b-1da8f66cf864/application
ashby,https://jobs.ashbyhq.com/forgeatomics/cde5a5d6-1ce5-4eb4-9681-5d48f1b5082b,Forge Atomics,Electrical Engineering Internship/Co-op,El Segundo,33.91918,-118.41647,Intern,OnSite,internship; co_op,"{""electrical_engineering"": 94, ""computer_science"": 0, ""mechanical_engineering"": 0, ""civil_engineering"": 0, ""production_engineering"": 0, ""administration"": 0, ""data_science"": 0}",https://jobs.ashbyhq.com/forgeatomics/cde5a5d6-1ce5-4eb4-9681-5d48f1b5082b/application
ashby,https://jobs.ashbyhq.com/forgeatomics/8831b6b7-38d8-41b3-97aa-9b7ec8d9af01,Forge Atomics,Nuclear Engineering Internship/Co-op,El Segundo,33.91918,-118.41647,Intern,OnSite,internship; co_op,"{""electrical_engineering"": 15, ""computer_science"": 9, ""mechanical_engineering"": 12, ""civil_engineering"": 9, ""production_engineering"": 0, ""administration"": 0, ""data_science"": 9}",https://jobs.ashbyhq.com/forgeatomics/8831b6b7-38d8-41b3-97aa-9b7ec8d9af01/application
gupy_public,11746327,WEG - Estágio,MAUA - PROGRAMA DE ESTÁGIO 2026.2 [ENGENHARIA],,,,Estágio,,internship,"{""electrical_engineering"": 15, ""computer_science"": 0, ""mechanical_engineering"": 15, ""civil_engineering"": 0, ""production_engineering"": 15, ""administration"": 12, ""data_science"": 0}",https://wegestagio.gupy.io/jobs/11746327?jobBoardSource=gupy_public_page
gupy_public,11745446,WEG - Estágio,SÃO BERNARDO DO CAMPO - PROGRAMA DE ESTÁGIO 2026.2 [ADMINISTRATIVO],,,,Estágio,,internship,"{""electrical_engineering"": 0, ""computer_science"": 0, ""mechanical_engineering"": 15, ""civil_engineering"": 0, ""production_engineering"": 15, ""administration"": 61, ""data_science"": 0}",https://wegestagio.gupy.io/jobs/11745446?jobBoardSource=gupy_public_page
gupy_public,11744513,WEG - Estágio,SÃO BERNARDO DO CAMPO - PROGRAMA DE ESTÁGIO 2026.2 [ENGENHARIA],,,,Estágio,,internship,"{""electrical_engineering"": 0, ""computer_science"": 0, ""mechanical_engineering"": 64, ""civil_engineering"": 0, ""production_engineering"": 15, ""administration"": 12, ""data_science"": 0}",https://wegestagio.gupy.io/jobs/11744513?jobBoardSource=gupy_public_page
gupy_public,10250944,WEG,295924 - SAO BERNARDO DO CAMPO - ACABADOR PACOTES,,,,,,,"{""electrical_engineering"": 12, ""computer_science"": 0, ""mechanical_engineering"": 15, ""civil_engineering"": 0, ""production_engineering"": 9, ""administration"": 12, ""data_science"": 0}",https://weg.gupy.io/jobs/10250944?jobBoardSource=gupy_public_page
gupy_public,11243973,WEG,331979 - BLUMENAU - AUXILIAR TÉCNICO - TURNO GERAL - [Exclusiva para PCD],,,,,,,"{""electrical_engineering"": 9, ""computer_science"": 0, ""mechanical_engineering"": 15, ""civil_engineering"": 0, ""production_engineering"": 12, ""administration"": 12, ""data_science"": 0}",https://weg.gupy.io/jobs/11243973?jobBoardSource=gupy_public_page
gupy_public,11218673,WEG,335100 - GRAVATAI - LABORATORISTA ENSAIOS ELETRICOS (TURNO 2),,,,,,,"{""electrical_engineering"": 15, ""computer_science"": 0, ""mechanical_engineering"": 15, ""civil_engineering"": 0, ""production_engineering"": 9, ""administration"": 12, ""data_science"": 0}",https://weg.gupy.io/jobs/11218673?jobBoardSource=gupy_public_page
gupy_public,11419769,WEG,343260 - SAO BERNARDO DO CAMPO - OP OXICORTE/PLASMA,,,,,,,"{""electrical_engineering"": 12, ""computer_science"": 0, ""mechanical_engineering"": 15, ""civil_engineering"": 0, ""production_engineering"": 15, ""administration"": 18, ""data_science"": 0}",https://weg.gupy.io/jobs/11419769?jobBoardSource=gupy_public_page
gupy_public,11473858,WEG,349702 - ITAJAI - TECNICO ENSAIOS,,,,,,,"{""electrical_engineering"": 25, ""computer_science"": 0, ""mechanical_engineering"": 15, ""civil_engineering"": 0, ""production_engineering"": 9, ""administration"": 12, ""data_science"": 0}",https://weg.gupy.io/jobs/11473858?jobBoardSource=gupy_public_page
gupy_public,12374377,WEG,351435 - BENTO GONCALVES - OP LAVAGEM PECAS USINAGEM,,,,,,,"{""electrical_engineering"": 9, ""computer_science"": 0, ""mechanical_engineering"": 15, ""civil_engineering"": 0, ""production_engineering"": 9, ""administration"": 12, ""data_science"": 0}",https://weg.gupy.io/jobs/12374377?jobBoardSource=gupy_public_page
gupy_public,12164249,WEG,354231 - ITAJAI - TECNICO QUALIDADE,,,,,,,"{""electrical_engineering"": 18, ""computer_science"": 0, ""mechanical_engineering"": 15, ""civil_engineering"": 0, ""production_engineering"": 17, ""administration"": 12, ""data_science"": 0}",https://weg.gupy.io/jobs/12164249?jobBoardSource=gupy_public_page
gupy_public,11604665,WEG,357753 - ITAJAI - TECNICO ENSAIOS,,,,,,,"{""electrical_engineering"": 25, ""computer_science"": 0, ""mechanical_engineering"": 15, ""civil_engineering"": 0, ""production_engineering"": 9, ""administration"": 12, ""data_science"": 0}",https://weg.gupy.io/jobs/11604665?jobBoardSource=gupy_public_page
gupy_public,12148070,WEG,358120 - ITAJAI - EXPEDIDOR,,,,,,,"{""electrical_engineering"": 12, ""computer_science"": 0, ""mechanical_engineering"": 15, ""civil_engineering"": 0, ""production_engineering"": 9, ""administration"": 12, ""data_science"": 0}",https://weg.gupy.io/jobs/12148070?jobBoardSource=gupy_public_page
gupy_public,11638283,WEG,358261 - BETIM - ANALISTA PROJETOS ELETRICOS,,,,,,,"{""electrical_engineering"": 70, ""computer_science"": 0, ""mechanical_engineering"": 15, ""civil_engineering"": 15, ""production_engineering"": 9, ""administration"": 12, ""data_science"": 0}",https://weg.gupy.io/jobs/11638283?jobBoardSource=gupy_public_page
gupy_public,12415848,Aegea,Advogado Pleno,,,,,,,"{""electrical_engineering"": 12, ""computer_science"": 0, ""mechanical_engineering"": 9, ""civil_engineering"": 12, ""production_engineering"": 9, ""administration"": 9, ""data_science"": 0}",https://aegea.gupy.io/jobs/12415848?jobBoardSource=gupy_public_page
gupy_public,12407506,Aegea,Ag. Comercial I,,,,,,,"{""electrical_engineering"": 9, ""computer_science"": 0, ""mechanical_engineering"": 9, ""civil_engineering"": 12, ""production_engineering"": 9, ""administration"": 17, ""data_science"": 0}",https://aegea.gupy.io/jobs/12407506?jobBoardSource=gupy_public_page
gupy_public,12445570,Aegea,Ag. Comercial I - Parnaíba,,,,,,,"{""electrical_engineering"": 12, ""computer_science"": 0, ""mechanical_engineering"": 9, ""civil_engineering"": 12, ""production_engineering"": 9, ""administration"": 17, ""data_science"": 0}",https://aegea.gupy.io/jobs/12445570?jobBoardSource=gupy_public_page
gupy_public,12445604,Aegea,Ag. Comercial I - Piripiri,,,,,,,"{""electrical_engineering"": 12, ""computer_science"": 0, ""mechanical_engineering"": 9, ""civil_engineering"": 12, ""production_engineering"": 9, ""administration"": 17, ""data_science"": 0}",https://aegea.gupy.io/jobs/12445604?jobBoardSource=gupy_public_page
gupy_public,11384052,Aegea,Agente Comercial,,,,,,,"{""electrical_engineering"": 12, ""computer_science"": 0, ""mechanical_engineering"": 9, ""civil_engineering"": 12, ""production_engineering"": 9, ""administration"": 17, ""data_science"": 0}",https://aegea.gupy.io/jobs/11384052?jobBoardSource=gupy_public_page
gupy_public,11843637,Aegea,Agente Comercial de Saneamento (Atuação em Campo),,,,,,,"{""electrical_engineering"": 12, ""computer_science"": 0, ""mechanical_engineering"": 9, ""civil_engineering"": 12, ""production_engineering"": 9, ""administration"": 17, ""data_science"": 0}",https://aegea.gupy.io/jobs/11843637?jobBoardSource=gupy_public_page
gupy_public,12417773,Aegea,Agente Comercial I - CAMBORIU/SC,,,,,,,"{""electrical_engineering"": 9, ""computer_science"": 0, ""mechanical_engineering"": 9, ""civil_engineering"": 12, ""production_engineering"": 9, ""administration"": 17, ""data_science"": 0}",https://aegea.gupy.io/jobs/12417773?jobBoardSource=gupy_public_page
gupy_public,12297028,Aegea,AGENTE COMERCIAL I - OEIRAS,,,,,,,"{""electrical_engineering"": 12, ""computer_science"": 0, ""mechanical_engineering"": 9, ""civil_engineering"": 12, ""production_engineering"": 15, ""administration"": 17, ""data_science"": 0}",https://aegea.gupy.io/jobs/12297028?jobBoardSource=gupy_public_page
gupy_public,12458041,Aegea,Agente Comercial I - PENHA/SC,,,,,,,"{""electrical_engineering"": 9, ""computer_science"": 0, ""mechanical_engineering"": 9, ""civil_engineering"": 12, ""production_engineering"": 9, ""administration"": 17, ""data_science"": 0}",https://aegea.gupy.io/jobs/12458041?jobBoardSource=gupy_public_page
gupy_public,10762170,Aegea,Agente Comercial - Vaga exclusiva para PCDS e Reabilitados INSS,,,,,,,"{""electrical_engineering"": 12, ""computer_science"": 0, ""mechanical_engineering"": 9, ""civil_engineering"": 12, ""production_engineering"": 9, ""administration"": 17, ""data_science"": 0}",https://aegea.gupy.io/jobs/10762170?jobBoardSource=gupy_public_page
vagas_com,2830493,Universidade Veiga de Almeida,Estagiário,Cabo Frio / RJ,-22.88717,-42.02622,Estágio,,internship,"{""electrical_engineering"": 9, ""computer_science"": 0, ""mechanical_engineering"": 0, ""civil_engineering"": 0, ""production_engineering"": 0, ""administration"": 0, ""data_science"": 0}",https://www.vagas.com.br/vagas/v2830493/estagiario
vagas_com,2832768,Hapag-Lloyd,Estágio,Santos / SP,-23.96083,-46.33361,Estágio,,internship,"{""electrical_engineering"": 0, ""computer_science"": 0, ""mechanical_engineering"": 0, ""civil_engineering"": 0, ""production_engineering"": 12, ""administration"": 49, ""data_science"": 0}",https://www.vagas.com.br/vagas/v2832768/estagio
vagas_com,2832523,Estagiário,Estagiária / Estagiário Superior Hsse,São José do Rio Preto / SP,-20.81972,-49.37944,Estágio,,internship,"{""electrical_engineering"": 9, ""computer_science"": 0, ""mechanical_engineering"": 0, ""civil_engineering"": 0, ""production_engineering"": 0, ""administration"": 0, ""data_science"": 0}",https://www.vagas.com.br/vagas/v2832523/estagiaria-estagiario-superior-hsse
vagas_com,2814711,em Engenharia,Estagiário em Engenharia,São Paulo / SP,-23.5475,-46.63611,Estágio,,internship,"{""electrical_engineering"": 0, ""computer_science"": 0, ""mechanical_engineering"": 0, ""civil_engineering"": 0, ""production_engineering"": 0, ""administration"": 0, ""data_science"": 0}",https://www.vagas.com.br/vagas/v2814711/estagiario-em-engenharia
vagas_com,2824160,S3 Caceis,Estágio S3 Caceis,São Paulo / SP,-23.5475,-46.63611,Estágio,,internship,"{""electrical_engineering"": 0, ""computer_science"": 0, ""mechanical_engineering"": 0, ""civil_engineering"": 0, ""production_engineering"": 0, ""administration"": 0, ""data_science"": 0}",https://www.vagas.com.br/vagas/v2824160/estagio-s3-caceis
vagas_com,2830134,Grupo Dislub Equador,Programa de Estágio,Porto Velho / RO,-8.76194,-63.90389,Estágio,,internship,"{""electrical_engineering"": 0, ""computer_science"": 0, ""mechanical_engineering"": 0, ""civil_engineering"": 0, ""production_engineering"": 0, ""administration"": 49, ""data_science"": 0}",https://www.vagas.com.br/vagas/v2830134/programa-de-estagio
vagas_com,2830078,em TI,Estagio em TI,Rio de Janeiro / RJ,-22.90642,-43.18223,Estágio,,internship,"{""electrical_engineering"": 0, ""computer_science"": 9, ""mechanical_engineering"": 12, ""civil_engineering"": 9, ""production_engineering"": 0, ""administration"": 0, ""data_science"": 0}",https://www.vagas.com.br/vagas/v2830078/estagio-em-ti
vagas_com,2830459,Controladoria,Estágio Controladoria,Rio de Janeiro / RJ,-22.90642,-43.18223,Estágio,,internship,"{""electrical_engineering"": 0, ""computer_science"": 0, ""mechanical_engineering"": 0, ""civil_engineering"": 0, ""production_engineering"": 0, ""administration"": 49, ""data_science"": 0}",https://www.vagas.com.br/vagas/v2830459/estagio-controladoria
vagas_com,2824301,Comercial,Estágio Comercial,São Paulo / SP,-23.5475,-46.63611,Estágio,,internship,"{""electrical_engineering"": 0, ""computer_science"": 0, ""mechanical_engineering"": 0, ""civil_engineering"": 0, ""production_engineering"": 9, ""administration"": 17, ""data_science"": 0}",https://www.vagas.com.br/vagas/v2824301/estagio-comercial
vagas_com,2830485,em Propostas,Estágio em Propostas,São Paulo / SP,-23.5475,-46.63611,Estágio,,internship,"{""electrical_engineering"": 15, ""computer_science"": 0, ""mechanical_engineering"": 9, ""civil_engineering"": 9, ""production_engineering"": 0, ""administration"": 0, ""data_science"": 0}",https://www.vagas.com.br/vagas/v2830485/estagio-em-propostas
vagas_com,2830478,- Atendimento,Estagio - Atendimento,São Paulo / SP,-23.5475,-46.63611,Estágio,,internship,"{""electrical_engineering"": 0, ""computer_science"": 0, ""mechanical_engineering"": 0, ""civil_engineering"": 0, ""production_engineering"": 0, ""administration"": 0, ""data_science"": 0}",https://www.vagas.com.br/vagas/v2830478/estagio-atendimento
vagas_com,2829947,de Farmácia,Estagiário de Farmácia,Taboão da Serra / SP,-23.62611,-46.79167,Estágio,,internship,"{""electrical_engineering"": 9, ""computer_science"": 0, ""mechanical_engineering"": 0, ""civil_engineering"": 0, ""production_engineering"": 0, ""administration"": 0, ""data_science"": 0}",https://www.vagas.com.br/vagas/v2829947/estagiario-de-farmacia
vagas_com,2829260,em Direito,Estágio em Direito,Rio de Janeiro / RJ,-22.90642,-43.18223,Estágio,,internship,"{""electrical_engineering"": 9, ""computer_science"": 0, ""mechanical_engineering"": 0, ""civil_engineering"": 0, ""production_engineering"": 0, ""administration"": 0, ""data_science"": 0}",https://www.vagas.com.br/vagas/v2829260/estagio-em-direito
vagas_com,2830018,Comercial,Estagiário Comercial,Curitiba / PR,-25.42778,-49.27306,Estágio,,internship,"{""electrical_engineering"": 0, ""computer_science"": 0, ""mechanical_engineering"": 0, ""civil_engineering"": 9, ""production_engineering"": 0, ""administration"": 17, ""data_science"": 0}",https://www.vagas.com.br/vagas/v2830018/estagiario-comercial
vagas_com,2830689,em Contabilidade,Estágio em Contabilidade,,,,Estágio,,internship,"{""electrical_engineering"": 0, ""computer_science"": 0, ""mechanical_engineering"": 9, ""civil_engineering"": 0, ""production_engineering"": 0, ""administration"": 9, ""data_science"": 0}",https://www.vagas.com.br/vagas/v2830689/estagio-em-contabilidade
vagas_com,2831001,em Manutenção,Estágio em Manutenção,Rio Claro / SP,-22.41139,-47.56139,Estágio,,internship,"{""electrical_engineering"": 9, ""computer_science"": 0, ""mechanical_engineering"": 22, ""civil_engineering"": 0, ""production_engineering"": 9, ""administration"": 0, ""data_science"": 0}",https://www.vagas.com.br/vagas/v2831001/estagio-em-manutencao
vagas_com,2831123,de FP&A,Estagiário de FP&A,Rio de Janeiro / RJ,-22.90642,-43.18223,Estágio,,internship,"{""electrical_engineering"": 0, ""computer_science"": 0, ""mechanical_engineering"": 9, ""civil_engineering"": 18, ""production_engineering"": 0, ""administration"": 0, ""data_science"": 0}",https://www.vagas.com.br/vagas/v2831123/estagiario-de-fp-a
vagas_com,2831743,- Logística,Estágio - Logística,Sorocaba / SP,-23.50167,-47.45806,Estágio,,internship,"{""electrical_engineering"": 9, ""computer_science"": 0, ""mechanical_engineering"": 9, ""civil_engineering"": 9, ""production_engineering"": 22, ""administration"": 0, ""data_science"": 0}",https://www.vagas.com.br/vagas/v2831743/estagio-logistica
vagas_com,2831603,- Validação,Estagiário - Validação,Rio de Janeiro / RJ,-22.90642,-43.18223,Estágio,,internship,"{""electrical_engineering"": 9, ""computer_science"": 0, ""mechanical_engineering"": 0, ""civil_engineering"": 0, ""production_engineering"": 0, ""administration"": 0, ""data_science"": 0}",https://www.vagas.com.br/vagas/v2831603/estagiario-validacao
vagas_com,2831849,Meio Ambiente,Estágio Meio Ambiente,Santo André / SP,-23.66389,-46.53833,Estágio,,internship,"{""electrical_engineering"": 0, ""computer_science"": 0, ""mechanical_engineering"": 9, ""civil_engineering"": 0, ""production_engineering"": 0, ""administration"": 0, ""data_science"": 0}",https://www.vagas.com.br/vagas/v2831849/estagio-meio-ambiente
vagas_com,2826790,(a) - Aprendizagem,Estagiário (a) - Aprendizagem,Palmas / TO,28.10178,-15.41573,Estágio,,internship; apprentice,"{""electrical_engineering"": 0, ""computer_science"": 0, ""mechanical_engineering"": 0, ""civil_engineering"": 0, ""production_engineering"": 9, ""administration"": 0, ""data_science"": 0}",https://www.vagas.com.br/vagas/v2826790/estagiario-a-aprendizagem
vagas_com,2826078,em Compras,Estágio em Compras,São Paulo / SP,-23.5475,-46.63611,Estágio,,internship,"{""electrical_engineering"": 0, ""computer_science"": 0, ""mechanical_engineering"": 0, ""civil_engineering"": 0, ""production_engineering"": 9, ""administration"": 17, ""data_science"": 0}",https://www.vagas.com.br/vagas/v2826078/estagio-em-compras
vagas_com,2832421,Faturamento,Estágio Faturamento,São Bernardo do Campo / SP,-23.69389,-46.565,Estágio,,internship,"{""electrical_engineering"": 0, ""computer_science"": 0, ""mechanical_engineering"": 9, ""civil_engineering"": 9, ""production_engineering"": 0, ""administration"": 0, ""data_science"": 0}",https://www.vagas.com.br/vagas/v2832421/estagio-faturamento
vagas_com,2832468,de Direito,Estagiário de Direito,Promissão / SP,-21.53667,-49.85806,Estágio,,internship,"{""electrical_engineering"": 9, ""computer_science"": 0, ""mechanical_engineering"": 0, ""civil_engineering"": 0, ""production_engineering"": 0, ""administration"": 0, ""data_science"": 0}",https://www.vagas.com.br/vagas/v2832468/estagiario-de-direito
vagas_com,2832491,Comercial,Estagiário Comercial,Caucaia / CE,-3.73611,-38.65306,Estágio,,internship,"{""electrical_engineering"": 0, ""computer_science"": 0, ""mechanical_engineering"": 9, ""civil_engineering"": 0, ""production_engineering"": 0, ""administration"": 17, ""data_science"": 0}",https://www.vagas.com.br/vagas/v2832491/estagiario-comercial
vagas_com,2832512,em Secretariado,Estágio em Secretariado,Sorocaba / SP,-23.50167,-47.45806,Estágio,,internship,"{""electrical_engineering"": 0, ""computer_science"": 0, ""mechanical_engineering"": 0, ""civil_engineering"": 0, ""production_engineering"": 9, ""administration"": 0, ""data_science"": 0}",https://www.vagas.com.br/vagas/v2832512/estagio-em-secretariado
vagas_com,2830574,em Eventos,Estágio em Eventos,São Paulo / SP,-23.5475,-46.63611,Estágio,,internship,"{""electrical_engineering"": 9, ""computer_science"": 0, ""mechanical_engineering"": 0, ""civil_engineering"": 12, ""production_engineering"": 0, ""administration"": 49, ""data_science"": 0}",https://www.vagas.com.br/vagas/v2830574/estagio-em-eventos
vagas_com,2831319,Administrativo,Estágio Administrativo,São Paulo / SP,-23.5475,-46.63611,Estágio,,internship,"{""electrical_engineering"": 0, ""computer_science"": 0, ""mechanical_engineering"": 0, ""civil_engineering"": 0, ""production_engineering"": 0, ""administration"": 49, ""data_science"": 0}",https://www.vagas.com.br/vagas/v2831319/estagio-administrativo
vagas_com,2831256,em Economia,Estágio em Economia,São Paulo / SP,-23.5475,-46.63611,Estágio,,internship,"{""electrical_engineering"": 12, ""computer_science"": 0, ""mechanical_engineering"": 9, ""civil_engineering"": 0, ""production_engineering"": 0, ""administration"": 0, ""data_science"": 12}",https://www.vagas.com.br/vagas/v2831256/estagio-em-economia
vagas_com,2831206,em Laboratório,Estágio em Laboratório,Piracicaba / SP,-22.72528,-47.64917,Estágio,,internship,"{""electrical_engineering"": 0, ""computer_science"": 0, ""mechanical_engineering"": 0, ""civil_engineering"": 0, ""production_engineering"": 0, ""administration"": 0, ""data_science"": 0}",https://www.vagas.com.br/vagas/v2831206/estagio-em-laboratorio
vagas_com,2824690,em Operações,Estágio em Operações,Londrina / PR,-23.31028,-51.16278,Estágio,,internship,"{""electrical_engineering"": 58, ""computer_science"": 0, ""mechanical_engineering"": 9, ""civil_engineering"": 60, ""production_engineering"": 22, ""administration"": 22, ""data_science"": 0}",https://www.vagas.com.br/vagas/v2824690/estagio-em-operacoes
vagas_com,2832035,Faturamento,Estágio Faturamento,Ipatinga / MG,-19.46833,-42.53667,Estágio,,internship,"{""electrical_engineering"": 9, ""computer_science"": 0, ""mechanical_engineering"": 0, ""civil_engineering"": 9, ""production_engineering"": 0, ""administration"": 0, ""data_science"": 0}",https://www.vagas.com.br/vagas/v2832035/estagio-faturamento
vagas_com,2832568,Nutrição,Estágio Nutrição,Ipatinga / MG,-19.46833,-42.53667,Estágio,,internship,"{""electrical_engineering"": 0, ""computer_science"": 0, ""mechanical_engineering"": 0, ""civil_engineering"": 0, ""production_engineering"": 0, ""administration"": 0, ""data_science"": 0}",https://www.vagas.com.br/vagas/v2832568/estagio-nutricao
vagas_com,2832661,em e-Commerce,Estágio em e-Commerce,São Paulo / SP,-23.5475,-46.63611,Estágio,,internship,"{""electrical_engineering"": 0, ""computer_science"": 0, ""mechanical_engineering"": 0, ""civil_engineering"": 0, ""production_engineering"": 0, ""administration"": 64, ""data_science"": 0}",https://www.vagas.com.br/vagas/v2832661/estagio-em-e-commerce
vagas_com,2830095,em Logística,Estagiário em Logística,Ribeirão das Neves / MG,-19.76694,-44.08667,Estágio,,internship,"{""electrical_engineering"": 9, ""computer_science"": 0, ""mechanical_engineering"": 0, ""civil_engineering"": 0, ""production_engineering"": 22, ""administration"": 12, ""data_science"": 0}",https://www.vagas.com.br/vagas/v2830095/estagiario-em-logistica
vagas_com,2831464,em Controladoria,Estagiário em Controladoria,Rio de Janeiro / RJ,-22.90642,-43.18223,Estágio,,internship,"{""electrical_engineering"": 12, ""computer_science"": 0, ""mechanical_engineering"": 0, ""civil_engineering"": 0, ""production_engineering"": 0, ""administration"": 0, ""data_science"": 0}",https://www.vagas.com.br/vagas/v2831464/estagiario-em-controladoria
vagas_com,2815477,(a) - Direito,Estagiário (a) - Direito,Rio de Janeiro / RJ,-22.90642,-43.18223,Estágio,,internship,"{""electrical_engineering"": 0, ""computer_science"": 0, ""mechanical_engineering"": 0, ""civil_engineering"": 0, ""production_engineering"": 0, ""administration"": 0, ""data_science"": 0}",https://www.vagas.com.br/vagas/v2815477/estagiario-a-direito
vagas_com,2832667,em Controladoria,Estágio em Controladoria,Lavras / MG,-21.24528,-44.99972,Estágio,,internship,"{""electrical_engineering"": 9, ""computer_science"": 0, ""mechanical_engineering"": 0, ""civil_engineering"": 12, ""production_engineering"": 0, ""administration"": 0, ""data_science"": 0}",https://www.vagas.com.br/vagas/v2832667/estagio-em-controladoria
vagas_com,2783038,B3 - 2026,Programa de Estágio B3 - 2026,em São Paulo - SP e/ou Santana de Parnaíba-SP (Engenharia e TI). Diferenciais do,,,Estágio,,internship,"{""electrical_engineering"": 0, ""computer_science"": 0, ""mechanical_engineering"": 0, ""civil_engineering"": 0, ""production_engineering"": 0, ""administration"": 0, ""data_science"": 0}",https://www.vagas.com.br/vagas/v2783038/programa-de-estagio-b3-2026
vagas_com,2830695,Gerdau,Programa de Estágio Gerdau,Charqueadas / RS,-29.95472,-51.62528,Estágio,,internship,"{""electrical_engineering"": 0, ""computer_science"": 0, ""mechanical_engineering"": 0, ""civil_engineering"": 0, ""production_engineering"": 0, ""administration"": 0, ""data_science"": 0}",https://www.vagas.com.br/vagas/v2830695/programa-de-estagio-gerdau
vagas_com,2827844,Lactalis,Programa de Estágio Lactalis,Itajaí / SC,-26.90778,-48.66194,Estágio,,internship,"{""electrical_engineering"": 0, ""computer_science"": 49, ""mechanical_engineering"": 0, ""civil_engineering"": 0, ""production_engineering"": 0, ""administration"": 0, ""data_science"": 0}",https://www.vagas.com.br/vagas/v2827844/programa-de-estagio-lactalis
vagas_com,2820551,Marelli 2026,Programa Estágio Marelli 2026,Hortolândia / SP,-22.85833,-47.22,Estágio,,internship,"{""electrical_engineering"": 0, ""computer_science"": 0, ""mechanical_engineering"": 9, ""civil_engineering"": 0, ""production_engineering"": 12, ""administration"": 58, ""data_science"": 0}",https://www.vagas.com.br/vagas/v2820551/programa-estagio-marelli-2026
vagas_com,2783052,Santander 2026,Programa de Estágio Santander 2026,,,,Estágio,,internship,"{""electrical_engineering"": 0, ""computer_science"": 0, ""mechanical_engineering"": 0, ""civil_engineering"": 0, ""production_engineering"": 0, ""administration"": 0, ""data_science"": 0}",https://www.vagas.com.br/vagas/v2783052/programa-de-estagio-santander-2026
vagas_com,2833897,Reckitt 2027,Programa de Estágio Reckitt 2027,São Paulo / SP,-23.5475,-46.63611,Estágio,,internship,"{""electrical_engineering"": 0, ""computer_science"": 0, ""mechanical_engineering"": 0, ""civil_engineering"": 0, ""production_engineering"": 12, ""administration"": 61, ""data_science"": 0}",https://www.vagas.com.br/vagas/v2833897/programa-de-estagio-reckitt-2027
vagas_com,2818494,2026.2 - Águas de Votorantim,Programa de Estágio 2026.2 - Águas de Votorantim,Votorantim / SP,-23.54667,-47.43778,Estágio,,internship,"{""electrical_engineering"": 0, ""computer_science"": 0, ""mechanical_engineering"": 0, ""civil_engineering"": 0, ""production_engineering"": 0, ""administration"": 0, ""data_science"": 0}",https://www.vagas.com.br/vagas/v2818494/programa-de-estagio-2026-2-aguas-de-votorantim
vagas_com,2818483,2026.2 - Águas de Jahu,Programa de Estágio 2026.2 - Águas de Jahu,Jaú / SP,-22.29639,-48.55778,Estágio,,internship,"{""electrical_engineering"": 0, ""computer_science"": 0, ""mechanical_engineering"": 0, ""civil_engineering"": 0, ""production_engineering"": 12, ""administration"": 0, ""data_science"": 0}",https://www.vagas.com.br/vagas/v2818483/programa-de-estagio-2026-2-aguas-de-jahu
vagas_com,2818472,2026.2 - Águas da Condessa,Programa de Estágio 2026.2 - Águas da Condessa,Paraíba do Sul / RJ,-22.15847,-43.29321,Estágio,,internship,"{""electrical_engineering"": 0, ""computer_science"": 0, ""mechanical_engineering"": 0, ""civil_engineering"": 0, ""production_engineering"": 0, ""administration"": 0, ""data_science"": 0}",https://www.vagas.com.br/vagas/v2818472/programa-de-estagio-2026-2-aguas-da-condessa
vagas_com,2818493,2026.2 - Águas de Paraty,Programa de Estágio 2026.2 - Águas de Paraty,Parati / RJ,-26.37,-48.72222,Estágio,,internship,"{""electrical_engineering"": 0, ""computer_science"": 0, ""mechanical_engineering"": 0, ""civil_engineering"": 0, ""production_engineering"": 0, ""administration"": 0, ""data_science"": 0}",https://www.vagas.com.br/vagas/v2818493/programa-de-estagio-2026-2-aguas-de-paraty
vagas_com,2834276,2026.2 - Águas de Imperatriz,Programa de Estágio 2026.2 - Águas de Imperatriz,Teresópolis / RJ,-22.4167,-42.97822,Estágio,,internship,"{""electrical_engineering"": 0, ""computer_science"": 0, ""mechanical_engineering"": 0, ""civil_engineering"": 0, ""production_engineering"": 0, ""administration"": 0, ""data_science"": 0}",https://www.vagas.com.br/vagas/v2834276/programa-de-estagio-2026-2-aguas-de-imperatriz
vagas_com,2818492,2026.2 - Águas de Pará de Minas,Programa de Estágio 2026.2 - Águas de Pará de Minas,Pará de Minas / MG,-19.86028,-44.60833,Estágio,,internship,"{""electrical_engineering"": 9, ""computer_science"": 0, ""mechanical_engineering"": 0, ""civil_engineering"": 0, ""production_engineering"": 0, ""administration"": 0, ""data_science"": 0}",https://www.vagas.com.br/vagas/v2818492/programa-de-estagio-2026-2-aguas-de-para-de-minas
vagas_com,2822295,| Hyundai Motor Brasil 2026,Programa de Estágio | Hyundai Motor Brasil 2026,Piracicaba / SP,-22.72528,-47.64917,Estágio,,internship,"{""electrical_engineering"": 21, ""computer_science"": 49, ""mechanical_engineering"": 9, ""civil_engineering"": 0, ""production_engineering"": 0, ""administration"": 9, ""data_science"": 0}",https://www.vagas.com.br/vagas/v2822295/programa-de-estagio-hyundai-motor-brasil-2026
vagas_com,2831205,2026 - Técnico Segurança do Trabalho,Programa de Estágio 2026 - Técnico Segurança do Trabalho,Vespasiano / MG,-19.69194,-43.92333,Estágio,,internship,"{""electrical_engineering"": 0, ""computer_science"": 0, ""mechanical_engineering"": 0, ""civil_engineering"": 0, ""production_engineering"": 0, ""administration"": 0, ""data_science"": 0}",https://www.vagas.com.br/vagas/v2831205/programa-de-estagio-2026-tecnico-seguranca-do-trabalho
vagas_com,2833366,- Afirmativo Étnico Racial,Programa de Estágio - Afirmativo Étnico Racial,São Paulo / SP,-23.5475,-46.63611,Estágio,,internship,"{""electrical_engineering"": 0, ""computer_science"": 0, ""mechanical_engineering"": 0, ""civil_engineering"": 0, ""production_engineering"": 0, ""administration"": 0, ""data_science"": 0}",https://www.vagas.com.br/vagas/v2833366/programa-de-estagio-afirmativo-etnico-racial
vagas_com,2831965,Curricular - Ressonância Magnética,Programa de Estágio Curricular - Ressonância Magnética,Belo Horizonte / MG,-19.92083,-43.93778,Estágio,,internship,"{""electrical_engineering"": 0, ""computer_science"": 0, ""mechanical_engineering"": 0, ""civil_engineering"": 0, ""production_engineering"": 0, ""administration"": 0, ""data_science"": 0}",https://www.vagas.com.br/vagas/v2831965/programa-de-estagio-curricular-ressonancia-magnetica
vagas_com,2833616,Curricular 2026 - Biomedicina - Radiologia,Programa de Estágio Curricular 2026 - Biomedicina - Radiologia,São Paulo / SP,-23.5475,-46.63611,Estágio,,internship,"{""electrical_engineering"": 0, ""computer_science"": 0, ""mechanical_engineering"": 0, ""civil_engineering"": 0, ""production_engineering"": 0, ""administration"": 0, ""data_science"": 0}",https://www.vagas.com.br/vagas/v2833616/programa-de-estagio-curricular-2026-biomedicina-radiologia
vagas_com,2834252,2026.2 - Águas de Nova Friburgo,Programa de Estágio 2026.2 - Águas de Nova Friburgo,Nova Friburgo / RJ,-22.28194,-42.53111,Estágio,,internship,"{""electrical_engineering"": 0, ""computer_science"": 0, ""mechanical_engineering"": 0, ""civil_engineering"": 0, ""production_engineering"": 0, ""administration"": 0, ""data_science"": 0}",https://www.vagas.com.br/vagas/v2834252/programa-de-estagio-2026-2-aguas-de-nova-friburgo
vagas_com,2824403,Deloitte Consultoria Tributária 2026,Programa de Estágio Deloitte Consultoria Tributária 2026,,,,Estágio,,internship,"{""electrical_engineering"": 0, ""computer_science"": 0, ""mechanical_engineering"": 0, ""civil_engineering"": 0, ""production_engineering"": 49, ""administration"": 0, ""data_science"": 0}",https://www.vagas.com.br/vagas/v2824403/programa-de-estagio-deloitte-consultoria-tributaria-2026
vagas_com,2830558,Dsm-Firmenich 2027 - 1° Onda,Programa de Estágio Dsm-Firmenich 2027 - 1° Onda,,,,Estágio,,internship,"{""electrical_engineering"": 9, ""computer_science"": 0, ""mechanical_engineering"": 0, ""civil_engineering"": 0, ""production_engineering"": 0, ""administration"": 0, ""data_science"": 0}",https://www.vagas.com.br/vagas/v2830558/programa-de-estagio-dsm-firmenich-2027-1-onda
vagas_com,2830836,Jovens Talentos -,Programa Jovens Talentos - Estágio e Jovem Aprendiz,São Paulo / SP,-23.5475,-46.63611,Estágio,,internship; apprentice,"{""electrical_engineering"": 0, ""computer_science"": 0, ""mechanical_engineering"": 9, ""civil_engineering"": 0, ""production_engineering"": 0, ""administration"": 9, ""data_science"": 0}",https://www.vagas.com.br/vagas/v2830836/programa-jovens-talentos-estagio-e-jovem-aprendiz
vagas_com,2818504,2026.2 - Grupo Águas do Brasil e Águas de Niterói,Programa de Estágio 2026.2 - Grupo Águas do Brasil e Águas de Niterói,Niterói / RJ,-22.88333,-43.10361,Estágio,,internship,"{""electrical_engineering"": 0, ""computer_science"": 0, ""mechanical_engineering"": 0, ""civil_engineering"": 0, ""production_engineering"": 0, ""administration"": 0, ""data_science"": 0}",https://www.vagas.com.br/vagas/v2818504/programa-de-estagio-2026-2-grupo-aguas-do-brasil-e-aguas-de-niteroi
vagas_com,2832354,2026 - Universidade Corporativa - Psicologia - Comunicação Social,Programa de Estágio 2026 - Universidade Corporativa - Psicologia - Comunicação Social,Rio de Janeiro / RJ,-22.90642,-43.18223,Estágio,,internship,"{""electrical_engineering"": 0, ""computer_science"": 0, ""mechanical_engineering"": 0, ""civil_engineering"": 0, ""production_engineering"": 0, ""administration"": 0, ""data_science"": 0}",https://www.vagas.com.br/vagas/v2832354/programa-de-estagio-2026-universidade-corporativa-psicologia-comunicacao-social
vagas_com,2830504,| Afirmativo para Pessoas Negras - São Paulo,Programa de Estágio | Afirmativo para Pessoas Negras - São Paulo,São Paulo / SP,-23.5475,-46.63611,Estágio,,internship,"{""electrical_engineering"": 0, ""computer_science"": 0, ""mechanical_engineering"": 0, ""civil_engineering"": 0, ""production_engineering"": 0, ""administration"": 0, ""data_science"": 0}",https://www.vagas.com.br/vagas/v2830504/programa-de-estagio-afirmativo-para-pessoas-negras-sao-paulo
vagas_com,2833619,2026 - Gestão da Produção/Automação - Engenharia - Farmácia - Biomedicina,Programa de Estágio 2026 - Gestão da Produção/Automação - Engenharia - Farmácia - Biomedicina,Vespasiano / MG,-19.69194,-43.92333,Estágio,,internship,"{""electrical_engineering"": 22, ""computer_science"": 0, ""mechanical_engineering"": 0, ""civil_engineering"": 0, ""production_engineering"": 0, ""administration"": 0, ""data_science"": 0}",https://www.vagas.com.br/vagas/v2833619/programa-de-estagio-2026-gestao-da-producao-automacao-engenharia-farmacia-biomedicina
vagas_com,2831317,"2026 - Engenharia Clínica - Técnico em Eletrônica, Mecânica, Mecatrônica, Automação","Programa de Estágio 2026 - Engenharia Clínica - Técnico em Eletrônica, Mecânica, Mecatrônica, Automação",Vespasiano / MG,-19.69194,-43.92333,Estágio,,internship,"{""electrical_engineering"": 30, ""computer_science"": 0, ""mechanical_engineering"": 0, ""civil_engineering"": 0, ""production_engineering"": 0, ""administration"": 0, ""data_science"": 0}",https://www.vagas.com.br/vagas/v2831317/programa-de-estagio-2026-engenharia-clinica-tecnico-em-eletronica-mecanica-mecatronica-automacao
vagas_com,2828706,Lapidando Talentos - Banco de Talentos,Programa Lapidando Talentos - Banco de Talentos,Rio de Janeiro / RJ,-22.90642,-43.18223,Estágio,,internship,"{""electrical_engineering"": 9, ""computer_science"": 0, ""mechanical_engineering"": 0, ""civil_engineering"": 0, ""production_engineering"": 0, ""administration"": 49, ""data_science"": 0}",https://www.vagas.com.br/vagas/v2828706/programa-lapidando-talentos-banco-de-talentos
vagas_com,2834071,de Auditoria,Estágio de Auditoria,"de AuditoriaSalvador/BA#VemSerOCO que você irá fazer:Organizar, protocolar, conferir Salvador/BASegunda a sexta das 07h as 13h.O que oferecemos:Pesando em seu desenvolvimento, oferecemos o",,,Estágio,,internship,"{""electrical_engineering"": 0, ""computer_science"": 0, ""mechanical_engineering"": 0, ""civil_engineering"": 0, ""production_engineering"": 0, ""administration"": 0, ""data_science"": 0}",https://www.vagas.com.br/vagas/v2834071/estagio-de-auditoria
vagas_com,2832341,em Logística,Estágio em Logística,São Paulo / SP,-23.5475,-46.63611,Estágio,,internship,"{""electrical_engineering"": 0, ""computer_science"": 0, ""mechanical_engineering"": 0, ""civil_engineering"": 9, ""production_engineering"": 22, ""administration"": 0, ""data_science"": 0}",https://www.vagas.com.br/vagas/v2832341/estagio-em-logistica
vagas_com,2828445,de Enfermagem,Estágio de Enfermagem,"de EnfermagemSalvador/BA#VemSerOCO que você irá fazer:Esta oportunidade é para atuar O que oferecemos:Pesando em seu desenvolvimento, oferecemos o",,,Estágio,,internship,"{""electrical_engineering"": 0, ""computer_science"": 0, ""mechanical_engineering"": 0, ""civil_engineering"": 0, ""production_engineering"": 0, ""administration"": 0, ""data_science"": 0}",https://www.vagas.com.br/vagas/v2828445/estagio-de-enfermagem
vagas_com,2834203,(a) - Aprendizagem,Estagiário (a) - Aprendizagem,Campina Grande / PB,-7.23056,-35.88111,Estágio,,internship; apprentice,"{""electrical_engineering"": 0, ""computer_science"": 0, ""mechanical_engineering"": 0, ""civil_engineering"": 0, ""production_engineering"": 9, ""administration"": 0, ""data_science"": 0}",https://www.vagas.com.br/vagas/v2834203/estagiario-a-aprendizagem
vagas_com,2833362,(a) em Macroeconomia,Estagiário (a) em Macroeconomia,Rio de Janeiro / RJ,-22.90642,-43.18223,Estágio,,internship,"{""electrical_engineering"": 0, ""computer_science"": 0, ""mechanical_engineering"": 9, ""civil_engineering"": 0, ""production_engineering"": 0, ""administration"": 0, ""data_science"": 0}",https://www.vagas.com.br/vagas/v2833362/estagiario-a-em-macroeconomia
vagas_com,2831917,de Direito,Estagiário de Direito,Rio de Janeiro / RJ,-22.90642,-43.18223,Estágio,,internship,"{""electrical_engineering"": 0, ""computer_science"": 0, ""mechanical_engineering"": 0, ""civil_engineering"": 0, ""production_engineering"": 0, ""administration"": 0, ""data_science"": 0}",https://www.vagas.com.br/vagas/v2831917/estagiario-de-direito
vagas_com,2822508,em Compliance,Estágio em Compliance,Rio de Janeiro / RJ,-22.90642,-43.18223,Estágio,,internship,"{""electrical_engineering"": 9, ""computer_science"": 0, ""mechanical_engineering"": 0, ""civil_engineering"": 0, ""production_engineering"": 0, ""administration"": 49, ""data_science"": 0}",https://www.vagas.com.br/vagas/v2822508/estagio-em-compliance
vagas_com,2834125,- Engenharia,Estagiário - Engenharia,Vargem Bonita / SC,,,Estágio,,internship,"{""electrical_engineering"": 9, ""computer_science"": 0, ""mechanical_engineering"": 49, ""civil_engineering"": 0, ""production_engineering"": 9, ""administration"": 0, ""data_science"": 0}",https://www.vagas.com.br/vagas/v2834125/estagiario-engenharia
vagas_com,2783038,B3 - 2026,Programa de Estágio B3 - 2026,A Universia está em busca de candidatos para o Programa de Estágio B3 - 2026. Pré-requisitos Bacharel e Licenciatura (Todos os cursos) Tecnólogo (todos os cursos de Tecnologia da Informação) - Disponibilidade para realizar no mínimo 1 ano de estágio; Disponibilidade para estagiar em São Paulo - SP e/ou Santana de Parnaíba-SP (Engenharia e TI). Etapas do Processo Inscrição; Repen...,,,Estágio,,internship,"{""electrical_engineering"": 0, ""computer_science"": 0, ""mechanical_engineering"": 0, ""civil_engineering"": 0, ""production_engineering"": 0, ""administration"": 0, ""data_science"": 0}",https://www.vagas.com.br/vagas/v2783038/programa-de-estagio-b3-2026
vagas_com,2824160,S3 Caceis,Estágio S3 Caceis,Descrição: A Universia está em busca de candidatos para Estágio na S3 Caceis.Requisitos:Cursando a partir do segundo semestre da graduação;Disponibilidade para estagiar presencialmente 6h por dia;Localidade: São Paulo/SP;Áreas: Diversas áreas.Benefícios:Plano de SaúdeVale RefeiçãoVale TransporteSeguro de VidaGympass,,,Estágio,,internship,"{""electrical_engineering"": 0, ""computer_science"": 0, ""mechanical_engineering"": 0, ""civil_engineering"": 0, ""production_engineering"": 0, ""administration"": 0, ""data_science"": 0}",https://www.vagas.com.br/vagas/v2824160/estagio-s3-caceis
vagas_com,2832287,Comercial,Estágio Comercial,Louveira / SP,-23.08639,-46.95056,Estágio,,internship,"{""electrical_engineering"": 0, ""computer_science"": 0, ""mechanical_engineering"": 9, ""civil_engineering"": 0, ""production_engineering"": 0, ""administration"": 17, ""data_science"": 0}",https://www.vagas.com.br/vagas/v2832287/estagio-comercial
vagas_com,2831899,Manutenção,Estágio Manutenção,São Bernardo do Campo / SP,-23.69389,-46.565,Estágio,,internship,"{""electrical_engineering"": 9, ""computer_science"": 0, ""mechanical_engineering"": 22, ""civil_engineering"": 0, ""production_engineering"": 0, ""administration"": 0, ""data_science"": 0}",https://www.vagas.com.br/vagas/v2831899/estagio-manutencao
vagas_com,2823543,em Supermercado,Estagio em Supermercado,Curitibanos / SC,-27.28278,-50.58444,Estágio,,internship,"{""electrical_engineering"": 0, ""computer_science"": 0, ""mechanical_engineering"": 17, ""civil_engineering"": 0, ""production_engineering"": 0, ""administration"": 0, ""data_science"": 0}",https://www.vagas.com.br/vagas/v2823543/estagio-em-supermercado
vagas_com,2823784,em Supermercado,Estagio em Supermercado,Barra Velha / SC,-26.63222,-48.68472,Estágio,,internship,"{""electrical_engineering"": 0, ""computer_science"": 0, ""mechanical_engineering"": 17, ""civil_engineering"": 0, ""production_engineering"": 0, ""administration"": 0, ""data_science"": 0}",https://www.vagas.com.br/vagas/v2823784/estagio-em-supermercado
vagas_com,2831547,em Logística,Estagiário em Logística,Serra / ES,-20.12861,-40.30778,Estágio,,internship,"{""electrical_engineering"": 9, ""computer_science"": 0, ""mechanical_engineering"": 0, ""civil_engineering"": 0, ""production_engineering"": 22, ""administration"": 12, ""data_science"": 0}",https://www.vagas.com.br/vagas/v2831547/estagiario-em-logistica
vagas_com,2832704,em Química,Estágio em Química,Amparo / SP,-22.70111,-46.76444,Estágio,,internship,"{""electrical_engineering"": 9, ""computer_science"": 0, ""mechanical_engineering"": 0, ""civil_engineering"": 0, ""production_engineering"": 12, ""administration"": 12, ""data_science"": 0}",https://www.vagas.com.br/vagas/v2832704/estagio-em-quimica
vagas_com,2825345,em Supermercado,Estagio em Supermercado,São Vicente / SP,-23.96306,-46.39194,Estágio,,internship,"{""electrical_engineering"": 0, ""computer_science"": 0, ""mechanical_engineering"": 17, ""civil_engineering"": 0, ""production_engineering"": 0, ""administration"": 0, ""data_science"": 0}",https://www.vagas.com.br/vagas/v2825345/estagio-em-supermercado
vagas_com,2823788,em Supermercado,Estagio em Supermercado,Barra Mansa / RJ,-22.54417,-44.17139,Estágio,,internship,"{""electrical_engineering"": 0, ""computer_science"": 0, ""mechanical_engineering"": 17, ""civil_engineering"": 0, ""production_engineering"": 0, ""administration"": 0, ""data_science"": 0}",https://www.vagas.com.br/vagas/v2823788/estagio-em-supermercado
vagas_com,2828682,em Departamento Pessoal,Estágio em Departamento Pessoal,Manaus / AM,-3.10194,-60.025,Estágio,,internship,"{""electrical_engineering"": 0, ""computer_science"": 0, ""mechanical_engineering"": 0, ""civil_engineering"": 0, ""production_engineering"": 0, ""administration"": 0, ""data_science"": 0}",https://www.vagas.com.br/vagas/v2828682/estagio-em-departamento-pessoal
vagas_com,2830419,em Recursos Humanos,Estágio em Recursos Humanos,São Paulo / SP,-23.5475,-46.63611,Estágio,,internship,"{""electrical_engineering"": 9, ""computer_science"": 0, ""mechanical_engineering"": 0, ""civil_engineering"": 0, ""production_engineering"": 0, ""administration"": 66, ""data_science"": 0}",https://www.vagas.com.br/vagas/v2830419/estagio-em-recursos-humanos
vagas_com,2819634,Fundepag,Analista de Recursos Humanos Jr - Sede,São Paulo / SP,-23.5475,-46.63611,Estágio,,internship,"{""electrical_engineering"": 0, ""computer_science"": 0, ""mechanical_engineering"": 9, ""civil_engineering"": 0, ""production_engineering"": 0, ""administration"": 66, ""data_science"": 0}",https://www.vagas.com.br/vagas/v2819634/analista-de-recursos-humanos-jr-sede
vagas_com,2834222,Confidencial,Analista de Departamento Pessoal Pleno,Itu / SP,-23.26417,-47.29917,,,,"{""electrical_engineering"": 9, ""computer_science"": 0, ""mechanical_engineering"": 0, ""civil_engineering"": 0, ""production_engineering"": 0, ""administration"": 0, ""data_science"": 0}",https://www.vagas.com.br/vagas/v2834222/analista-de-departamento-pessoal-pleno
vagas_com,2832810,Confidencial,Assistente Administrativo,Belo Horizonte / MG,-19.92083,-43.93778,,,,"{""electrical_engineering"": 9, ""computer_science"": 0, ""mechanical_engineering"": 9, ""civil_engineering"": 0, ""production_engineering"": 0, ""administration"": 0, ""data_science"": 0}",https://www.vagas.com.br/vagas/v2832810/assistente-administrativo
vagas_com,2828682,Michelin Industria de Pneus,Estágio em Departamento Pessoal,Manaus / AM,-3.10194,-60.025,Estágio,,internship,"{""electrical_engineering"": 9, ""computer_science"": 0, ""mechanical_engineering"": 0, ""civil_engineering"": 0, ""production_engineering"": 0, ""administration"": 0, ""data_science"": 0}",https://www.vagas.com.br/vagas/v2828682/estagio-em-departamento-pessoal
vagas_com,2834433,Clealco,Analista de Administração de Pessoal Jr,Clementina / SP,,,,,,"{""electrical_engineering"": 9, ""computer_science"": 0, ""mechanical_engineering"": 0, ""civil_engineering"": 0, ""production_engineering"": 0, ""administration"": 70, ""data_science"": 0}",https://www.vagas.com.br/vagas/v2834433/analista-de-administracao-de-pessoal-jr
vagas_com,2822934,JOBCENTER DO BRASIL LTDA,Analista de Recursos Humanos | Generalista,São Paulo / SP,-23.5475,-46.63611,,,,"{""electrical_engineering"": 9, ""computer_science"": 0, ""mechanical_engineering"": 0, ""civil_engineering"": 0, ""production_engineering"": 0, ""administration"": 17, ""data_science"": 0}",https://www.vagas.com.br/vagas/v2822934/analista-de-recursos-humanos-generalista
vagas_com,2834492,ALLOS,Pessoa Supervisora de Atendimento,Taboão da Serra / SP,-23.62611,-46.79167,,,,"{""electrical_engineering"": 0, ""computer_science"": 0, ""mechanical_engineering"": 0, ""civil_engineering"": 0, ""production_engineering"": 0, ""administration"": 0, ""data_science"": 0}",https://www.vagas.com.br/vagas/v2834492/pessoa-supervisora-de-atendimento
vagas_com,2827768,UNIÃO QUÍMICA,Supervisor de Producao,Pouso Alegre / MG,-22.23,-45.93639,,,,"{""electrical_engineering"": 9, ""computer_science"": 0, ""mechanical_engineering"": 0, ""civil_engineering"": 0, ""production_engineering"": 0, ""administration"": 0, ""data_science"": 0}",https://www.vagas.com.br/vagas/v2827768/supervisor-de-producao
vagas_com,2831165,Fundação Educacional Lucas Machado,Fisioterapeuta Hospitalar,Belo Horizonte / MG,-19.92083,-43.93778,,,,"{""electrical_engineering"": 0, ""computer_science"": 0, ""mechanical_engineering"": 0, ""civil_engineering"": 0, ""production_engineering"": 0, ""administration"": 0, ""data_science"": 0}",https://www.vagas.com.br/vagas/v2831165/fisioterapeuta-hospitalar
vagas_com,2831748,GrupoSC,Coordenador de Logística,Cuiabá / MT,-15.59611,-56.09667,,,,"{""electrical_engineering"": 0, ""computer_science"": 0, ""mechanical_engineering"": 0, ""civil_engineering"": 0, ""production_engineering"": 22, ""administration"": 0, ""data_science"": 0}",https://www.vagas.com.br/vagas/v2831748/coordenador-de-logistica
vagas_com,2830489,Confidencial,Líder de Equipe Logística - Mercado Envios,Cascavel / PR,-24.95583,-53.45528,,,,"{""electrical_engineering"": 0, ""computer_science"": 0, ""mechanical_engineering"": 17, ""civil_engineering"": 0, ""production_engineering"": 22, ""administration"": 0, ""data_science"": 0}",https://www.vagas.com.br/vagas/v2830489/lider-de-equipe-logistica-mercado-envios
vagas_com,2831587,CSN CIMENTOS,Técnico de Manutenção Mecânica I – Sorocaba/SP,Sorocaba / SP,-23.50167,-47.45806,,,,"{""electrical_engineering"": 0, ""computer_science"": 0, ""mechanical_engineering"": 22, ""civil_engineering"": 0, ""production_engineering"": 0, ""administration"": 0, ""data_science"": 0}",https://www.vagas.com.br/vagas/v2831587/tecnico-de-manutencao-mecanica-i-sorocaba-sp
vagas_com,2831600,Confidencial,Técnico de Segurança do Trabalho I - Cajamar,Cajamar / SP,-23.35611,-46.87694,,,,"{""electrical_engineering"": 0, ""computer_science"": 0, ""mechanical_engineering"": 0, ""civil_engineering"": 0, ""production_engineering"": 9, ""administration"": 0, ""data_science"": 0}",https://www.vagas.com.br/vagas/v2831600/tecnico-de-seguranca-do-trabalho-i-cajamar
vagas_com,2823022,Zydus,Coordenador de RH - Administração de Pessoal,Rio de Janeiro / RJ,-22.90642,-43.18223,,,,"{""electrical_engineering"": 9, ""computer_science"": 0, ""mechanical_engineering"": 0, ""civil_engineering"": 0, ""production_engineering"": 0, ""administration"": 70, ""data_science"": 0}",https://www.vagas.com.br/vagas/v2823022/coordenador-de-rh-administracao-de-pessoal
vagas_com,2831843,CSN CIMENTOS,Analista de Logística Pleno,,,,,,,"{""electrical_engineering"": 0, ""computer_science"": 0, ""mechanical_engineering"": 0, ""civil_engineering"": 0, ""production_engineering"": 22, ""administration"": 0, ""data_science"": 0}",https://www.vagas.com.br/vagas/v2831843/analista-de-logistica-pleno
vagas_com,2832089,EDF power solutions,Supervisor(a) de Manutenção Mecânica (Uhe),Aripuanã / MT,-10.17647,-59.44913,,,,"{""electrical_engineering"": 0, ""computer_science"": 0, ""mechanical_engineering"": 22, ""civil_engineering"": 0, ""production_engineering"": 9, ""administration"": 0, ""data_science"": 0}",https://www.vagas.com.br/vagas/v2832089/supervisor-a-de-manutencao-mecanica-uhe
vagas_com,2820704,Grupo Fleury,Técnico Medicina Nuclear,Belo Horizonte / MG,-19.92083,-43.93778,,,,"{""electrical_engineering"": 0, ""computer_science"": 0, ""mechanical_engineering"": 0, ""civil_engineering"": 0, ""production_engineering"": 9, ""administration"": 0, ""data_science"": 0}",https://www.vagas.com.br/vagas/v2820704/tecnico-medicina-nuclear
vagas_com,2831739,Trabalhistas,Especialista em Relações Trabalhistas | Admin,Aracruz / ES,-19.82028,-40.27333,,,,"{""electrical_engineering"": 0, ""computer_science"": 0, ""mechanical_engineering"": 0, ""civil_engineering"": 0, ""production_engineering"": 0, ""administration"": 0, ""data_science"": 0}",https://www.vagas.com.br/vagas/v2831739/especialista-em-relacoes-trabalhistas-admin
vagas_com,2831600,Trabalho,Técnico de Segurança do Trabalho I - Cajamar,Cajamar / SP,-23.35611,-46.87694,,,,"{""electrical_engineering"": 0, ""computer_science"": 0, ""mechanical_engineering"": 0, ""civil_engineering"": 12, ""production_engineering"": 0, ""administration"": 0, ""data_science"": 0}",https://www.vagas.com.br/vagas/v2831600/tecnico-de-seguranca-do-trabalho-i-cajamar
vagas_com,2832232,Grupo SERES,Analista de Departamento Pessoal,Volta Redonda / RJ,-22.52306,-44.10417,,,,"{""electrical_engineering"": 0, ""computer_science"": 0, ""mechanical_engineering"": 0, ""civil_engineering"": 0, ""production_engineering"": 0, ""administration"": 58, ""data_science"": 0}",https://www.vagas.com.br/vagas/v2832232/analista-de-departamento-pessoal
vagas_com,2833761,HarperCollins Brasil,Analista de Departamento Pessoal Pleno,Rio de Janeiro / RJ,-22.90642,-43.18223,,,,"{""electrical_engineering"": 0, ""computer_science"": 0, ""mechanical_engineering"": 0, ""civil_engineering"": 0, ""production_engineering"": 0, ""administration"": 49, ""data_science"": 0}",https://www.vagas.com.br/vagas/v2833761/analista-de-departamento-pessoal-pleno
vagas_com,2825709,Prestige Comércio de Cosméticos,Especialista em Recursos Humanos,São Paulo / SP,-23.5475,-46.63611,,,,"{""electrical_engineering"": 0, ""computer_science"": 0, ""mechanical_engineering"": 0, ""civil_engineering"": 0, ""production_engineering"": 0, ""administration"": 66, ""data_science"": 0}",https://www.vagas.com.br/vagas/v2825709/especialista-em-recursos-humanos
vagas_com,2832531,Grupo SERES,Analista de Departamento Pessoal,Resende / RJ,-22.46889,-44.44667,,,,"{""electrical_engineering"": 0, ""computer_science"": 0, ""mechanical_engineering"": 0, ""civil_engineering"": 0, ""production_engineering"": 0, ""administration"": 0, ""data_science"": 0}",https://www.vagas.com.br/vagas/v2832531/analista-de-departamento-pessoal
vagas_com,2830265,Colgate-Palmolive,Mecânico 1,São Paulo / SP,-23.5475,-46.63611,,,,"{""electrical_engineering"": 0, ""computer_science"": 0, ""mechanical_engineering"": 12, ""civil_engineering"": 0, ""production_engineering"": 0, ""administration"": 0, ""data_science"": 0}",https://www.vagas.com.br/vagas/v2830265/mecanico-1
vagas_com,2833178,Confidencial,Supervisor de Departamento Pessoal,,,,,,,"{""electrical_engineering"": 9, ""computer_science"": 0, ""mechanical_engineering"": 0, ""civil_engineering"": 0, ""production_engineering"": 0, ""administration"": 0, ""data_science"": 0}",https://www.vagas.com.br/vagas/v2833178/supervisor-de-departamento-pessoal
vagas_com,2831747,Talent Group,11341 - Analista de Recursos Humanos Sênior (Folha de Pagamento \ Departamento Pessoal),Curitiba / PR,-25.42778,-49.27306,,,,"{""electrical_engineering"": 9, ""computer_science"": 0, ""mechanical_engineering"": 9, ""civil_engineering"": 0, ""production_engineering"": 0, ""administration"": 66, ""data_science"": 0}",https://www.vagas.com.br/vagas/v2831747/11341-analista-de-recursos-humanos-senior-folha-de-pagamento-departamento-pessoal
vagas_com,2832933,ADP,Analista Júnior de Folha de Pagamento,São Paulo / SP,-23.5475,-46.63611,,,entry_level,"{""electrical_engineering"": 0, ""computer_science"": 0, ""mechanical_engineering"": 0, ""civil_engineering"": 0, ""production_engineering"": 0, ""administration"": 0, ""data_science"": 0}",https://www.vagas.com.br/vagas/v2832933/analista-junior-de-folha-de-pagamento
vagas_com,2830419,Glenmark Farmacêutica Ltda.,Estágio em Recursos Humanos,São Paulo / SP,-23.5475,-46.63611,Estágio,,internship,"{""electrical_engineering"": 0, ""computer_science"": 0, ""mechanical_engineering"": 0, ""civil_engineering"": 0, ""production_engineering"": 0, ""administration"": 66, ""data_science"": 0}",https://www.vagas.com.br/vagas/v2830419/estagio-em-recursos-humanos
vagas_com,2828526,Dormer Pramet,Analista de RH Generalista Pleno | Foco em Folha e Benefícios,Sorocaba / SP,-23.50167,-47.45806,,,,"{""electrical_engineering"": 0, ""computer_science"": 0, ""mechanical_engineering"": 0, ""civil_engineering"": 0, ""production_engineering"": 0, ""administration"": 0, ""data_science"": 0}",https://www.vagas.com.br/vagas/v2828526/analista-de-rh-generalista-pleno-foco-em-folha-e-beneficios
vagas_com,2831231,CSN CIMENTOS,Auxiliar de Produção | Montes Claros - MG,Montes Claros / MG,-16.735,-43.86167,,,,"{""electrical_engineering"": 0, ""computer_science"": 0, ""mechanical_engineering"": 0, ""civil_engineering"": 9, ""production_engineering"": 0, ""administration"": 0, ""data_science"": 0}",https://www.vagas.com.br/vagas/v2831231/auxiliar-de-producao-montes-claros-mg
vagas_com,2833466,Grupo Dislub Equador,Coordenador de Departamento Pessoal,Recife / PE,-8.05389,-34.88111,,,,"{""electrical_engineering"": 0, ""computer_science"": 0, ""mechanical_engineering"": 0, ""civil_engineering"": 0, ""production_engineering"": 0, ""administration"": 0, ""data_science"": 0}",https://www.vagas.com.br/vagas/v2833466/coordenador-de-departamento-pessoal
vagas_com,2830961,CSN CIMENTOS,Operador de Equipamento de Mina II | Montes Claros/MG,Montes Claros / MG,-16.735,-43.86167,,,,"{""electrical_engineering"": 0, ""computer_science"": 0, ""mechanical_engineering"": 0, ""civil_engineering"": 0, ""production_engineering"": 0, ""administration"": 0, ""data_science"": 0}",https://www.vagas.com.br/vagas/v2830961/operador-de-equipamento-de-mina-ii-montes-claros-mg
vagas_com,2830673,Confidencial,Supervisor(a) de Departamento Pessoal – Folha de Pagamento (Alto Volume),São Paulo / SP,-23.5475,-46.63611,,,,"{""electrical_engineering"": 0, ""computer_science"": 0, ""mechanical_engineering"": 9, ""civil_engineering"": 0, ""production_engineering"": 0, ""administration"": 0, ""data_science"": 0}",https://www.vagas.com.br/vagas/v2830673/supervisor-a-de-departamento-pessoal-folha-de-pagamento-alto-volume
vagas_com,2833518,CSN CIMENTOS,Operador de Expedição II | Vitória - ES,Serra / ES,-20.12861,-40.30778,,,,"{""electrical_engineering"": 0, ""computer_science"": 0, ""mechanical_engineering"": 0, ""civil_engineering"": 0, ""production_engineering"": 0, ""administration"": 0, ""data_science"": 0}",https://www.vagas.com.br/vagas/v2833518/operador-de-expedicao-ii-vitoria-es
vagas_com,2833028,CSN CIMENTOS,Operador de Produção III - Pedro Leopoldo/MG,Pedro Leopoldo / MG,-19.61806,-44.04306,,,,"{""electrical_engineering"": 0, ""computer_science"": 0, ""mechanical_engineering"": 0, ""civil_engineering"": 0, ""production_engineering"": 0, ""administration"": 0, ""data_science"": 0}",https://www.vagas.com.br/vagas/v2833028/operador-de-producao-iii-pedro-leopoldo-mg
vagas_com,2829873,Confidencial,Analista de Recursos Humanos Sênior - 115549,São Paulo / SP,-23.5475,-46.63611,,,,"{""electrical_engineering"": 9, ""computer_science"": 0, ""mechanical_engineering"": 0, ""civil_engineering"": 0, ""production_engineering"": 0, ""administration"": 17, ""data_science"": 0}",https://www.vagas.com.br/vagas/v2829873/analista-de-recursos-humanos-senior-115549
vagas_com,2830999,CSN CIMENTOS,Controlador de Acesso | Pedro Leopoldo - MG,Pedro Leopoldo / MG,-19.61806,-44.04306,,,,"{""electrical_engineering"": 0, ""computer_science"": 0, ""mechanical_engineering"": 0, ""civil_engineering"": 0, ""production_engineering"": 0, ""administration"": 0, ""data_science"": 0}",https://www.vagas.com.br/vagas/v2830999/controlador-de-acesso-pedro-leopoldo-mg
vagas_com,2830177,Confidencial,Controlador de Acesso | Cajamar - SP,Cajamar / SP,-23.35611,-46.87694,,,,"{""electrical_engineering"": 0, ""computer_science"": 0, ""mechanical_engineering"": 0, ""civil_engineering"": 0, ""production_engineering"": 0, ""administration"": 0, ""data_science"": 0}",https://www.vagas.com.br/vagas/v2830177/controlador-de-acesso-cajamar-sp
vagas_com,2830572,Grupo SERES,Analista de Departamento Pessoal,Rio de Janeiro / RJ,-22.90642,-43.18223,,,,"{""electrical_engineering"": 0, ""computer_science"": 0, ""mechanical_engineering"": 0, ""civil_engineering"": 0, ""production_engineering"": 0, ""administration"": 0, ""data_science"": 0}",https://www.vagas.com.br/vagas/v2830572/analista-de-departamento-pessoal
vagas_com,2833577,Manpower,Analista de Folha de Pagamento Pleno - 116410,São Bernardo do Campo / SP,-23.69389,-46.565,,,,"{""electrical_engineering"": 9, ""computer_science"": 0, ""mechanical_engineering"": 0, ""civil_engineering"": 0, ""production_engineering"": 0, ""administration"": 0, ""data_science"": 0}",https://www.vagas.com.br/vagas/v2833577/analista-de-folha-de-pagamento-pleno-116410
vagas_com,2830219,The Adecco Group,Analista de Administração de Pessoal (Benefícios),São Paulo / SP,-23.5475,-46.63611,,,,"{""electrical_engineering"": 0, ""computer_science"": 0, ""mechanical_engineering"": 0, ""civil_engineering"": 0, ""production_engineering"": 0, ""administration"": 70, ""data_science"": 0}",https://www.vagas.com.br/vagas/v2830219/analista-de-administracao-de-pessoal-beneficios
vagas_com,2830109,Confidencial,Supervisor(a) de Departamento Pessoal,Magé / RJ,-22.65278,-43.04056,,,,"{""electrical_engineering"": 0, ""computer_science"": 0, ""mechanical_engineering"": 0, ""civil_engineering"": 0, ""production_engineering"": 0, ""administration"": 0, ""data_science"": 0}",https://www.vagas.com.br/vagas/v2830109/supervisor-a-de-departamento-pessoal
vagas_com,2834036,Confidencial,Assistente de Recuros Humanos,Marabá / PA,-5.38146,-49.13232,,,,"{""electrical_engineering"": 9, ""computer_science"": 0, ""mechanical_engineering"": 0, ""civil_engineering"": 0, ""production_engineering"": 0, ""administration"": 0, ""data_science"": 0}",https://www.vagas.com.br/vagas/v2834036/assistente-de-recuros-humanos
vagas_com,2832428,Amigos do Bem,Assistente de Departamento Pessoal,São Paulo / SP,-23.5475,-46.63611,,,,"{""electrical_engineering"": 9, ""computer_science"": 0, ""mechanical_engineering"": 9, ""civil_engineering"": 0, ""production_engineering"": 0, ""administration"": 0, ""data_science"": 0}",https://www.vagas.com.br/vagas/v2832428/assistente-de-departamento-pessoal
vagas_com,2834526,Grupo Scala,Coordenador Logístico,Novo Gama / GO,-16.05917,-48.03944,,,,"{""electrical_engineering"": 0, ""computer_science"": 0, ""mechanical_engineering"": 0, ""civil_engineering"": 0, ""production_engineering"": 9, ""administration"": 0, ""data_science"": 0}",https://www.vagas.com.br/vagas/v2834526/coordenador-logistico
vagas_com,2834154,Hospital Sírio-Libanês,TECNICO(a) de Polissonografia - São Paulo-SP,São Paulo / SP,-23.5475,-46.63611,,,,"{""electrical_engineering"": 0, ""computer_science"": 0, ""mechanical_engineering"": 0, ""civil_engineering"": 0, ""production_engineering"": 0, ""administration"": 0, ""data_science"": 0}",https://www.vagas.com.br/vagas/v2834154/tecnico-a-de-polissonografia-sao-paulo-sp
vagas_com,2833890,HFC Saúde,Supervisor Enfermeiro Bariátrica,Piracicaba / SP,-22.72528,-47.64917,,,,"{""electrical_engineering"": 0, ""computer_science"": 0, ""mechanical_engineering"": 0, ""civil_engineering"": 0, ""production_engineering"": 0, ""administration"": 0, ""data_science"": 0}",https://www.vagas.com.br/vagas/v2833890/supervisor-enfermeiro-bariatrica
vagas_com,2833236,Clinutri,Supervisor de Qualidade,Recife / PE,-8.05389,-34.88111,,,,"{""electrical_engineering"": 0, ""computer_science"": 0, ""mechanical_engineering"": 0, ""civil_engineering"": 0, ""production_engineering"": 17, ""administration"": 0, ""data_science"": 0}",https://www.vagas.com.br/vagas/v2833236/supervisor-de-qualidade
vagas_com,2829368,Trainee,Farmacêutico Trainee,Cubatão / SP,-23.895,-46.42528,,,trainee,"{""electrical_engineering"": 0, ""computer_science"": 0, ""mechanical_engineering"": 0, ""civil_engineering"": 0, ""production_engineering"": 0, ""administration"": 0, ""data_science"": 0}",https://www.vagas.com.br/vagas/v2829368/farmaceutico-trainee
vagas_com,2833500,de Marketing,Trainee de Marketing,São Paulo / SP,-23.5475,-46.63611,,,trainee,"{""electrical_engineering"": 0, ""computer_science"": 0, ""mechanical_engineering"": 0, ""civil_engineering"": 0, ""production_engineering"": 0, ""administration"": 17, ""data_science"": 0}",https://www.vagas.com.br/vagas/v2833500/trainee-de-marketing
vagas_com,2832318,Tributário,Trainee Tributário,Campinas / SP,-22.90556,-47.06083,,,trainee,"{""electrical_engineering"": 0, ""computer_science"": 0, ""mechanical_engineering"": 0, ""civil_engineering"": 0, ""production_engineering"": 0, ""administration"": 49, ""data_science"": 0}",https://www.vagas.com.br/vagas/v2832318/trainee-tributario
vagas_com,2834121,de Auditoria,Trainee de Auditoria,Cuiabá / MT,-15.59611,-56.09667,,,trainee,"{""electrical_engineering"": 0, ""computer_science"": 0, ""mechanical_engineering"": 0, ""civil_engineering"": 0, ""production_engineering"": 0, ""administration"": 49, ""data_science"": 0}",https://www.vagas.com.br/vagas/v2834121/trainee-de-auditoria
vagas_com,2834507,(Engenharias),Trainee (Engenharias),São Paulo / SP,-23.5475,-46.63611,,,trainee,"{""electrical_engineering"": 0, ""computer_science"": 0, ""mechanical_engineering"": 9, ""civil_engineering"": 0, ""production_engineering"": 9, ""administration"": 0, ""data_science"": 0}",https://www.vagas.com.br/vagas/v2834507/trainee-engenharias
vagas_com,2833029,Trainee,Técnico de Manutenção Trainee,Sapucaia do Sul / RS,-29.81782,-51.14551,,,trainee,"{""electrical_engineering"": 0, ""computer_science"": 0, ""mechanical_engineering"": 22, ""civil_engineering"": 0, ""production_engineering"": 12, ""administration"": 0, ""data_science"": 0}",https://www.vagas.com.br/vagas/v2833029/tecnico-de-manutencao-trainee
vagas_com,2831254,Tributário - Rio de Janeiro,Trainee Tributário - Rio de Janeiro,Rio de Janeiro / RJ,-22.90642,-43.18223,,,trainee,"{""electrical_engineering"": 0, ""computer_science"": 0, ""mechanical_engineering"": 0, ""civil_engineering"": 0, ""production_engineering"": 0, ""administration"": 49, ""data_science"": 0}",https://www.vagas.com.br/vagas/v2831254/trainee-tributario-rio-de-janeiro
vagas_com,2829827,de Fid - São Paulo,Trainee de Fid - São Paulo,São Paulo / SP,-23.5475,-46.63611,,,trainee,"{""electrical_engineering"": 9, ""computer_science"": 0, ""mechanical_engineering"": 0, ""civil_engineering"": 0, ""production_engineering"": 0, ""administration"": 0, ""data_science"": 0}",https://www.vagas.com.br/vagas/v2829827/trainee-de-fid-sao-paulo
vagas_com,2785109,Júnior/Trainee,Programa de Entry-level EY Negócios - Exclusivo PcD,,,,,,entry_level,"{""electrical_engineering"": 0, ""computer_science"": 0, ""mechanical_engineering"": 0, ""civil_engineering"": 0, ""production_engineering"": 0, ""administration"": 0, ""data_science"": 0}",https://www.vagas.com.br/vagas/v2785109/programa-de-entry-level-ey-negocios-exclusivo-pcd
vagas_com,2825070,Atex do Brasil,Conferente,Guarulhos / SP,-23.46278,-46.53333,,,,"{""electrical_engineering"": 0, ""computer_science"": 0, ""mechanical_engineering"": 9, ""civil_engineering"": 15, ""production_engineering"": 0, ""administration"": 0, ""data_science"": 0}",https://www.vagas.com.br/vagas/v2825070/conferente
vagas_com,2828835,Direcional,Corretor de Imóveis,Recife / PE,-8.05389,-34.88111,,,,"{""electrical_engineering"": 0, ""computer_science"": 0, ""mechanical_engineering"": 9, ""civil_engineering"": 0, ""production_engineering"": 0, ""administration"": 12, ""data_science"": 0}",https://www.vagas.com.br/vagas/v2828835/corretor-de-imoveis
vagas_com,2829349,Vetnil,Analista de Pesquisa e Desenvolvimento- Suplementos I,Louveira / SP,-23.08639,-46.95056,,,research,"{""electrical_engineering"": 0, ""computer_science"": 0, ""mechanical_engineering"": 0, ""civil_engineering"": 0, ""production_engineering"": 0, ""administration"": 0, ""data_science"": 0}",https://www.vagas.com.br/vagas/v2829349/analista-de-pesquisa-e-desenvolvimento-suplementos-i
vagas_com,2829642,Grupo Scala,Banco de Talentos - Administrativo,Sacramento / MG,38.58157,-121.4944,,,,"{""electrical_engineering"": 9, ""computer_science"": 0, ""mechanical_engineering"": 0, ""civil_engineering"": 0, ""production_engineering"": 0, ""administration"": 0, ""data_science"": 0}",https://www.vagas.com.br/vagas/v2829642/banco-de-talentos-administrativo
vagas_com,2830763,HD Construction Equipment Brazil,Analista de Pós-Vendas Junior (Suporte ao Produto),Itatiaia / RJ,-22.49611,-44.56333,,,entry_level,"{""electrical_engineering"": 0, ""computer_science"": 0, ""mechanical_engineering"": 0, ""civil_engineering"": 9, ""production_engineering"": 9, ""administration"": 17, ""data_science"": 0}",https://www.vagas.com.br/vagas/v2830763/analista-de-pos-vendas-junior-suporte-ao-produto
vagas_com,2830883,Stone,Agente Stone - Executivo(a) de Contas Externo (6 Horas) | Rio Bonito/RJ,Rio Bonito / RJ,-22.70861,-42.60972,,,,"{""electrical_engineering"": 0, ""computer_science"": 0, ""mechanical_engineering"": 0, ""civil_engineering"": 0, ""production_engineering"": 9, ""administration"": 9, ""data_science"": 0}",https://www.vagas.com.br/vagas/v2830883/agente-stone-executivo-a-de-contas-externo-6-horas-rio-bonito-rj
vagas_com,2830886,Stone,Agente Stone - Executivo(a) de Contas Externo (6 Horas) | Caldas Novas/GO,Caldas Novas / GO,-17.74431,-48.62789,,,,"{""electrical_engineering"": 0, ""computer_science"": 0, ""mechanical_engineering"": 0, ""civil_engineering"": 0, ""production_engineering"": 9, ""administration"": 9, ""data_science"": 0}",https://www.vagas.com.br/vagas/v2830886/agente-stone-executivo-a-de-contas-externo-6-horas-caldas-novas-go
vagas_com,2830891,Stone,Agente Stone - Executivo(a) de Contas Externo (6 Horas) | Divinópolis/MG,Divinópolis / MG,-20.14355,-44.89065,,,,"{""electrical_engineering"": 0, ""computer_science"": 0, ""mechanical_engineering"": 0, ""civil_engineering"": 0, ""production_engineering"": 9, ""administration"": 9, ""data_science"": 0}",https://www.vagas.com.br/vagas/v2830891/agente-stone-executivo-a-de-contas-externo-6-horas-divinopolis-mg
vagas_com,2830137,Confidencial,Assistente Administrativo Hospitalar,Brasília / DF,-15.77972,-47.92972,,,,"{""electrical_engineering"": 0, ""computer_science"": 0, ""mechanical_engineering"": 0, ""civil_engineering"": 0, ""production_engineering"": 0, ""administration"": 9, ""data_science"": 0}",https://www.vagas.com.br/vagas/v2830137/assistente-administrativo-hospitalar
vagas_com,2830929,J&T Express,Analista de Operações Junior,Maceió / AL,-9.66583,-35.73528,,,entry_level,"{""electrical_engineering"": 9, ""computer_science"": 0, ""mechanical_engineering"": 9, ""civil_engineering"": 0, ""production_engineering"": 22, ""administration"": 22, ""data_science"": 0}",https://www.vagas.com.br/vagas/v2830929/analista-de-operacoes-junior
vagas_com,2830410,Confidencial,Consultor de Educação Profissional em Odontologia - Temporário,Fortaleza / CE,-3.71722,-38.54306,,,,"{""electrical_engineering"": 0, ""computer_science"": 0, ""mechanical_engineering"": 9, ""civil_engineering"": 0, ""production_engineering"": 0, ""administration"": 0, ""data_science"": 0}",https://www.vagas.com.br/vagas/v2830410/consultor-de-educacao-profissional-em-odontologia-temporario
vagas_com,2830712,Irb Prime Care,Sdr,São Paulo / SP,-23.5475,-46.63611,,,,"{""electrical_engineering"": 0, ""computer_science"": 0, ""mechanical_engineering"": 9, ""civil_engineering"": 0, ""production_engineering"": 0, ""administration"": 9, ""data_science"": 0}",https://www.vagas.com.br/vagas/v2830712/sdr
vagas_com,2830731,Adecco,Analista de Vendas Jr,Recife / PE,-8.05389,-34.88111,,,,"{""electrical_engineering"": 0, ""computer_science"": 0, ""mechanical_engineering"": 9, ""civil_engineering"": 0, ""production_engineering"": 0, ""administration"": 17, ""data_science"": 0}",https://www.vagas.com.br/vagas/v2830731/analista-de-vendas-jr
vagas_com,2830806,Fundação São Francisco Xavier,Analista de Remuneração Júnior,Ipatinga / MG,-19.46833,-42.53667,,,entry_level,"{""electrical_engineering"": 0, ""computer_science"": 0, ""mechanical_engineering"": 0, ""civil_engineering"": 0, ""production_engineering"": 0, ""administration"": 49, ""data_science"": 0}",https://www.vagas.com.br/vagas/v2830806/analista-de-remuneracao-junior
vagas_com,2830814,Komatsu,Analista de Marketing de Produto Jr,,,,,,,"{""electrical_engineering"": 0, ""computer_science"": 0, ""mechanical_engineering"": 0, ""civil_engineering"": 15, ""production_engineering"": 0, ""administration"": 17, ""data_science"": 0}",https://www.vagas.com.br/vagas/v2830814/analista-de-marketing-de-produto-jr
vagas_com,2830840,Agile Corp Serviços Especializado,Analista de Comunicação Institucional,Duque de Caxias / RJ,-22.78556,-43.31167,,,,"{""electrical_engineering"": 0, ""computer_science"": 0, ""mechanical_engineering"": 0, ""civil_engineering"": 0, ""production_engineering"": 9, ""administration"": 15, ""data_science"": 0}",https://www.vagas.com.br/vagas/v2830840/analista-de-comunicacao-institucional
vagas_com,2830866,Stone,Agente Stone - Executivo(a) de Contas Externo (6 Horas) | Sertãozinho/SP,Sertãozinho / SP,-21.13778,-47.99028,,,,"{""electrical_engineering"": 0, ""computer_science"": 0, ""mechanical_engineering"": 0, ""civil_engineering"": 0, ""production_engineering"": 9, ""administration"": 9, ""data_science"": 0}",https://www.vagas.com.br/vagas/v2830866/agente-stone-executivo-a-de-contas-externo-6-horas-sertaozinho-sp
vagas_com,2830879,Stone,Agente Stone - Executivo(a) de Contas Externo (6 Horas) | Maceió/AL,Maceió / AL,-9.66583,-35.73528,,,,"{""electrical_engineering"": 0, ""computer_science"": 0, ""mechanical_engineering"": 0, ""civil_engineering"": 0, ""production_engineering"": 9, ""administration"": 9, ""data_science"": 0}",https://www.vagas.com.br/vagas/v2830879/agente-stone-executivo-a-de-contas-externo-6-horas-maceio-al
vagas_com,2830911,Grupo SERES,Mecânico de Manutenção Jr,Varginha / MG,-21.55139,-45.43028,,,,"{""electrical_engineering"": 9, ""computer_science"": 0, ""mechanical_engineering"": 22, ""civil_engineering"": 0, ""production_engineering"": 0, ""administration"": 0, ""data_science"": 0}",https://www.vagas.com.br/vagas/v2830911/mecanico-de-manutencao-jr
vagas_com,2830923,J&T Express,Jovem Aprendiz,Feira de Santana / BA,-12.26667,-38.96667,,,apprentice,"{""electrical_engineering"": 0, ""computer_science"": 0, ""mechanical_engineering"": 0, ""civil_engineering"": 0, ""production_engineering"": 0, ""administration"": 49, ""data_science"": 0}",https://www.vagas.com.br/vagas/v2830923/jovem-aprendiz
vagas_com,2830399,Confidencial,Consultor de Educação Profissional em Odontologia - Temporário,Salvador / BA,-12.97563,-38.49096,,,,"{""electrical_engineering"": 0, ""computer_science"": 0, ""mechanical_engineering"": 9, ""civil_engineering"": 0, ""production_engineering"": 0, ""administration"": 0, ""data_science"": 0}",https://www.vagas.com.br/vagas/v2830399/consultor-de-educacao-profissional-em-odontologia-temporario
vagas_com,2828533,SMC AUTOMAÇÃO DO BRASIL LTDA,Consultor Técnico de Vendas | Engenheiro,Curitiba / PR,-25.42778,-49.27306,,,,"{""electrical_engineering"": 12, ""computer_science"": 0, ""mechanical_engineering"": 0, ""civil_engineering"": 0, ""production_engineering"": 0, ""administration"": 17, ""data_science"": 0}",https://www.vagas.com.br/vagas/v2828533/consultor-tecnico-de-vendas-engenheiro
vagas_com,2829993,Confidencial,Tecnico(a) de Enfermagem do Trabalho I,Itatiba / SP,-23.00583,-46.83889,,,,"{""electrical_engineering"": 0, ""computer_science"": 0, ""mechanical_engineering"": 9, ""civil_engineering"": 0, ""production_engineering"": 0, ""administration"": 0, ""data_science"": 0}",https://www.vagas.com.br/vagas/v2829993/tecnico-a-de-enfermagem-do-trabalho-i
vagas_com,2830073,The Adecco Group,Consultor de Vendas - Representação Farmacêutica,Bento Gonçalves / RS,-29.17139,-51.51917,,,,"{""electrical_engineering"": 0, ""computer_science"": 0, ""mechanical_engineering"": 0, ""civil_engineering"": 0, ""production_engineering"": 0, ""administration"": 17, ""data_science"": 0}",https://www.vagas.com.br/vagas/v2830073/consultor-de-vendas-representacao-farmaceutica
vagas_com,2830060,MBRF,Vendedor I,Nonoai / RS,,,,,,"{""electrical_engineering"": 9, ""computer_science"": 0, ""mechanical_engineering"": 0, ""civil_engineering"": 0, ""production_engineering"": 0, ""administration"": 9, ""data_science"": 0}",https://www.vagas.com.br/vagas/v2830060/vendedor-i
vagas_com,2830076,MBRF,Vendedor I,Marau / RS,-28.44917,-52.2,,,,"{""electrical_engineering"": 9, ""computer_science"": 0, ""mechanical_engineering"": 9, ""civil_engineering"": 0, ""production_engineering"": 0, ""administration"": 9, ""data_science"": 0}",https://www.vagas.com.br/vagas/v2830076/vendedor-i
vagas_com,2830319,SulAmérica,Técnico(a) de Seguros (Produto Vida),São Paulo / SP,-23.5475,-46.63611,,,,"{""electrical_engineering"": 9, ""computer_science"": 0, ""mechanical_engineering"": 0, ""civil_engineering"": 0, ""production_engineering"": 0, ""administration"": 0, ""data_science"": 0}",https://www.vagas.com.br/vagas/v2830319/tecnico-a-de-seguros-produto-vida
vagas_com,2830337,GRUPO GPS,Técnico de Segurança do Trabalho,Congonhas / MG,-20.50525,-43.8588,,,,"{""electrical_engineering"": 0, ""computer_science"": 0, ""mechanical_engineering"": 0, ""civil_engineering"": 0, ""production_engineering"": 0, ""administration"": 0, ""data_science"": 0}",https://www.vagas.com.br/vagas/v2830337/tecnico-de-seguranca-do-trabalho
vagas_com,2830096,Grupo Memorial,Operacional Junior,Embu / SP,-0.53987,37.45743,,,entry_level,"{""electrical_engineering"": 0, ""computer_science"": 0, ""mechanical_engineering"": 9, ""civil_engineering"": 0, ""production_engineering"": 0, ""administration"": 0, ""data_science"": 0}",https://www.vagas.com.br/vagas/v2830096/operacional-junior
vagas_com,2830099,SulAmérica,Analista de Relacionamento Clientes Jr,São Paulo / SP,-23.5475,-46.63611,,,,"{""electrical_engineering"": 9, ""computer_science"": 0, ""mechanical_engineering"": 0, ""civil_engineering"": 0, ""production_engineering"": 0, ""administration"": 0, ""data_science"": 0}",https://www.vagas.com.br/vagas/v2830099/analista-de-relacionamento-clientes-jr
vagas_com,2785090,de Entry-level EY Negócios,Programa de Entry-level EY Negócios,,,,,,entry_level,"{""electrical_engineering"": 0, ""computer_science"": 0, ""mechanical_engineering"": 0, ""civil_engineering"": 0, ""production_engineering"": 0, ""administration"": 0, ""data_science"": 0}",https://www.vagas.com.br/vagas/v2785090/programa-de-entry-level-ey-negocios
vagas_com,2785114,de Entry-level EY Tecnologia,Programa de Entry-level EY Tecnologia,,,,,,entry_level,"{""electrical_engineering"": 0, ""computer_science"": 0, ""mechanical_engineering"": 0, ""civil_engineering"": 0, ""production_engineering"": 0, ""administration"": 0, ""data_science"": 0}",https://www.vagas.com.br/vagas/v2785114/programa-de-entry-level-ey-tecnologia
vagas_com,2785109,de Entry-level EY Negócios - Exclusivo PcD,Programa de Entry-level EY Negócios - Exclusivo PcD,,,,,,entry_level,"{""electrical_engineering"": 0, ""computer_science"": 0, ""mechanical_engineering"": 0, ""civil_engineering"": 0, ""production_engineering"": 0, ""administration"": 0, ""data_science"": 0}",https://www.vagas.com.br/vagas/v2785109/programa-de-entry-level-ey-negocios-exclusivo-pcd
vagas_com,2829285,de Entry-Level EY Blumenau - Auditoria e Impostos,Programa de Entry-Level EY Blumenau - Auditoria e Impostos,Blumenau / SC,-26.91944,-49.06611,,,entry_level,"{""electrical_engineering"": 0, ""computer_science"": 0, ""mechanical_engineering"": 0, ""civil_engineering"": 0, ""production_engineering"": 0, ""administration"": 0, ""data_science"": 0}",https://www.vagas.com.br/vagas/v2829285/programa-de-entry-level-ey-blumenau-auditoria-e-impostos
vagas_com,2785123,de Entry-level EY Tecnologia- Exclusivo PcD,Programa de Entry-level EY Tecnologia- Exclusivo PcD,,,,,,entry_level,"{""electrical_engineering"": 0, ""computer_science"": 0, ""mechanical_engineering"": 0, ""civil_engineering"": 0, ""production_engineering"": 0, ""administration"": 0, ""data_science"": 0}",https://www.vagas.com.br/vagas/v2785123/programa-de-entry-level-ey-tecnologia-exclusivo-pcd
vagas_com,2831107,Confidencial,Gerente de Loja,Maricá / RJ,-22.91944,-42.81861,,,,"{""electrical_engineering"": 0, ""computer_science"": 0, ""mechanical_engineering"": 0, ""civil_engineering"": 0, ""production_engineering"": 0, ""administration"": 0, ""data_science"": 0}",https://www.vagas.com.br/vagas/v2831107/gerente-de-loja
vagas_com,2833348,Grupo Dislub Equador,Analista de Suprimentos Jr,Recife / PE,-8.05389,-34.88111,,,,"{""electrical_engineering"": 9, ""computer_science"": 0, ""mechanical_engineering"": 0, ""civil_engineering"": 0, ""production_engineering"": 9, ""administration"": 9, ""data_science"": 0}",https://www.vagas.com.br/vagas/v2833348/analista-de-suprimentos-jr
vagas_com,2831103,Confidencial,Gerente de Loja,Juiz de Fora / MG,-21.76417,-43.35028,,,,"{""electrical_engineering"": 0, ""computer_science"": 0, ""mechanical_engineering"": 9, ""civil_engineering"": 0, ""production_engineering"": 0, ""administration"": 12, ""data_science"": 0}",https://www.vagas.com.br/vagas/v2831103/gerente-de-loja
vagas_com,2831765,Fundepag,Analista de Ambiente de Inovação - CTI- 059308,Campinas / SP,-22.90556,-47.06083,,,,"{""electrical_engineering"": 0, ""computer_science"": 0, ""mechanical_engineering"": 9, ""civil_engineering"": 0, ""production_engineering"": 9, ""administration"": 0, ""data_science"": 0}",https://www.vagas.com.br/vagas/v2831765/analista-de-ambiente-de-inovacao-cti-059308
vagas_com,2829829,GrupoSC,Analista de Atração e Seleção,São Paulo / SP,-23.5475,-46.63611,,,,"{""electrical_engineering"": 0, ""computer_science"": 0, ""mechanical_engineering"": 0, ""civil_engineering"": 0, ""production_engineering"": 0, ""administration"": 0, ""data_science"": 0}",https://www.vagas.com.br/vagas/v2829829/analista-de-atracao-e-selecao
vagas_com,2833593,Espro,Analista de Recrutamento e Seleção Jr.,Belo Horizonte / MG,-19.92083,-43.93778,,,,"{""electrical_engineering"": 0, ""computer_science"": 0, ""mechanical_engineering"": 0, ""civil_engineering"": 0, ""production_engineering"": 9, ""administration"": 0, ""data_science"": 0}",https://www.vagas.com.br/vagas/v2833593/analista-de-recrutamento-e-selecao-jr
vagas_com,2833591,Espro,Analista de Recrutamento e Seleção Jr.,Curitiba / PR,-25.42778,-49.27306,,,,"{""electrical_engineering"": 0, ""computer_science"": 0, ""mechanical_engineering"": 0, ""civil_engineering"": 0, ""production_engineering"": 9, ""administration"": 0, ""data_science"": 0}",https://www.vagas.com.br/vagas/v2833591/analista-de-recrutamento-e-selecao-jr
vagas_com,2833590,Espro,Analista de Recrutamento e Seleção Jr.,São Paulo / SP,-23.5475,-46.63611,,,,"{""electrical_engineering"": 0, ""computer_science"": 0, ""mechanical_engineering"": 0, ""civil_engineering"": 0, ""production_engineering"": 9, ""administration"": 0, ""data_science"": 0}",https://www.vagas.com.br/vagas/v2833590/analista-de-recrutamento-e-selecao-jr
vagas_com,2833626,Espro,Analista de Recrutamento e Seleção Jr.,Campinas / SP,-22.90556,-47.06083,,,,"{""electrical_engineering"": 0, ""computer_science"": 0, ""mechanical_engineering"": 0, ""civil_engineering"": 0, ""production_engineering"": 9, ""administration"": 0, ""data_science"": 0}",https://www.vagas.com.br/vagas/v2833626/analista-de-recrutamento-e-selecao-jr
vagas_com,2828312,Espro,Analista de Recrutamento e Seleção Jr.,Recife / PE,-8.05389,-34.88111,,,,"{""electrical_engineering"": 0, ""computer_science"": 0, ""mechanical_engineering"": 0, ""civil_engineering"": 0, ""production_engineering"": 9, ""administration"": 0, ""data_science"": 0}",https://www.vagas.com.br/vagas/v2828312/analista-de-recrutamento-e-selecao-jr
vagas_com,2823521,Líder Aviação,Analista de Produção - Aeroporto de Campo de Marte (SP),São Paulo / SP,-23.5475,-46.63611,,,,"{""electrical_engineering"": 0, ""computer_science"": 0, ""mechanical_engineering"": 0, ""civil_engineering"": 0, ""production_engineering"": 0, ""administration"": 0, ""data_science"": 0}",https://www.vagas.com.br/vagas/v2823521/analista-de-producao-aeroporto-de-campo-de-marte-sp
vagas_com,2831725,Hospital Sofia Feldman,Analista de Parcerias Estratégicas - Captação de Recursos,Belo Horizonte / MG,-19.92083,-43.93778,,,,"{""electrical_engineering"": 0, ""computer_science"": 0, ""mechanical_engineering"": 9, ""civil_engineering"": 0, ""production_engineering"": 0, ""administration"": 0, ""data_science"": 0}",https://www.vagas.com.br/vagas/v2831725/analista-de-parcerias-estrategicas-captacao-de-recursos
vagas_com,2815768,Marjan Farma,Consultor de Negócios I,São Paulo / SP,-23.5475,-46.63611,,,,"{""electrical_engineering"": 0, ""computer_science"": 0, ""mechanical_engineering"": 0, ""civil_engineering"": 0, ""production_engineering"": 0, ""administration"": 9, ""data_science"": 0}",https://www.vagas.com.br/vagas/v2815768/consultor-de-negocios-i
vagas_com,2832820,Confidencial,Consultor de Vendas - Zona Norte de São Paulo e Guarulhos,,,,,,,"{""electrical_engineering"": 0, ""computer_science"": 0, ""mechanical_engineering"": 0, ""civil_engineering"": 0, ""production_engineering"": 0, ""administration"": 17, ""data_science"": 0}",https://www.vagas.com.br/vagas/v2832820/consultor-de-vendas-zona-norte-de-sao-paulo-e-guarulhos
vagas_com,2834156,SESC RJ,"Analista de Arte, Ciências e Tecnologia / Niterói e São Gonçalo",Niterói / RJ,-22.88333,-43.10361,,,,"{""electrical_engineering"": 0, ""computer_science"": 0, ""mechanical_engineering"": 0, ""civil_engineering"": 0, ""production_engineering"": 0, ""administration"": 0, ""data_science"": 0}",https://www.vagas.com.br/vagas/v2834156/analista-de-arte-ciencias-e-tecnologia-niteroi-e-sao-goncalo
vagas_com,2831847,Confidencial,Engenheiro de Segurança,Lins / SP,48.30639,14.28611,,,,"{""electrical_engineering"": 0, ""computer_science"": 0, ""mechanical_engineering"": 0, ""civil_engineering"": 0, ""production_engineering"": 0, ""administration"": 0, ""data_science"": 0}",https://www.vagas.com.br/vagas/v2831847/engenheiro-de-seguranca
vagas_com,2831845,Confidencial,Engenheiro de Segurança,Santiago / RS,-33.45694,-70.64827,,,,"{""electrical_engineering"": 0, ""computer_science"": 0, ""mechanical_engineering"": 0, ""civil_engineering"": 0, ""production_engineering"": 0, ""administration"": 0, ""data_science"": 0}",https://www.vagas.com.br/vagas/v2831845/engenheiro-de-seguranca
vagas_com,2825706,TSA,Bolsista Doutor Engenharias Tsa,Belo Horizonte / MG,-19.92083,-43.93778,,,,"{""electrical_engineering"": 12, ""computer_science"": 0, ""mechanical_engineering"": 0, ""civil_engineering"": 0, ""production_engineering"": 0, ""administration"": 0, ""data_science"": 12}",https://www.vagas.com.br/vagas/v2825706/bolsista-doutor-engenharias-tsa
vagas_com,2833524,Artesana Divisórias e Forros,Jovem Aprendiz em Logística,São Paulo / SP,-23.5475,-46.63611,,,apprentice,"{""electrical_engineering"": 9, ""computer_science"": 0, ""mechanical_engineering"": 9, ""civil_engineering"": 0, ""production_engineering"": 22, ""administration"": 0, ""data_science"": 0}",https://www.vagas.com.br/vagas/v2833524/jovem-aprendiz-em-logistica
vagas_com,2834166,J&T Express,Assistente de Transporte,Palmas / TO,28.10178,-15.41573,,,,"{""electrical_engineering"": 9, ""computer_science"": 0, ""mechanical_engineering"": 0, ""civil_engineering"": 0, ""production_engineering"": 0, ""administration"": 0, ""data_science"": 0}",https://www.vagas.com.br/vagas/v2834166/assistente-de-transporte
vagas_com,2833519,Synchro,Desenvolvedor ABAP,,,,,,,"{""electrical_engineering"": 0, ""computer_science"": 70, ""mechanical_engineering"": 0, ""civil_engineering"": 0, ""production_engineering"": 0, ""administration"": 0, ""data_science"": 0}",https://www.vagas.com.br/vagas/v2833519/desenvolvedor-abap
vagas_com,2819723,Marjan Farma,Aprendiz,São Paulo / SP,-23.5475,-46.63611,,,apprentice,"{""electrical_engineering"": 0, ""computer_science"": 0, ""mechanical_engineering"": 0, ""civil_engineering"": 0, ""production_engineering"": 0, ""administration"": 0, ""data_science"": 0}",https://www.vagas.com.br/vagas/v2819723/aprendiz
vagas_com,2831634,bp bioenergy,Líder Processos Agrícolas - Tratos Culturais - Herbicida,Edéia / GO,,,,,,"{""electrical_engineering"": 9, ""computer_science"": 0, ""mechanical_engineering"": 0, ""civil_engineering"": 0, ""production_engineering"": 0, ""administration"": 0, ""data_science"": 0}",https://www.vagas.com.br/vagas/v2831634/lider-processos-agricolas-tratos-culturais-herbicida
vagas_com,2824536,Froneri,Jovem Aprendiz Finanças,Rio de Janeiro / RJ,-22.90642,-43.18223,,,apprentice,"{""electrical_engineering"": 0, ""computer_science"": 0, ""mechanical_engineering"": 9, ""civil_engineering"": 0, ""production_engineering"": 0, ""administration"": 22, ""data_science"": 0}",https://www.vagas.com.br/vagas/v2824536/jovem-aprendiz-financas
vagas_com,2833344,Penso Tecnologia,Assistente de Marketing (SDR - Bdr),São Paulo / SP,-23.5475,-46.63611,,,,"{""electrical_engineering"": 0, ""computer_science"": 9, ""mechanical_engineering"": 0, ""civil_engineering"": 0, ""production_engineering"": 0, ""administration"": 17, ""data_science"": 0}",https://www.vagas.com.br/vagas/v2833344/assistente-de-marketing-sdr-bdr
vagas_com,2833218,Rede Cidadã,Assistente Social,Congonhas / MG,-20.50525,-43.8588,,,,"{""electrical_engineering"": 0, ""computer_science"": 0, ""mechanical_engineering"": 0, ""civil_engineering"": 0, ""production_engineering"": 0, ""administration"": 0, ""data_science"": 0}",https://www.vagas.com.br/vagas/v2833218/assistente-social
vagas_com,2833932,GRAACC,Coordenador de Estudo,São Paulo / SP,-23.5475,-46.63611,,,,"{""electrical_engineering"": 0, ""computer_science"": 0, ""mechanical_engineering"": 0, ""civil_engineering"": 0, ""production_engineering"": 9, ""administration"": 0, ""data_science"": 0}",https://www.vagas.com.br/vagas/v2833932/coordenador-de-estudo
vagas_com,2834454,Rede Cidadã,Assistente Social,Ribeirão Preto / SP,-21.1775,-47.81028,,,,"{""electrical_engineering"": 0, ""computer_science"": 0, ""mechanical_engineering"": 0, ""civil_engineering"": 0, ""production_engineering"": 0, ""administration"": 0, ""data_science"": 0}",https://www.vagas.com.br/vagas/v2834454/assistente-social
vagas_com,2830718,Aprendiz,Jovem Aprendiz,Barueri / SP,-23.51056,-46.87611,,,apprentice,"{""electrical_engineering"": 0, ""computer_science"": 0, ""mechanical_engineering"": 0, ""civil_engineering"": 0, ""production_engineering"": 0, ""administration"": 0, ""data_science"": 0}",https://www.vagas.com.br/vagas/v2830718/jovem-aprendiz
vagas_com,2830923,Aprendiz,Jovem Aprendiz,Feira de Santana / BA,-12.26667,-38.96667,,,apprentice,"{""electrical_engineering"": 0, ""computer_science"": 0, ""mechanical_engineering"": 0, ""civil_engineering"": 0, ""production_engineering"": 0, ""administration"": 0, ""data_science"": 0}",https://www.vagas.com.br/vagas/v2830923/jovem-aprendiz
vagas_com,2830273,Aprendiz,Jovem Aprendiz,Sete Lagoas / MG,-19.46583,-44.24667,,,apprentice,"{""electrical_engineering"": 15, ""computer_science"": 0, ""mechanical_engineering"": 0, ""civil_engineering"": 0, ""production_engineering"": 0, ""administration"": 0, ""data_science"": 0}",https://www.vagas.com.br/vagas/v2830273/jovem-aprendiz
vagas_com,2815079,Aprendiz,Jovem Aprendiz,Ibiúna / SP,-23.65639,-47.2225,,,apprentice,"{""electrical_engineering"": 0, ""computer_science"": 0, ""mechanical_engineering"": 0, ""civil_engineering"": 0, ""production_engineering"": 0, ""administration"": 0, ""data_science"": 0}",https://www.vagas.com.br/vagas/v2815079/jovem-aprendiz
vagas_com,2830250,Aprendiz,Jovem Aprendiz,Rio de Janeiro / RJ,-22.90642,-43.18223,,,apprentice,"{""electrical_engineering"": 9, ""computer_science"": 0, ""mechanical_engineering"": 9, ""civil_engineering"": 0, ""production_engineering"": 0, ""administration"": 0, ""data_science"": 0}",https://www.vagas.com.br/vagas/v2830250/jovem-aprendiz
vagas_com,2832555,Aprendiz,Jovem Aprendiz,Belo Horizonte / MG,-19.92083,-43.93778,,,apprentice,"{""electrical_engineering"": 0, ""computer_science"": 0, ""mechanical_engineering"": 0, ""civil_engineering"": 0, ""production_engineering"": 0, ""administration"": 0, ""data_science"": 0}",https://www.vagas.com.br/vagas/v2832555/jovem-aprendiz
vagas_com,2830536,Aprendiz,Jovem Aprendiz,Araucária / PR,-25.59306,-49.41028,,,apprentice,"{""electrical_engineering"": 0, ""computer_science"": 0, ""mechanical_engineering"": 0, ""civil_engineering"": 0, ""production_engineering"": 0, ""administration"": 0, ""data_science"": 0}",https://www.vagas.com.br/vagas/v2830536/jovem-aprendiz
vagas_com,2830563,Aprendiz,Jovem Aprendiz,Porto Alegre / RS,-30.03283,-51.23019,,,apprentice,"{""electrical_engineering"": 0, ""computer_science"": 0, ""mechanical_engineering"": 0, ""civil_engineering"": 0, ""production_engineering"": 0, ""administration"": 0, ""data_science"": 0}",https://www.vagas.com.br/vagas/v2830563/jovem-aprendiz
vagas_com,2831800,Aprendiz,Jovem Aprendiz,Santana de Parnaíba / SP,-23.44417,-46.91778,,,apprentice,"{""electrical_engineering"": 9, ""computer_science"": 0, ""mechanical_engineering"": 0, ""civil_engineering"": 0, ""production_engineering"": 0, ""administration"": 0, ""data_science"": 0}",https://www.vagas.com.br/vagas/v2831800/jovem-aprendiz
vagas_com,2832976,Aprendiz,Jovem Aprendiz,de Recursos Humanos na região de Bodoquena/ MS para se,,,,,apprentice,"{""electrical_engineering"": 0, ""computer_science"": 0, ""mechanical_engineering"": 0, ""civil_engineering"": 0, ""production_engineering"": 0, ""administration"": 9, ""data_science"": 0}",https://www.vagas.com.br/vagas/v2832976/jovem-aprendiz
vagas_com,2834345,Aprendiz,Jovem Aprendiz,São Paulo / SP,-23.5475,-46.63611,,,apprentice,"{""electrical_engineering"": 0, ""computer_science"": 0, ""mechanical_engineering"": 0, ""civil_engineering"": 0, ""production_engineering"": 0, ""administration"": 0, ""data_science"": 0}",https://www.vagas.com.br/vagas/v2834345/jovem-aprendiz
vagas_com,2832378,Aprendiz,Jovem Aprendiz,Jundiaí / SP,-23.18639,-46.88417,Estágio,,internship; apprentice,"{""electrical_engineering"": 9, ""computer_science"": 0, ""mechanical_engineering"": 0, ""civil_engineering"": 0, ""production_engineering"": 0, ""administration"": 0, ""data_science"": 0}",https://www.vagas.com.br/vagas/v2832378/jovem-aprendiz
vagas_com,2833235,Aprendiz,Jovem Aprendiz,Curitiba / PR,-25.42778,-49.27306,,,apprentice,"{""electrical_engineering"": 0, ""computer_science"": 0, ""mechanical_engineering"": 9, ""civil_engineering"": 0, ""production_engineering"": 12, ""administration"": 0, ""data_science"": 0}",https://www.vagas.com.br/vagas/v2833235/jovem-aprendiz
vagas_com,2833488,Aprendiz,Jovem Aprendiz,Gravataí / RS,-29.94218,-50.99278,Estágio,,internship; apprentice,"{""electrical_engineering"": 0, ""computer_science"": 0, ""mechanical_engineering"": 0, ""civil_engineering"": 9, ""production_engineering"": 0, ""administration"": 0, ""data_science"": 0}",https://www.vagas.com.br/vagas/v2833488/jovem-aprendiz
vagas_com,2816108,Aprendiz,Jovem Aprendiz,Parauapebas / PA,-6.0675,-49.90222,,,apprentice,"{""electrical_engineering"": 0, ""computer_science"": 0, ""mechanical_engineering"": 0, ""civil_engineering"": 0, ""production_engineering"": 0, ""administration"": 0, ""data_science"": 0}",https://www.vagas.com.br/vagas/v2816108/jovem-aprendiz
vagas_com,2833687,Aprendiz,Jovem Aprendiz,Maceió / AL,-9.66583,-35.73528,,,apprentice,"{""electrical_engineering"": 0, ""computer_science"": 0, ""mechanical_engineering"": 0, ""civil_engineering"": 0, ""production_engineering"": 0, ""administration"": 0, ""data_science"": 0}",https://www.vagas.com.br/vagas/v2833687/jovem-aprendiz
vagas_com,2833690,Aprendiz,Jovem Aprendiz,Aracaju / SE,-10.91111,-37.07167,,,apprentice,"{""electrical_engineering"": 0, ""computer_science"": 0, ""mechanical_engineering"": 0, ""civil_engineering"": 0, ""production_engineering"": 0, ""administration"": 0, ""data_science"": 0}",https://www.vagas.com.br/vagas/v2833690/jovem-aprendiz
vagas_com,2821218,Aprendiz,Jovem Aprendiz,Brasília / DF,-15.77972,-47.92972,,,apprentice,"{""electrical_engineering"": 0, ""computer_science"": 0, ""mechanical_engineering"": 0, ""civil_engineering"": 0, ""production_engineering"": 0, ""administration"": 0, ""data_science"": 0}",https://www.vagas.com.br/vagas/v2821218/jovem-aprendiz
vagas_com,2834524,Aprendiz,Jovem Aprendiz,Salvador / BA,-12.97563,-38.49096,,,apprentice,"{""electrical_engineering"": 9, ""computer_science"": 0, ""mechanical_engineering"": 12, ""civil_engineering"": 0, ""production_engineering"": 0, ""administration"": 0, ""data_science"": 0}",https://www.vagas.com.br/vagas/v2834524/jovem-aprendiz
vagas_com,2829064,Aprendiz,Jovem Aprendiz - Logística,Contagem / MG,-19.93167,-44.05361,,,apprentice,"{""electrical_engineering"": 0, ""computer_science"": 0, ""mechanical_engineering"": 0, ""civil_engineering"": 0, ""production_engineering"": 22, ""administration"": 0, ""data_science"": 0}",https://www.vagas.com.br/vagas/v2829064/jovem-aprendiz-logistica
vagas_com,2830918,Aprendiz,Jovem Aprendiz | Pernambuco,Recife / PE,-8.05389,-34.88111,,,apprentice,"{""electrical_engineering"": 9, ""computer_science"": 0, ""mechanical_engineering"": 0, ""civil_engineering"": 0, ""production_engineering"": 0, ""administration"": 0, ""data_science"": 0}",https://www.vagas.com.br/vagas/v2830918/jovem-aprendiz-pernambuco
vagas_com,2830172,Aprendiz,Jovem Aprendiz Administrativo,Araçariguama / SP,-23.43861,-47.06139,,,apprentice,"{""electrical_engineering"": 9, ""computer_science"": 0, ""mechanical_engineering"": 0, ""civil_engineering"": 0, ""production_engineering"": 12, ""administration"": 0, ""data_science"": 0}",https://www.vagas.com.br/vagas/v2830172/jovem-aprendiz-administrativo
vagas_com,2830553,Aprendiz,Jovem Aprendiz de Planejamento,São Paulo / SP,-23.5475,-46.63611,,,apprentice,"{""electrical_engineering"": 0, ""computer_science"": 0, ""mechanical_engineering"": 0, ""civil_engineering"": 0, ""production_engineering"": 17, ""administration"": 0, ""data_science"": 0}",https://www.vagas.com.br/vagas/v2830553/jovem-aprendiz-de-planejamento
vagas_com,2830564,Aprendiz,Jovem Aprendiz - Logística,Mogi das Cruzes / SP,-23.52278,-46.18833,Estágio,,internship; apprentice,"{""electrical_engineering"": 0, ""computer_science"": 0, ""mechanical_engineering"": 0, ""civil_engineering"": 9, ""production_engineering"": 22, ""administration"": 0, ""data_science"": 0}",https://www.vagas.com.br/vagas/v2830564/jovem-aprendiz-logistica
vagas_com,2831197,Aprendiz,Jovem Aprendiz | Bahia,Salvador / BA,-12.97563,-38.49096,,,apprentice,"{""electrical_engineering"": 0, ""computer_science"": 0, ""mechanical_engineering"": 0, ""civil_engineering"": 0, ""production_engineering"": 0, ""administration"": 0, ""data_science"": 0}",https://www.vagas.com.br/vagas/v2831197/jovem-aprendiz-bahia
vagas_com,2831108,Jovem,533 - Jovem Aprendiz - Teleatendimento,Brasília / DF,-15.77972,-47.92972,,,apprentice,"{""electrical_engineering"": 9, ""computer_science"": 0, ""mechanical_engineering"": 0, ""civil_engineering"": 0, ""production_engineering"": 0, ""administration"": 0, ""data_science"": 0}",https://www.vagas.com.br/vagas/v2831108/533-jovem-aprendiz-teleatendimento
vagas_com,2832552,Aprendiz,Jovem Aprendiz Administrativo,Rio de Janeiro / RJ,-22.90642,-43.18223,,,apprentice,"{""electrical_engineering"": 0, ""computer_science"": 0, ""mechanical_engineering"": 0, ""civil_engineering"": 0, ""production_engineering"": 0, ""administration"": 0, ""data_science"": 0}",https://www.vagas.com.br/vagas/v2832552/jovem-aprendiz-administrativo
vagas_com,2824536,Aprendiz,Jovem Aprendiz Finanças,Rio de Janeiro / RJ,-22.90642,-43.18223,,,apprentice,"{""electrical_engineering"": 0, ""computer_science"": 0, ""mechanical_engineering"": 9, ""civil_engineering"": 0, ""production_engineering"": 0, ""administration"": 22, ""data_science"": 0}",https://www.vagas.com.br/vagas/v2824536/jovem-aprendiz-financas
vagas_com,2832968,Aprendiz,Jovem Aprendiz Administrativo,São Paulo / SP,-23.5475,-46.63611,,,apprentice,"{""electrical_engineering"": 0, ""computer_science"": 0, ""mechanical_engineering"": 0, ""civil_engineering"": 0, ""production_engineering"": 0, ""administration"": 0, ""data_science"": 0}",https://www.vagas.com.br/vagas/v2832968/jovem-aprendiz-administrativo
vagas_com,2832526,Aprendiz,Jovem Aprendiz Marketing,Rio de Janeiro / RJ,-22.90642,-43.18223,,,apprentice,"{""electrical_engineering"": 9, ""computer_science"": 0, ""mechanical_engineering"": 0, ""civil_engineering"": 0, ""production_engineering"": 0, ""administration"": 17, ""data_science"": 0}",https://www.vagas.com.br/vagas/v2832526/jovem-aprendiz-marketing
vagas_com,2833470,Aprendiz,Jovem Aprendiz Técnico,Barueri / SP,-23.51056,-46.87611,,,apprentice,"{""electrical_engineering"": 0, ""computer_science"": 0, ""mechanical_engineering"": 0, ""civil_engineering"": 0, ""production_engineering"": 9, ""administration"": 0, ""data_science"": 0}",https://www.vagas.com.br/vagas/v2833470/jovem-aprendiz-tecnico
vagas_com,2833588,Aprendiz,Jovem Aprendiz (Pcd),Rio de Janeiro / RJ,-22.90642,-43.18223,,,apprentice,"{""electrical_engineering"": 0, ""computer_science"": 0, ""mechanical_engineering"": 9, ""civil_engineering"": 0, ""production_engineering"": 0, ""administration"": 0, ""data_science"": 0}",https://www.vagas.com.br/vagas/v2833588/jovem-aprendiz-pcd
vagas_com,2833937,Aprendiz,Jovem Aprendiz Administrativo,Santo Ângelo / RS,-28.29917,-54.26306,,,apprentice,"{""electrical_engineering"": 0, ""computer_science"": 0, ""mechanical_engineering"": 9, ""civil_engineering"": 0, ""production_engineering"": 0, ""administration"": 0, ""data_science"": 0}",https://www.vagas.com.br/vagas/v2833937/jovem-aprendiz-administrativo
vagas_com,2833065,Grupo Tracker,Aprendiz,São Paulo / SP,-23.5475,-46.63611,,,apprentice,"{""electrical_engineering"": 0, ""computer_science"": 0, ""mechanical_engineering"": 0, ""civil_engineering"": 0, ""production_engineering"": 0, ""administration"": 0, ""data_science"": 0}",https://www.vagas.com.br/vagas/v2833065/aprendiz
vagas_com,2832438,de Produção,Aprendiz de Produção,Mogi das Cruzes / SP,-23.52278,-46.18833,,,apprentice,"{""electrical_engineering"": 0, ""computer_science"": 0, ""mechanical_engineering"": 0, ""civil_engineering"": 0, ""production_engineering"": 9, ""administration"": 0, ""data_science"": 0}",https://www.vagas.com.br/vagas/v2832438/aprendiz-de-producao
vagas_com,2832254,Administrativo,Aprendiz Administrativo,Campo Largo / PR,-25.45955,-49.53014,,,apprentice,"{""electrical_engineering"": 0, ""computer_science"": 0, ""mechanical_engineering"": 0, ""civil_engineering"": 0, ""production_engineering"": 0, ""administration"": 0, ""data_science"": 0}",https://www.vagas.com.br/vagas/v2832254/aprendiz-administrativo
vagas_com,2823529,Aprendiz,Banco de Talentos - Aprendiz,São Paulo / SP,-23.5475,-46.63611,,,apprentice,"{""electrical_engineering"": 0, ""computer_science"": 0, ""mechanical_engineering"": 0, ""civil_engineering"": 0, ""production_engineering"": 0, ""administration"": 0, ""data_science"": 0}",https://www.vagas.com.br/vagas/v2823529/banco-de-talentos-aprendiz
vagas_com,2830541,Legal | Recepção,Aprendiz Legal | Recepção,São Paulo / SP,-23.5475,-46.63611,,,apprentice,"{""electrical_engineering"": 0, ""computer_science"": 0, ""mechanical_engineering"": 0, ""civil_engineering"": 0, ""production_engineering"": 0, ""administration"": 0, ""data_science"": 0}",https://www.vagas.com.br/vagas/v2830541/aprendiz-legal-recepcao
vagas_com,2831108,Aprendiz,533 - Jovem Aprendiz - Teleatendimento,Brasília / DF,-15.77972,-47.92972,,,apprentice,"{""electrical_engineering"": 9, ""computer_science"": 0, ""mechanical_engineering"": 0, ""civil_engineering"": 0, ""production_engineering"": 0, ""administration"": 0, ""data_science"": 0}",https://www.vagas.com.br/vagas/v2831108/533-jovem-aprendiz-teleatendimento
vagas_com,2830797,Aperam,Estagiário RH Aperam Timóteo,Timóteo / MG,-19.58106,-42.64953,Estágio,,internship; research,"{""electrical_engineering"": 0, ""computer_science"": 0, ""mechanical_engineering"": 9, ""civil_engineering"": 0, ""production_engineering"": 0, ""administration"": 0, ""data_science"": 0}",https://www.vagas.com.br/vagas/v2830797/estagiario-rh-aperam-timoteo
vagas_com,2821206,Marjan Farma,Analista de Novos Negócios Pl.,São Paulo / SP,-23.5475,-46.63611,,,,"{""electrical_engineering"": 0, ""computer_science"": 0, ""mechanical_engineering"": 0, ""civil_engineering"": 0, ""production_engineering"": 0, ""administration"": 0, ""data_science"": 0}",https://www.vagas.com.br/vagas/v2821206/analista-de-novos-negocios-pl
vagas_com,2822083,Marjan Farma,Analista de Inovação Pl,São Paulo / SP,-23.5475,-46.63611,,,,"{""electrical_engineering"": 0, ""computer_science"": 0, ""mechanical_engineering"": 0, ""civil_engineering"": 0, ""production_engineering"": 0, ""administration"": 0, ""data_science"": 0}",https://www.vagas.com.br/vagas/v2822083/analista-de-inovacao-pl
vagas_com,2834160,UNIJORGE,Coordenador de Curso,Salvador / BA,-12.97563,-38.49096,Estágio,,internship; research,"{""electrical_engineering"": 0, ""computer_science"": 0, ""mechanical_engineering"": 9, ""civil_engineering"": 0, ""production_engineering"": 0, ""administration"": 0, ""data_science"": 0}",https://www.vagas.com.br/vagas/v2834160/coordenador-de-curso
vagas_com,2828643,Talent Group,11322 - Consultor de Processos (qualidade/Regulatório),"híbrido 3X e 2x Home-office, a empresa está sediada em Itú/SP.• Horário comercial das 09h as 18h.•",,,,,,"{""electrical_engineering"": 0, ""computer_science"": 0, ""mechanical_engineering"": 0, ""civil_engineering"": 0, ""production_engineering"": 17, ""administration"": 9, ""data_science"": 0}",https://www.vagas.com.br/vagas/v2828643/11322-consultor-de-processos-qualidade-regulatorio
vagas_com,2834078,Confidencial,Analista de Laboratório Jr Pcd - Hospital Heliópolis,São Paulo / SP,-23.5475,-46.63611,,,,"{""electrical_engineering"": 0, ""computer_science"": 0, ""mechanical_engineering"": 12, ""civil_engineering"": 0, ""production_engineering"": 0, ""administration"": 0, ""data_science"": 0}",https://www.vagas.com.br/vagas/v2834078/analista-de-laboratorio-jr-pcd-hospital-heliopolis
vagas_com,2833635,VEKTO ENGENHARIA,Estagiário de Geologia,Belo Horizonte / MG,-19.92083,-43.93778,Estágio,,internship; research,"{""electrical_engineering"": 0, ""computer_science"": 0, ""mechanical_engineering"": 0, ""civil_engineering"": 0, ""production_engineering"": 0, ""administration"": 0, ""data_science"": 0}",https://www.vagas.com.br/vagas/v2833635/estagiario-de-geologia
vagas_com,2824147,Michelin,Estágio de Nível Superior,Rio de Janeiro / RJ,-22.90642,-43.18223,Estágio,,internship; research,"{""electrical_engineering"": 0, ""computer_science"": 0, ""mechanical_engineering"": 9, ""civil_engineering"": 0, ""production_engineering"": 15, ""administration"": 0, ""data_science"": 12}",https://www.vagas.com.br/vagas/v2824147/estagio-de-nivel-superior
vagas_com,2833678,EmpregaSaúde,Coordenador de Centro de Pesquisa Clínica,Uberaba / MG,-19.74833,-47.93194,,,research,"{""electrical_engineering"": 0, ""computer_science"": 0, ""mechanical_engineering"": 0, ""civil_engineering"": 0, ""production_engineering"": 9, ""administration"": 0, ""data_science"": 0}",https://www.vagas.com.br/vagas/v2833678/coordenador-de-centro-de-pesquisa-clinica
vagas_com,2833597,Federação dos Centros de Serviços Escolares do Quebec,Professor(a) do Ensino Médio,São Paulo / SP,-23.5475,-46.63611,,,,"{""electrical_engineering"": 0, ""computer_science"": 0, ""mechanical_engineering"": 0, ""civil_engineering"": 0, ""production_engineering"": 0, ""administration"": 0, ""data_science"": 0}",https://www.vagas.com.br/vagas/v2833597/professor-a-do-ensino-medio
vagas_com,2828618,Pesquisa,Estagio - Pesquisa e Desenvolvimento,Pouso Alegre / MG,-22.23,-45.93639,Estágio,,internship; research,"{""electrical_engineering"": 0, ""computer_science"": 0, ""mechanical_engineering"": 9, ""civil_engineering"": 0, ""production_engineering"": 0, ""administration"": 0, ""data_science"": 0}",https://www.vagas.com.br/vagas/v2828618/estagio-pesquisa-e-desenvolvimento
vagas_com,2833635,de Geologia,Estagiário de Geologia,Belo Horizonte / MG,-19.92083,-43.93778,Estágio,,internship,"{""electrical_engineering"": 0, ""computer_science"": 0, ""mechanical_engineering"": 0, ""civil_engineering"": 0, ""production_engineering"": 0, ""administration"": 0, ""data_science"": 0}",https://www.vagas.com.br/vagas/v2833635/estagiario-de-geologia
vagas_com,2832392,Administração,Estagiário Administração,Belo Horizonte / MG,-19.92083,-43.93778,Estágio,,internship,"{""electrical_engineering"": 9, ""computer_science"": 0, ""mechanical_engineering"": 9, ""civil_engineering"": 0, ""production_engineering"": 0, ""administration"": 70, ""data_science"": 0}",https://www.vagas.com.br/vagas/v2832392/estagiario-administracao
vagas_com,2834436,em Contabilidade,Estágio em Contabilidade,São Paulo / SP,-23.5475,-46.63611,Estágio,,internship,"{""electrical_engineering"": 0, ""computer_science"": 0, ""mechanical_engineering"": 0, ""civil_engineering"": 0, ""production_engineering"": 0, ""administration"": 0, ""data_science"": 0}",https://www.vagas.com.br/vagas/v2834436/estagio-em-contabilidade
vagas_com,2825121,(a) Saneamento,Estagiário (a) Saneamento,Barueri / SP,-23.51056,-46.87611,Estágio,,internship,"{""electrical_engineering"": 0, ""computer_science"": 0, ""mechanical_engineering"": 9, ""civil_engineering"": 12, ""production_engineering"": 0, ""administration"": 0, ""data_science"": 0}",https://www.vagas.com.br/vagas/v2825121/estagiario-a-saneamento
vagas_com,2825180,(a) de Treinamento de Vendas,Estagiário (a) de Treinamento de Vendas,São Paulo / SP,-23.5475,-46.63611,Estágio,,internship,"{""electrical_engineering"": 0, ""computer_science"": 0, ""mechanical_engineering"": 0, ""civil_engineering"": 0, ""production_engineering"": 0, ""administration"": 17, ""data_science"": 0}",https://www.vagas.com.br/vagas/v2825180/estagiario-a-de-treinamento-de-vendas
vagas_com,2830496,em Assuntos Regulatórios,Estágio em Assuntos Regulatórios,São Paulo / SP,-23.5475,-46.63611,Estágio,,internship,"{""electrical_engineering"": 0, ""computer_science"": 0, ""mechanical_engineering"": 0, ""civil_engineering"": 0, ""production_engineering"": 0, ""administration"": 0, ""data_science"": 0}",https://www.vagas.com.br/vagas/v2830496/estagio-em-assuntos-regulatorios
vagas_com,2829967,em Administração Contratual,Estágio em Administração Contratual,Rio de Janeiro / RJ,-22.90642,-43.18223,Estágio,,internship,"{""electrical_engineering"": 9, ""computer_science"": 0, ""mechanical_engineering"": 0, ""civil_engineering"": 0, ""production_engineering"": 49, ""administration"": 70, ""data_science"": 0}",https://www.vagas.com.br/vagas/v2829967/estagio-em-administracao-contratual
vagas_com,2834400,em Customer Experience,Estágio em Customer Experience,São Bernardo do Campo / SP,-23.69389,-46.565,Estágio,,internship,"{""electrical_engineering"": 0, ""computer_science"": 0, ""mechanical_engineering"": 0, ""civil_engineering"": 0, ""production_engineering"": 49, ""administration"": 0, ""data_science"": 12}",https://www.vagas.com.br/vagas/v2834400/estagio-em-customer-experience
vagas_com,2830114,em Auditoria Interna,Estagio em Auditoria Interna,São Paulo / SP,-23.5475,-46.63611,Estágio,,internship,"{""electrical_engineering"": 0, ""computer_science"": 0, ""mechanical_engineering"": 0, ""civil_engineering"": 0, ""production_engineering"": 0, ""administration"": 0, ""data_science"": 0}",https://www.vagas.com.br/vagas/v2830114/estagio-em-auditoria-interna
vagas_com,2831394,em Auditoria Interna,Estagio em Auditoria Interna,Rio de Janeiro / RJ,-22.90642,-43.18223,Estágio,,internship,"{""electrical_engineering"": 0, ""computer_science"": 0, ""mechanical_engineering"": 0, ""civil_engineering"": 0, ""production_engineering"": 0, ""administration"": 0, ""data_science"": 0}",https://www.vagas.com.br/vagas/v2831394/estagio-em-auditoria-interna
vagas_com,2814975,em Jurídico Trabalhista,Estágio em Jurídico Trabalhista,,,,Estágio,,internship,"{""electrical_engineering"": 0, ""computer_science"": 0, ""mechanical_engineering"": 0, ""civil_engineering"": 0, ""production_engineering"": 0, ""administration"": 0, ""data_science"": 0}",https://www.vagas.com.br/vagas/v2814975/estagio-em-juridico-trabalhista
vagas_com,2829504,em Experiencia do Cliente,Estágio em Experiencia do Cliente,Belo Horizonte / MG,-19.92083,-43.93778,Estágio,,internship,"{""electrical_engineering"": 0, ""computer_science"": 0, ""mechanical_engineering"": 0, ""civil_engineering"": 0, ""production_engineering"": 0, ""administration"": 0, ""data_science"": 0}",https://www.vagas.com.br/vagas/v2829504/estagio-em-experiencia-do-cliente
vagas_com,2833306,(a) Redação Monet,Estágiario (a) Redação Monet,São Paulo / SP,-23.5475,-46.63611,Estágio,,internship,"{""electrical_engineering"": 0, ""computer_science"": 0, ""mechanical_engineering"": 0, ""civil_engineering"": 0, ""production_engineering"": 0, ""administration"": 0, ""data_science"": 0}",https://www.vagas.com.br/vagas/v2833306/estagiario-a-redacao-monet
vagas_com,2826541,– Excelência Operacional,Vaga de Estágio – Excelência Operacional,Americana / SP,-22.73917,-47.33139,Estágio,,internship,"{""electrical_engineering"": 0, ""computer_science"": 0, ""mechanical_engineering"": 58, ""civil_engineering"": 0, ""production_engineering"": 49, ""administration"": 0, ""data_science"": 0}",https://www.vagas.com.br/vagas/v2826541/vaga-de-estagio-excelencia-operacional
vagas_com,2825603,Planejamento Financeiro (FP&A),Estagiário Planejamento Financeiro (FP&A),Rio de Janeiro / RJ,-22.90642,-43.18223,Estágio,,internship,"{""electrical_engineering"": 0, ""computer_science"": 0, ""mechanical_engineering"": 0, ""civil_engineering"": 0, ""production_engineering"": 66, ""administration"": 66, ""data_science"": 0}",https://www.vagas.com.br/vagas/v2825603/estagiario-planejamento-financeiro-fp-a
vagas_com,2830107,em Telecomunicações (RF Analyst),Estágio em Telecomunicações (RF Analyst),Rio de Janeiro / RJ,-22.90642,-43.18223,Estágio,,internship,"{""electrical_engineering"": 71, ""computer_science"": 0, ""mechanical_engineering"": 0, ""civil_engineering"": 0, ""production_engineering"": 0, ""administration"": 0, ""data_science"": 0}",https://www.vagas.com.br/vagas/v2830107/estagio-em-telecomunicacoes-rf-analyst
vagas_com,2830506,White Martins,Estagiário de Novos Negócios - Barra da Tijuca/RJ,de Novos Negócios - Barra da Tijuca/RJ,,,Estágio,,internship,"{""electrical_engineering"": 9, ""computer_science"": 0, ""mechanical_engineering"": 0, ""civil_engineering"": 0, ""production_engineering"": 0, ""administration"": 0, ""data_science"": 0}",https://www.vagas.com.br/vagas/v2830506/estagiario-de-novos-negocios-barra-da-tijuca-rj
vagas_com,2832335,em Hrbp (RH) | Reckitt Comercial,Estágio em Hrbp (RH) | Reckitt Comercial,São Paulo / SP,-23.5475,-46.63611,Estágio,,internship,"{""electrical_engineering"": 0, ""computer_science"": 0, ""mechanical_engineering"": 12, ""civil_engineering"": 0, ""production_engineering"": 0, ""administration"": 17, ""data_science"": 0}",https://www.vagas.com.br/vagas/v2832335/estagio-em-hrbp-rh-reckitt-comercial
vagas_com,2833765,"em Engenharia Civil, Engenharia de Produção e Engenharia Mecânica - 85065","Estágio em Engenharia Civil, Engenharia de Produção e Engenharia Mecânica - 85065",Rio de Janeiro / RJ,-22.90642,-43.18223,Estágio,,internship,"{""electrical_engineering"": 0, ""computer_science"": 0, ""mechanical_engineering"": 70, ""civil_engineering"": 70, ""production_engineering"": 70, ""administration"": 0, ""data_science"": 0}",https://www.vagas.com.br/vagas/v2833765/estagio-em-engenharia-civil-engenharia-de-producao-e-engenharia-mecanica-85065
vagas_com,2830232,Biolab Farmacêutica,Jovem de Impacto Jurídico,São Paulo / SP,-23.5475,-46.63611,Estágio,,internship,"{""electrical_engineering"": 0, ""computer_science"": 0, ""mechanical_engineering"": 0, ""civil_engineering"": 0, ""production_engineering"": 0, ""administration"": 0, ""data_science"": 0}",https://www.vagas.com.br/vagas/v2830232/jovem-de-impacto-juridico
vagas_com,2834039,Tract Tax & Business,Consultor Tributário Pleno - Impostos Indiretos,Salvador / BA,-12.97563,-38.49096,Estágio,,internship,"{""electrical_engineering"": 0, ""computer_science"": 0, ""mechanical_engineering"": 0, ""civil_engineering"": 0, ""production_engineering"": 0, ""administration"": 56, ""data_science"": 0}",https://www.vagas.com.br/vagas/v2834039/consultor-tributario-pleno-impostos-indiretos
vagas_com,2819304,Clealco,"Analista de Recrutamento, Seleção e Treinamento",Clementina / SP,,,Estágio,,internship,"{""electrical_engineering"": 0, ""computer_science"": 0, ""mechanical_engineering"": 0, ""civil_engineering"": 0, ""production_engineering"": 0, ""administration"": 0, ""data_science"": 0}",https://www.vagas.com.br/vagas/v2819304/analista-de-recrutamento-selecao-e-treinamento
vagas_com,2834541,Confidencial,Especialista de Educação Corporativa & Produtos Digitais – São Paulo / SP,São Paulo / SP,-23.5475,-46.63611,Estágio,,internship,"{""electrical_engineering"": 0, ""computer_science"": 0, ""mechanical_engineering"": 0, ""civil_engineering"": 12, ""production_engineering"": 0, ""administration"": 0, ""data_science"": 0}",https://www.vagas.com.br/vagas/v2834541/especialista-de-educacao-corporativa-produtos-digitais-sao-paulo-sp
vagas_com,2830437,de Processos Jr,Analista de Processos Jr,Tatuí / SP,-23.35556,-47.85694,,,,"{""electrical_engineering"": 0, ""computer_science"": 0, ""mechanical_engineering"": 0, ""civil_engineering"": 0, ""production_engineering"": 0, ""administration"": 0, ""data_science"": 0}",https://www.vagas.com.br/vagas/v2830437/analista-de-processos-jr
vagas_com,2830463,de Melhoria Contínua Sr (Nys),Analista de Melhoria Contínua Sr (Nys),Tatuí / SP,-23.35556,-47.85694,,,,"{""electrical_engineering"": 0, ""computer_science"": 0, ""mechanical_engineering"": 9, ""civil_engineering"": 0, ""production_engineering"": 22, ""administration"": 0, ""data_science"": 0}",https://www.vagas.com.br/vagas/v2830463/analista-de-melhoria-continua-sr-nys
vagas_com,2830568,de Treinamento,Analista de Treinamento,,,,,,,"{""electrical_engineering"": 0, ""computer_science"": 0, ""mechanical_engineering"": 9, ""civil_engineering"": 0, ""production_engineering"": 0, ""administration"": 0, ""data_science"": 0}",https://www.vagas.com.br/vagas/v2830568/analista-de-treinamento
vagas_com,2834493,de RH Pl,Analista de RH Pl,Rio de Janeiro / RJ,-22.90642,-43.18223,,,,"{""electrical_engineering"": 0, ""computer_science"": 0, ""mechanical_engineering"": 0, ""civil_engineering"": 0, ""production_engineering"": 0, ""administration"": 0, ""data_science"": 0}",https://www.vagas.com.br/vagas/v2834493/analista-de-rh-pl
vagas_com,2830510,de Marketing Pl - Equinos (Eventos),Analista de Marketing Pl - Equinos (Eventos),Louveira / SP,-23.08639,-46.95056,,,,"{""electrical_engineering"": 0, ""computer_science"": 0, ""mechanical_engineering"": 0, ""civil_engineering"": 0, ""production_engineering"": 9, ""administration"": 17, ""data_science"": 0}",https://www.vagas.com.br/vagas/v2830510/analista-de-marketing-pl-equinos-eventos
vagas_com,2829349,de Pesquisa e Desenvolvimento- Suplementos I,Analista de Pesquisa e Desenvolvimento- Suplementos I,Louveira / SP,-23.08639,-46.95056,,,research,"{""electrical_engineering"": 0, ""computer_science"": 0, ""mechanical_engineering"": 0, ""civil_engineering"": 0, ""production_engineering"": 0, ""administration"": 0, ""data_science"": 0}",https://www.vagas.com.br/vagas/v2829349/analista-de-pesquisa-e-desenvolvimento-suplementos-i
vagas_com,2831835,Engenharia,Estágio Engenharia Industrial,Mogi das Cruzes / SP,-23.52278,-46.18833,Estágio,,internship,"{""electrical_engineering"": 0, ""computer_science"": 0, ""mechanical_engineering"": 0, ""civil_engineering"": 0, ""production_engineering"": 49, ""administration"": 0, ""data_science"": 0}",https://www.vagas.com.br/vagas/v2831835/estagio-engenharia-industrial
vagas_com,2824941,Engenharia,Estágio de Engenharia - Sorocaba/SP,- Sorocaba/SP,-23.50167,-47.45806,Estágio,,internship,"{""electrical_engineering"": 70, ""computer_science"": 0, ""mechanical_engineering"": 0, ""civil_engineering"": 0, ""production_engineering"": 0, ""administration"": 0, ""data_science"": 0}",https://www.vagas.com.br/vagas/v2824941/estagio-de-engenharia-sorocaba-sp
vagas_com,2832109,Facilities -,Estágio Facilities - Engenharia e Arquitetura,Recife / PE,-8.05389,-34.88111,Estágio,,internship,"{""electrical_engineering"": 49, ""computer_science"": 0, ""mechanical_engineering"": 0, ""civil_engineering"": 42, ""production_engineering"": 49, ""administration"": 0, ""data_science"": 0}",https://www.vagas.com.br/vagas/v2832109/estagio-facilities-engenharia-e-arquitetura
vagas_com,2831925,Facilities -,Estágio Facilities - Engenharia e Arquitetura,Betim / MG,-19.96778,-44.19833,Estágio,,internship,"{""electrical_engineering"": 49, ""computer_science"": 0, ""mechanical_engineering"": 0, ""civil_engineering"": 42, ""production_engineering"": 49, ""administration"": 0, ""data_science"": 0}",https://www.vagas.com.br/vagas/v2831925/estagio-facilities-engenharia-e-arquitetura
vagas_com,2832773,Engenharia,Estágio em Engenharia de Manutenção Industrial,São Bernardo do Campo / SP,-23.69389,-46.565,Estágio,,internship,"{""electrical_engineering"": 49, ""computer_science"": 0, ""mechanical_engineering"": 22, ""civil_engineering"": 0, ""production_engineering"": 0, ""administration"": 0, ""data_science"": 0}",https://www.vagas.com.br/vagas/v2832773/estagio-em-engenharia-de-manutencao-industrial
vagas_com,2834457,em Construção e Montagem,Estágio em Construção e Montagem,Paulínia / SP,-22.76111,-47.15417,Estágio,,internship,"{""electrical_engineering"": 0, ""computer_science"": 0, ""mechanical_engineering"": 0, ""civil_engineering"": 22, ""production_engineering"": 0, ""administration"": 0, ""data_science"": 0}",https://www.vagas.com.br/vagas/v2834457/estagio-em-construcao-e-montagem
vagas_com,2833926,- Qualidade,Estágio - Qualidade,", eletrônicos ou equipamentos para telecomunicações;- Experiência/conhecimento no Será diferencial inglês avançado para escrita e conversação;Local de trabalho: Sorocaba/SP;Horário do",,,Estágio,,internship,"{""electrical_engineering"": 9, ""computer_science"": 0, ""mechanical_engineering"": 9, ""civil_engineering"": 0, ""production_engineering"": 17, ""administration"": 0, ""data_science"": 0}",https://www.vagas.com.br/vagas/v2833926/estagio-qualidade
vagas_com,2816449,Superior |,Estagio Superior | Estagio Técnico - Banco de Talentos,Riolândia/SP.Cursos:Engenharia Agronômica | Administração | Ciências Contábeis | Técnico Enfermagem |,,,Estágio,,internship,"{""electrical_engineering"": 58, ""computer_science"": 0, ""mechanical_engineering"": 49, ""civil_engineering"": 0, ""production_engineering"": 0, ""administration"": 49, ""data_science"": 0}",https://www.vagas.com.br/vagas/v2816449/estagio-superior-estagio-tecnico-banco-de-talentos
vagas_com,2830343,Estagiária,Pessoa Estagiária de Operações,Fortaleza / CE,-3.71722,-38.54306,Estágio,,internship,"{""electrical_engineering"": 15, ""computer_science"": 0, ""mechanical_engineering"": 9, ""civil_engineering"": 51, ""production_engineering"": 22, ""administration"": 22, ""data_science"": 0}",https://www.vagas.com.br/vagas/v2830343/pessoa-estagiaria-de-operacoes
vagas_com,2832712,de Pós Vendas,Estagiário de Pós Vendas,São Paulo / SP,-23.5475,-46.63611,Estágio,,internship,"{""electrical_engineering"": 49, ""computer_science"": 0, ""mechanical_engineering"": 49, ""civil_engineering"": 0, ""production_engineering"": 49, ""administration"": 66, ""data_science"": 0}",https://www.vagas.com.br/vagas/v2832712/estagiario-de-pos-vendas
vagas_com,2834366,Administrativo - Araucária,Estágio Administrativo - Araucária,Araucária / PR,-25.59306,-49.41028,Estágio,,internship,"{""electrical_engineering"": 9, ""computer_science"": 0, ""mechanical_engineering"": 12, ""civil_engineering"": 0, ""production_engineering"": 0, ""administration"": 58, ""data_science"": 0}",https://www.vagas.com.br/vagas/v2834366/estagio-administrativo-araucaria
vagas_com,2830693,(a) Superior | Confiabilidade Integridade Industrial,Estagiário (a) Superior | Confiabilidade Integridade Industrial,Pontes Gestal / SP,,,Estágio,,internship,"{""electrical_engineering"": 9, ""computer_science"": 0, ""mechanical_engineering"": 0, ""civil_engineering"": 0, ""production_engineering"": 49, ""administration"": 0, ""data_science"": 0}",https://www.vagas.com.br/vagas/v2830693/estagiario-a-superior-confiabilidade-integridade-industrial
vagas_com,2818504,2026.2 - Grupo Águas do Brasil e Águas de Niterói,Programa de Estágio 2026.2 - Grupo Águas do Brasil e Águas de Niterói,trica Engenharia Mecânica Engenharia Química Jorn... Niterói / RJ,,,Estágio,,internship,"{""electrical_engineering"": 61, ""computer_science"": 0, ""mechanical_engineering"": 49, ""civil_engineering"": 42, ""production_engineering"": 49, ""administration"": 0, ""data_science"": 0}",https://www.vagas.com.br/vagas/v2818504/programa-de-estagio-2026-2-grupo-aguas-do-brasil-e-aguas-de-niteroi
vagas_com,2832234,Confidencial,Analista de Produção Eletrônica,Belo Horizonte / MG,-19.92083,-43.93778,,,,"{""electrical_engineering"": 71, ""computer_science"": 0, ""mechanical_engineering"": 0, ""civil_engineering"": 0, ""production_engineering"": 0, ""administration"": 0, ""data_science"": 0}",https://www.vagas.com.br/vagas/v2832234/analista-de-producao-eletronica
vagas_com,2818504,2026.2 - Grupo Águas do Brasil e Águas de Niterói,Programa de Estágio 2026.2 - Grupo Águas do Brasil e Águas de Niterói,genharia Elétrica Engenharia Mecânica Engenharia ... Niterói / RJ,,,Estágio,,internship,"{""electrical_engineering"": 61, ""computer_science"": 0, ""mechanical_engineering"": 49, ""civil_engineering"": 42, ""production_engineering"": 49, ""administration"": 0, ""data_science"": 0}",https://www.vagas.com.br/vagas/v2818504/programa-de-estagio-2026-2-grupo-aguas-do-brasil-e-aguas-de-niteroi
vagas_com,2828533,Engenheiro,Consultor Técnico de Vendas | Engenheiro,Curitiba / PR,-25.42778,-49.27306,,,,"{""electrical_engineering"": 25, ""computer_science"": 0, ""mechanical_engineering"": 0, ""civil_engineering"": 0, ""production_engineering"": 0, ""administration"": 17, ""data_science"": 0}",https://www.vagas.com.br/vagas/v2828533/consultor-tecnico-de-vendas-engenheiro
vagas_com,2825706,Engenharias,Bolsista Doutor Engenharias Tsa,Belo Horizonte / MG,-19.92083,-43.93778,,,,"{""electrical_engineering"": 70, ""computer_science"": 49, ""mechanical_engineering"": 0, ""civil_engineering"": 0, ""production_engineering"": 0, ""administration"": 0, ""data_science"": 0}",https://www.vagas.com.br/vagas/v2825706/bolsista-doutor-engenharias-tsa
vagas_com,2833083,Austa Hospital,Analista de Manutenção,São José do Rio Preto / SP,-20.81972,-49.37944,,,,"{""electrical_engineering"": 61, ""computer_science"": 0, ""mechanical_engineering"": 71, ""civil_engineering"": 0, ""production_engineering"": 49, ""administration"": 0, ""data_science"": 0}",https://www.vagas.com.br/vagas/v2833083/analista-de-manutencao
vagas_com,2828957,Zeentech,Analista de Produto Jr – Integração de Software (Cosi),Goiana / PE,-16.67861,-49.25389,,,,"{""electrical_engineering"": 49, ""computer_science"": 42, ""mechanical_engineering"": 9, ""civil_engineering"": 0, ""production_engineering"": 0, ""administration"": 0, ""data_science"": 0}",https://www.vagas.com.br/vagas/v2828957/analista-de-produto-jr-integracao-de-software-cosi
vagas_com,2834289,FI GROUP,Consultor Técnico Jr Industrial / Porto Alegre,Porto Alegre / RS,-30.03283,-51.23019,,,,"{""electrical_engineering"": 49, ""computer_science"": 0, ""mechanical_engineering"": 49, ""civil_engineering"": 0, ""production_engineering"": 49, ""administration"": 0, ""data_science"": 0}",https://www.vagas.com.br/vagas/v2834289/consultor-tecnico-jr-industrial-porto-alegre
vagas_com,2834210,Eletrônica,Estágio em Eletrônica - 84966,Rio de Janeiro / RJ,-22.90642,-43.18223,Estágio,,internship,"{""electrical_engineering"": 22, ""computer_science"": 0, ""mechanical_engineering"": 15, ""civil_engineering"": 0, ""production_engineering"": 0, ""administration"": 0, ""data_science"": 0}",https://www.vagas.com.br/vagas/v2834210/estagio-em-eletronica-84966
vagas_com,2831317,2026 -,"Programa de Estágio 2026 - Engenharia Clínica - Técnico em Eletrônica, Mecânica , Mecatrônica, Automação",Vespasiano / MG,-19.69194,-43.92333,Estágio,,internship,"{""electrical_engineering"": 30, ""computer_science"": 0, ""mechanical_engineering"": 0, ""civil_engineering"": 0, ""production_engineering"": 0, ""administration"": 0, ""data_science"": 0}",https://www.vagas.com.br/vagas/v2831317/programa-de-estagio-2026-engenharia-clinica-tecnico-em-eletronica-mecanica-mecatronica-automacao
vagas_com,2833765,Engenharia,"Estágio em Engenharia Civil, Engenharia de Produção e Engenharia Mecânica - 85065",Rio de Janeiro / RJ,-22.90642,-43.18223,Estágio,,internship,"{""electrical_engineering"": 9, ""computer_science"": 0, ""mechanical_engineering"": 70, ""civil_engineering"": 79, ""production_engineering"": 70, ""administration"": 0, ""data_science"": 0}",https://www.vagas.com.br/vagas/v2833765/estagio-em-engenharia-civil-engenharia-de-producao-e-engenharia-mecanica-85065
vagas_com,2832234,Eletrônica,Analista de Produção Eletrônica,Belo Horizonte / MG,-19.92083,-43.93778,,,,"{""electrical_engineering"": 71, ""computer_science"": 0, ""mechanical_engineering"": 0, ""civil_engineering"": 0, ""production_engineering"": 0, ""administration"": 0, ""data_science"": 0}",https://www.vagas.com.br/vagas/v2832234/analista-de-producao-eletronica
vagas_com,2833926,- Qualidade,Estágio - Qualidade,ou equipamentos para telecomunicações;- Experiência/conhecimento no Será diferencial inglês avançado para escrita e conversação;Local de trabalho: Sorocaba/SP;Horário do,,,Estágio,,internship,"{""electrical_engineering"": 9, ""computer_science"": 0, ""mechanical_engineering"": 9, ""civil_engineering"": 0, ""production_engineering"": 17, ""administration"": 0, ""data_science"": 0}",https://www.vagas.com.br/vagas/v2833926/estagio-qualidade
vagas_com,2832284,em Supply Chain,Estágio em Supply Chain,Louveira / SP,-23.08639,-46.95056,Estágio,,internship,"{""electrical_engineering"": 9, ""computer_science"": 0, ""mechanical_engineering"": 0, ""civil_engineering"": 0, ""production_engineering"": 66, ""administration"": 49, ""data_science"": 0}",https://www.vagas.com.br/vagas/v2832284/estagio-em-supply-chain
vagas_com,2831010,Tecnologia,Estágio em TI / Tecnologia - Cotação de Seguro,São Paulo / SP,-23.5475,-46.63611,Estágio,,internship,"{""electrical_engineering"": 0, ""computer_science"": 56, ""mechanical_engineering"": 0, ""civil_engineering"": 0, ""production_engineering"": 0, ""administration"": 0, ""data_science"": 0}",https://www.vagas.com.br/vagas/v2831010/estagio-em-ti-tecnologia-cotacao-de-seguro
vagas_com,2823615,(a) em Controle e Back Office de Fundos de Investimentos,Estagiário (a) em Controle e Back Office de Fundos de Investimentos,Rio de Janeiro / RJ,-22.90642,-43.18223,Estágio,,internship,"{""electrical_engineering"": 17, ""computer_science"": 49, ""mechanical_engineering"": 9, ""civil_engineering"": 0, ""production_engineering"": 0, ""administration"": 0, ""data_science"": 0}",https://www.vagas.com.br/vagas/v2823615/estagiario-a-em-controle-e-back-office-de-fundos-de-investimentos
vagas_com,2828706,HStern,Programa Lapidando Talentos - Banco de Talentos,Rio de Janeiro / RJ,-22.90642,-43.18223,Estágio,,internship,"{""electrical_engineering"": 9, ""computer_science"": 49, ""mechanical_engineering"": 0, ""civil_engineering"": 0, ""production_engineering"": 0, ""administration"": 49, ""data_science"": 0}",https://www.vagas.com.br/vagas/v2828706/programa-lapidando-talentos-banco-de-talentos
vagas_com,2834156,Ciências,"Analista de Arte, Ciências e Tecnologia / Niterói e São Gonçalo",Niterói / RJ,-22.88333,-43.10361,,,,"{""electrical_engineering"": 0, ""computer_science"": 0, ""mechanical_engineering"": 0, ""civil_engineering"": 0, ""production_engineering"": 0, ""administration"": 0, ""data_science"": 0}",https://www.vagas.com.br/vagas/v2834156/analista-de-arte-ciencias-e-tecnologia-niteroi-e-sao-goncalo
vagas_com,2831542,Central IT,Gerente de Operações de TI,Brasília / DF,-15.77972,-47.92972,,,,"{""electrical_engineering"": 0, ""computer_science"": 56, ""mechanical_engineering"": 0, ""civil_engineering"": 0, ""production_engineering"": 22, ""administration"": 22, ""data_science"": 0}",https://www.vagas.com.br/vagas/v2831542/gerente-de-operacoes-de-ti
vagas_com,2785114,Tecnologia,Programa de Entry-level EY Tecnologia,,,,,,entry_level,"{""electrical_engineering"": 0, ""computer_science"": 0, ""mechanical_engineering"": 0, ""civil_engineering"": 0, ""production_engineering"": 0, ""administration"": 49, ""data_science"": 0}",https://www.vagas.com.br/vagas/v2785114/programa-de-entry-level-ey-tecnologia
vagas_com,2785123,Tecnologia,Programa de Entry-level EY Tecnologia - Exclusivo PcD,,,,,,entry_level,"{""electrical_engineering"": 0, ""computer_science"": 0, ""mechanical_engineering"": 0, ""civil_engineering"": 0, ""production_engineering"": 0, ""administration"": 49, ""data_science"": 0}",https://www.vagas.com.br/vagas/v2785123/programa-de-entry-level-ey-tecnologia-exclusivo-pcd
vagas_com,2833442,State Grid Brazil Holding,Analista de Sistemas Júnior,Rio de Janeiro / RJ,-22.90642,-43.18223,,,entry_level,"{""electrical_engineering"": 0, ""computer_science"": 49, ""mechanical_engineering"": 0, ""civil_engineering"": 0, ""production_engineering"": 0, ""administration"": 0, ""data_science"": 0}",https://www.vagas.com.br/vagas/v2833442/analista-de-sistemas-junior
vagas_com,2832570,Widi Care,Analista de Sistemas I (Protheus),Rio de Janeiro / RJ,-22.90642,-43.18223,,,,"{""electrical_engineering"": 9, ""computer_science"": 49, ""mechanical_engineering"": 0, ""civil_engineering"": 0, ""production_engineering"": 0, ""administration"": 0, ""data_science"": 0}",https://www.vagas.com.br/vagas/v2832570/analista-de-sistemas-i-protheus
vagas_com,2832718,Talent Group,11348 - Engenheiro de Dados (Ia),Rio de Janeiro / RJ,-22.90642,-43.18223,,,,"{""electrical_engineering"": 9, ""computer_science"": 49, ""mechanical_engineering"": 9, ""civil_engineering"": 0, ""production_engineering"": 0, ""administration"": 0, ""data_science"": 0}",https://www.vagas.com.br/vagas/v2832718/11348-engenheiro-de-dados-ia
vagas_com,2832024,Confidencial,Cientista de Dados Junior - Híbrido - Jundiaí Ou Mogi Guaçu SP,Jundiaí / SP,-23.18639,-46.88417,,,entry_level,"{""electrical_engineering"": 0, ""computer_science"": 49, ""mechanical_engineering"": 9, ""civil_engineering"": 0, ""production_engineering"": 0, ""administration"": 0, ""data_science"": 82}",https://www.vagas.com.br/vagas/v2832024/cientista-de-dados-junior-hibrido-jundiai-ou-mogi-guacu-sp
vagas_com,2830362,Central IT,Analista de redes júnior - DATASUS Rio de Janeiro,Brasília / DF,-15.77972,-47.92972,,,entry_level,"{""electrical_engineering"": 0, ""computer_science"": 49, ""mechanical_engineering"": 0, ""civil_engineering"": 0, ""production_engineering"": 0, ""administration"": 0, ""data_science"": 0}",https://www.vagas.com.br/vagas/v2830362/analista-de-redes-junior-datasus-rio-de-janeiro
vagas_com,2832150,Grupo Fleury,Analista de Sistemas | Suporte N1 Tasy,São Paulo / SP,-23.5475,-46.63611,,,,"{""electrical_engineering"": 0, ""computer_science"": 49, ""mechanical_engineering"": 0, ""civil_engineering"": 0, ""production_engineering"": 0, ""administration"": 0, ""data_science"": 0}",https://www.vagas.com.br/vagas/v2832150/analista-de-sistemas-suporte-n1-tasy
vagas_com,2830594,Desenvolvimento,Estagiário em Desenvolvimento de Software,Rio de Janeiro / RJ,-22.90642,-43.18223,Estágio,,internship,"{""electrical_engineering"": 0, ""computer_science"": 0, ""mechanical_engineering"": 0, ""civil_engineering"": 0, ""production_engineering"": 0, ""administration"": 0, ""data_science"": 0}",https://www.vagas.com.br/vagas/v2830594/estagiario-em-desenvolvimento-de-software
vagas_com,2831066,de Engenharia em TI,Estágio de Engenharia em TI,Curitiba / PR,-25.42778,-49.27306,Estágio,,internship,"{""electrical_engineering"": 0, ""computer_science"": 42, ""mechanical_engineering"": 0, ""civil_engineering"": 0, ""production_engineering"": 0, ""administration"": 9, ""data_science"": 12}",https://www.vagas.com.br/vagas/v2831066/estagio-de-engenharia-em-ti
vagas_com,2831010,em TI / Tecnologia - Cotação de Seguro,Estágio em TI / Tecnologia - Cotação de Seguro,São Paulo / SP,-23.5475,-46.63611,Estágio,,internship,"{""electrical_engineering"": 0, ""computer_science"": 56, ""mechanical_engineering"": 0, ""civil_engineering"": 0, ""production_engineering"": 0, ""administration"": 0, ""data_science"": 0}",https://www.vagas.com.br/vagas/v2831010/estagio-em-ti-tecnologia-cotacao-de-seguro
vagas_com,2829907,Engenharia,Estágio em Engenharia Mecânica,Manaus / AM,-3.10194,-60.025,Estágio,,internship,"{""electrical_engineering"": 9, ""computer_science"": 0, ""mechanical_engineering"": 82, ""civil_engineering"": 0, ""production_engineering"": 0, ""administration"": 0, ""data_science"": 0}",https://www.vagas.com.br/vagas/v2829907/estagio-em-engenharia-mecanica
vagas_com,2814711,Engenharia,Estagiário em Engenharia,São Paulo / SP,-23.5475,-46.63611,Estágio,,internship,"{""electrical_engineering"": 9, ""computer_science"": 0, ""mechanical_engineering"": 0, ""civil_engineering"": 0, ""production_engineering"": 0, ""administration"": 0, ""data_science"": 0}",https://www.vagas.com.br/vagas/v2814711/estagiario-em-engenharia
vagas_com,2832662,Engenharia,Estágio em Engenharia de Manufatura,Lavras / MG,-21.24528,-44.99972,Estágio,,internship,"{""electrical_engineering"": 9, ""computer_science"": 0, ""mechanical_engineering"": 66, ""civil_engineering"": 0, ""production_engineering"": 0, ""administration"": 0, ""data_science"": 0}",https://www.vagas.com.br/vagas/v2832662/estagio-em-engenharia-de-manufatura
vagas_com,2826517,Engenharia,Estágio em Engenharia de Produção,Itatiaia / RJ,-22.49611,-44.56333,Estágio,,internship,"{""electrical_engineering"": 0, ""computer_science"": 0, ""mechanical_engineering"": 0, ""civil_engineering"": 0, ""production_engineering"": 79, ""administration"": 0, ""data_science"": 0}",https://www.vagas.com.br/vagas/v2826517/estagio-em-engenharia-de-producao
vagas_com,2834180,(a),Estagiário (a) Engenharia de Produtos,São Bernardo do Campo / SP,-23.69389,-46.565,Estágio,,internship,"{""electrical_engineering"": 0, ""computer_science"": 0, ""mechanical_engineering"": 9, ""civil_engineering"": 0, ""production_engineering"": 0, ""administration"": 0, ""data_science"": 0}",https://www.vagas.com.br/vagas/v2834180/estagiario-a-engenharia-de-produtos
vagas_com,2834159,| Processos Industriais,Estágio | Processos Industriais,Bragança Paulista / SP,-22.9527,-46.54418,Estágio,,internship,"{""electrical_engineering"": 15, ""computer_science"": 0, ""mechanical_engineering"": 58, ""civil_engineering"": 0, ""production_engineering"": 49, ""administration"": 0, ""data_science"": 0}",https://www.vagas.com.br/vagas/v2834159/estagio-processos-industriais
vagas_com,2819259,Nível Superior - Qualidade,Estágio Nível Superior - Qualidade,São Paulo / SP,-23.5475,-46.63611,Estágio,,internship,"{""electrical_engineering"": 12, ""computer_science"": 0, ""mechanical_engineering"": 58, ""civil_engineering"": 0, ""production_engineering"": 66, ""administration"": 0, ""data_science"": 0}",https://www.vagas.com.br/vagas/v2819259/estagio-nivel-superior-qualidade
vagas_com,2827296,White Martins,Estagiário (a) de Logística - Vinhedo/SP,(a) de Logística - Vinhedo/SP,,,Estágio,,internship,"{""electrical_engineering"": 0, ""computer_science"": 0, ""mechanical_engineering"": 49, ""civil_engineering"": 0, ""production_engineering"": 71, ""administration"": 49, ""data_science"": 0}",https://www.vagas.com.br/vagas/v2827296/estagiario-a-de-logistica-vinhedo-sp
vagas_com,2833765,Engenharia,"Estágio em Engenharia Civil , Engenharia de Produção e Engenharia Mecânica - 85065",Programa Conhece... Rio de Janeiro / RJ,,,Estágio,,internship,"{""electrical_engineering"": 0, ""computer_science"": 0, ""mechanical_engineering"": 70, ""civil_engineering"": 79, ""production_engineering"": 70, ""administration"": 0, ""data_science"": 0}",https://www.vagas.com.br/vagas/v2833765/estagio-em-engenharia-civil-engenharia-de-producao-e-engenharia-mecanica-85065
vagas_com,2833845,de Conformidade Ahs,Engenheiro de Conformidade Ahs,Parauapebas / PA,-6.0675,-49.90222,,,,"{""electrical_engineering"": 0, ""computer_science"": 0, ""mechanical_engineering"": 58, ""civil_engineering"": 0, ""production_engineering"": 49, ""administration"": 0, ""data_science"": 0}",https://www.vagas.com.br/vagas/v2833845/engenheiro-de-conformidade-ahs
vagas_com,2833741,Planejamento Manutenção Pl,Engenheiro Planejamento Manutenção Pl,Campo Formoso / BA,-10.5075,-40.32139,,,,"{""electrical_engineering"": 12, ""computer_science"": 0, ""mechanical_engineering"": 71, ""civil_engineering"": 0, ""production_engineering"": 17, ""administration"": 0, ""data_science"": 0}",https://www.vagas.com.br/vagas/v2833741/engenheiro-planejamento-manutencao-pl
vagas_com,2834525,Grupo VPA,Analista de PCP Jr,Ribeirão das Neves / MG,-19.76694,-44.08667,,,,"{""electrical_engineering"": 9, ""computer_science"": 0, ""mechanical_engineering"": 0, ""civil_engineering"": 0, ""production_engineering"": 9, ""administration"": 0, ""data_science"": 0}",https://www.vagas.com.br/vagas/v2834525/analista-de-pcp-jr
vagas_com,2831001,Manutenção,Estágio em Manutenção,Rio Claro / SP,-22.41139,-47.56139,Estágio,,internship,"{""electrical_engineering"": 0, ""computer_science"": 0, ""mechanical_engineering"": 22, ""civil_engineering"": 0, ""production_engineering"": 0, ""administration"": 0, ""data_science"": 0}",https://www.vagas.com.br/vagas/v2831001/estagio-em-manutencao
vagas_com,2832773,em Engenharia de,Estágio em Engenharia de Manutenção Industrial,São Bernardo do Campo / SP,-23.69389,-46.565,Estágio,,internship,"{""electrical_engineering"": 0, ""computer_science"": 0, ""mechanical_engineering"": 22, ""civil_engineering"": 0, ""production_engineering"": 0, ""administration"": 0, ""data_science"": 0}",https://www.vagas.com.br/vagas/v2832773/estagio-em-engenharia-de-manutencao-industrial
vagas_com,2834181,em Eletrotécnica - 85080,Estágio em Eletrotécnica - 85080,Cabo Frio / RJ,-22.88717,-42.02622,Estágio,,internship,"{""electrical_engineering"": 0, ""computer_science"": 0, ""mechanical_engineering"": 12, ""civil_engineering"": 0, ""production_engineering"": 0, ""administration"": 0, ""data_science"": 0}",https://www.vagas.com.br/vagas/v2834181/estagio-em-eletrotecnica-85080
vagas_com,2834210,em Eletrônica - 84966,Estágio em Eletrônica - 84966,Rio de Janeiro / RJ,-22.90642,-43.18223,Estágio,,internship,"{""electrical_engineering"": 22, ""computer_science"": 0, ""mechanical_engineering"": 12, ""civil_engineering"": 0, ""production_engineering"": 0, ""administration"": 0, ""data_science"": 0}",https://www.vagas.com.br/vagas/v2834210/estagio-em-eletronica-84966
vagas_com,2831860,(a) de Compras,Estagiário (a) de Compras,Limeira / SP,-22.56472,-47.40167,Estágio,,internship,"{""electrical_engineering"": 0, ""computer_science"": 0, ""mechanical_engineering"": 9, ""civil_engineering"": 0, ""production_engineering"": 0, ""administration"": 17, ""data_science"": 0}",https://www.vagas.com.br/vagas/v2831860/estagiario-a-de-compras
vagas_com,2823982,(a) Financeiro(a),Estagiário (a) Financeiro(a),Sete Lagoas / MG,-19.46583,-44.24667,Estágio,,internship,"{""electrical_engineering"": 0, ""computer_science"": 0, ""mechanical_engineering"": 0, ""civil_engineering"": 0, ""production_engineering"": 0, ""administration"": 66, ""data_science"": 0}",https://www.vagas.com.br/vagas/v2823982/estagiario-a-financeiro-a
vagas_com,2834140,Engenharia,Estágio Engenharia,Esteio / RS,-29.86139,-51.17917,Estágio,,internship,"{""electrical_engineering"": 0, ""computer_science"": 0, ""mechanical_engineering"": 0, ""civil_engineering"": 0, ""production_engineering"": 0, ""administration"": 0, ""data_science"": 0}",https://www.vagas.com.br/vagas/v2834140/estagio-engenharia
vagas_com,2829907,em Engenharia Mecânica,Estágio em Engenharia Mecânica,Manaus / AM,-3.10194,-60.025,Estágio,,internship,"{""electrical_engineering"": 0, ""computer_science"": 0, ""mechanical_engineering"": 85, ""civil_engineering"": 0, ""production_engineering"": 0, ""administration"": 0, ""data_science"": 0}",https://www.vagas.com.br/vagas/v2829907/estagio-em-engenharia-mecanica
vagas_com,2826517,em Engenharia de Produção,Estágio em Engenharia de Produção,Itatiaia / RJ,-22.49611,-44.56333,Estágio,,internship,"{""electrical_engineering"": 0, ""computer_science"": 0, ""mechanical_engineering"": 15, ""civil_engineering"": 0, ""production_engineering"": 70, ""administration"": 0, ""data_science"": 0}",https://www.vagas.com.br/vagas/v2826517/estagio-em-engenharia-de-producao
vagas_com,2834376,- Núcleo de Contratos,Estágio - Núcleo de Contratos,Candeias / BA,-12.66778,-38.55056,Estágio,,internship,"{""electrical_engineering"": 9, ""computer_science"": 0, ""mechanical_engineering"": 12, ""civil_engineering"": 0, ""production_engineering"": 0, ""administration"": 0, ""data_science"": 0}",https://www.vagas.com.br/vagas/v2834376/estagio-nucleo-de-contratos
vagas_com,2828653,em Segurança de Trabalho,Estágio em Segurança de Trabalho,Manaus / AM,-3.10194,-60.025,Estágio,,internship,"{""electrical_engineering"": 0, ""computer_science"": 0, ""mechanical_engineering"": 15, ""civil_engineering"": 0, ""production_engineering"": 0, ""administration"": 0, ""data_science"": 0}",https://www.vagas.com.br/vagas/v2828653/estagio-em-seguranca-de-trabalho
vagas_com,2832683,Benefício Farmácia,Estágio Benefício Farmácia,Betim / MG,-19.96778,-44.19833,Estágio,,internship,"{""electrical_engineering"": 0, ""computer_science"": 0, ""mechanical_engineering"": 15, ""civil_engineering"": 0, ""production_engineering"": 0, ""administration"": 0, ""data_science"": 0}",https://www.vagas.com.br/vagas/v2832683/estagio-beneficio-farmacia
vagas_com,2833252,em Segurança Patrimonial,Estágio em Segurança Patrimonial,São Bernardo do Campo / SP,-23.69389,-46.565,Estágio,,internship,"{""electrical_engineering"": 12, ""computer_science"": 0, ""mechanical_engineering"": 12, ""civil_engineering"": 0, ""production_engineering"": 0, ""administration"": 49, ""data_science"": 0}",https://www.vagas.com.br/vagas/v2833252/estagio-em-seguranca-patrimonial
vagas_com,2824147,de Nível Superior,Estágio de Nível Superior,Rio de Janeiro / RJ,-22.90642,-43.18223,Estágio,,internship,"{""electrical_engineering"": 9, ""computer_science"": 0, ""mechanical_engineering"": 0, ""civil_engineering"": 0, ""production_engineering"": 9, ""administration"": 0, ""data_science"": 0}",https://www.vagas.com.br/vagas/v2824147/estagio-de-nivel-superior
vagas_com,2830594,em Desenvolvimento de Software,Estagiário em Desenvolvimento de Software,Rio de Janeiro / RJ,-22.90642,-43.18223,Estágio,,internship,"{""electrical_engineering"": 0, ""computer_science"": 0, ""mechanical_engineering"": 12, ""civil_engineering"": 0, ""production_engineering"": 0, ""administration"": 0, ""data_science"": 0}",https://www.vagas.com.br/vagas/v2830594/estagiario-em-desenvolvimento-de-software
vagas_com,2825298,Nível Técnico Elétrica,Estágio Nível Técnico Elétrica,Rio de Janeiro / RJ,-22.90642,-43.18223,Estágio,,internship,"{""electrical_engineering"": 0, ""computer_science"": 0, ""mechanical_engineering"": 12, ""civil_engineering"": 0, ""production_engineering"": 0, ""administration"": 0, ""data_science"": 0}",https://www.vagas.com.br/vagas/v2825298/estagio-nivel-tecnico-eletrica
vagas_com,2832903,em Logistica Interna (Inbound),Estágio em Logistica Interna (Inbound),São Bernardo do Campo / SP,-23.69389,-46.565,Estágio,,internship,"{""electrical_engineering"": 12, ""computer_science"": 0, ""mechanical_engineering"": 15, ""civil_engineering"": 9, ""production_engineering"": 22, ""administration"": 0, ""data_science"": 0}",https://www.vagas.com.br/vagas/v2832903/estagio-em-logistica-interna-inbound
vagas_com,2825294,Nível Técnico Mecânica,Estágio Nível Técnico Mecânica,Rio de Janeiro / RJ,-22.90642,-43.18223,Estágio,,internship,"{""electrical_engineering"": 0, ""computer_science"": 0, ""mechanical_engineering"": 12, ""civil_engineering"": 0, ""production_engineering"": 0, ""administration"": 0, ""data_science"": 0}",https://www.vagas.com.br/vagas/v2825294/estagio-nivel-tecnico-mecanica
vagas_com,2831734,de Projetos de Telecomunicações (PMO),Estagiário de Projetos de Telecomunicações (PMO),Belo Horizonte / MG,-19.92083,-43.93778,Estágio,,internship,"{""electrical_engineering"": 17, ""computer_science"": 9, ""mechanical_engineering"": 12, ""civil_engineering"": 0, ""production_engineering"": 0, ""administration"": 0, ""data_science"": 9}",https://www.vagas.com.br/vagas/v2831734/estagiario-de-projetos-de-telecomunicacoes-pmo
vagas_com,2833793,(a) - Aprendizagem (Vila Mariana),Estagiário (a) - Aprendizagem (Vila Mariana),São Paulo / SP,-23.5475,-46.63611,Estágio,,internship; apprentice,"{""electrical_engineering"": 0, ""computer_science"": 0, ""mechanical_engineering"": 12, ""civil_engineering"": 0, ""production_engineering"": 0, ""administration"": 0, ""data_science"": 0}",https://www.vagas.com.br/vagas/v2833793/estagiario-a-aprendizagem-vila-mariana
vagas_com,2831433,Estagiário,Marelli | Estagiário Garantia/Assistência Técnica,Mauá / SP,-23.66778,-46.46139,Estágio,,internship,"{""electrical_engineering"": 0, ""computer_science"": 0, ""mechanical_engineering"": 9, ""civil_engineering"": 9, ""production_engineering"": 0, ""administration"": 0, ""data_science"": 0}",https://www.vagas.com.br/vagas/v2831433/marelli-estagiario-garantia-assistencia-tecnica
vagas_com,2833924,Estagiária,Pessoa Estagiária para Ação Educativa,São Paulo / SP,-23.5475,-46.63611,Estágio,,internship,"{""electrical_engineering"": 0, ""computer_science"": 0, ""mechanical_engineering"": 15, ""civil_engineering"": 0, ""production_engineering"": 0, ""administration"": 0, ""data_science"": 0}",https://www.vagas.com.br/vagas/v2833924/pessoa-estagiaria-para-acao-educativa
vagas_com,2832902,em Logistica Interna (Central de Recebimento),Estágio em Logistica Interna (Central de Recebimento),São Bernardo do Campo / SP,-23.69389,-46.565,Estágio,,internship,"{""electrical_engineering"": 0, ""computer_science"": 0, ""mechanical_engineering"": 12, ""civil_engineering"": 17, ""production_engineering"": 22, ""administration"": 0, ""data_science"": 0}",https://www.vagas.com.br/vagas/v2832902/estagio-em-logistica-interna-central-de-recebimento
vagas_com,2830259,em Recursos Humanos (HR Business Partner),Estágio em Recursos Humanos (HR Business Partner),São Bernardo do Campo / SP,-23.69389,-46.565,Estágio,,internship,"{""electrical_engineering"": 0, ""computer_science"": 0, ""mechanical_engineering"": 12, ""civil_engineering"": 0, ""production_engineering"": 0, ""administration"": 87, ""data_science"": 0}",https://www.vagas.com.br/vagas/v2830259/estagio-em-recursos-humanos-hr-business-partner
vagas_com,2832993,Confidencial,Tecnico de Impressoras,Colombo / PR,6.93548,79.84868,Estágio,,internship,"{""electrical_engineering"": 0, ""computer_science"": 0, ""mechanical_engineering"": 12, ""civil_engineering"": 0, ""production_engineering"": 0, ""administration"": 0, ""data_science"": 0}",https://www.vagas.com.br/vagas/v2832993/tecnico-de-impressoras
vagas_com,2831556,Fette Compacting,Menor Aprendiz em Assistência Técnica - Serviços.,Campinas / SP,-22.90556,-47.06083,Estágio,,internship; apprentice,"{""electrical_engineering"": 0, ""computer_science"": 0, ""mechanical_engineering"": 12, ""civil_engineering"": 0, ""production_engineering"": 0, ""administration"": 0, ""data_science"": 0}",https://www.vagas.com.br/vagas/v2831556/menor-aprendiz-em-assistencia-tecnica-servicos
vagas_com,2830091,Cummins,Jovem Aprendiz - Campo Grande,Campo Grande / MS,-20.44278,-54.64639,Estágio,,internship; apprentice,"{""electrical_engineering"": 0, ""computer_science"": 0, ""mechanical_engineering"": 12, ""civil_engineering"": 0, ""production_engineering"": 0, ""administration"": 0, ""data_science"": 0}",https://www.vagas.com.br/vagas/v2830091/jovem-aprendiz-campo-grande
vagas_com,2830448,(a),Estagiário (a) Engenharia Civil,São Paulo / SP,-23.5475,-46.63611,Estágio,,internship,"{""electrical_engineering"": 0, ""computer_science"": 0, ""mechanical_engineering"": 0, ""civil_engineering"": 82, ""production_engineering"": 0, ""administration"": 0, ""data_science"": 0}",https://www.vagas.com.br/vagas/v2830448/estagiario-a-engenharia-civil
vagas_com,2830446,(a),Estagiário (a) Engenharia Civil,Campinas / SP,-22.90556,-47.06083,Estágio,,internship,"{""electrical_engineering"": 0, ""computer_science"": 0, ""mechanical_engineering"": 0, ""civil_engineering"": 82, ""production_engineering"": 0, ""administration"": 0, ""data_science"": 0}",https://www.vagas.com.br/vagas/v2830446/estagiario-a-engenharia-civil
vagas_com,2830367,(a),Estagiário (a) Engenharia Civil,Brasília / DF,-15.77972,-47.92972,Estágio,,internship,"{""electrical_engineering"": 0, ""computer_science"": 0, ""mechanical_engineering"": 0, ""civil_engineering"": 82, ""production_engineering"": 0, ""administration"": 0, ""data_science"": 0}",https://www.vagas.com.br/vagas/v2830367/estagiario-a-engenharia-civil
vagas_com,2827637,Engenharia,Estágio em Engenharia Civil,Duque de Caxias / RJ,-22.78556,-43.31167,Estágio,,internship,"{""electrical_engineering"": 0, ""computer_science"": 0, ""mechanical_engineering"": 0, ""civil_engineering"": 82, ""production_engineering"": 0, ""administration"": 0, ""data_science"": 0}",https://www.vagas.com.br/vagas/v2827637/estagio-em-engenharia-civil
vagas_com,2828342,Engenharia,Estágio Engenharia Civil - Área Planejamento,Curitiba / PR,-25.42778,-49.27306,Estágio,,internship,"{""electrical_engineering"": 9, ""computer_science"": 0, ""mechanical_engineering"": 0, ""civil_engineering"": 79, ""production_engineering"": 17, ""administration"": 0, ""data_science"": 0}",https://www.vagas.com.br/vagas/v2828342/estagio-engenharia-civil-area-planejamento
vagas_com,2816546,Engenharia,Estágio em Engenharia Civil (m/F) Indaiatuba/SP,(m/F) Indaiatuba/SP,45.46427,9.18951,Estágio,,internship,"{""electrical_engineering"": 9, ""computer_science"": 0, ""mechanical_engineering"": 0, ""civil_engineering"": 70, ""production_engineering"": 0, ""administration"": 0, ""data_science"": 0}",https://www.vagas.com.br/vagas/v2816546/estagio-em-engenharia-civil-m-f-indaiatuba-sp
vagas_com,2827301,(a) de,Estagiário (a) de Engenharia Civil - Barra da Tijuca/RJ,- Barra da Tijuca/RJ,-22.99835,-43.36545,Estágio,,internship,"{""electrical_engineering"": 0, ""computer_science"": 0, ""mechanical_engineering"": 0, ""civil_engineering"": 70, ""production_engineering"": 0, ""administration"": 0, ""data_science"": 0}",https://www.vagas.com.br/vagas/v2827301/estagiario-a-de-engenharia-civil-barra-da-tijuca-rj
vagas_com,2830991,Engenharia,Estágio Engenharia Civil | 4h Período Manhã - Obras Rodoviárias,Curitiba / PR,-25.42778,-49.27306,Estágio,,internship,"{""electrical_engineering"": 9, ""computer_science"": 0, ""mechanical_engineering"": 9, ""civil_engineering"": 79, ""production_engineering"": 9, ""administration"": 0, ""data_science"": 0}",https://www.vagas.com.br/vagas/v2830991/estagio-engenharia-civil-4h-periodo-manha-obras-rodoviarias
vagas_com,2831644,(a) Núcleo de Drenagem.,Estagiário (a) Núcleo de Drenagem.,Barueri / SP,-23.51056,-46.87611,Estágio,,internship,"{""electrical_engineering"": 0, ""computer_science"": 0, ""mechanical_engineering"": 9, ""civil_engineering"": 51, ""production_engineering"": 0, ""administration"": 0, ""data_science"": 0}",https://www.vagas.com.br/vagas/v2831644/estagiario-a-nucleo-de-drenagem
vagas_com,2829018,(a) de Obras Lineares,Estagiário (a) de Obras Lineares,Barueri / SP,-23.51056,-46.87611,Estágio,,internship,"{""electrical_engineering"": 15, ""computer_science"": 0, ""mechanical_engineering"": 9, ""civil_engineering"": 51, ""production_engineering"": 0, ""administration"": 0, ""data_science"": 0}",https://www.vagas.com.br/vagas/v2829018/estagiario-a-de-obras-lineares
vagas_com,2833253,Engenharia,Assistente de Engenharia,Belo Horizonte / MG,-19.92083,-43.93778,,,,"{""electrical_engineering"": 0, ""computer_science"": 0, ""mechanical_engineering"": 9, ""civil_engineering"": 42, ""production_engineering"": 0, ""administration"": 0, ""data_science"": 0}",https://www.vagas.com.br/vagas/v2833253/assistente-de-engenharia
vagas_com,2829390,Engenharia,Assistente de Engenharia (Assistência Técnica de Obra),São Paulo / SP,-23.5475,-46.63611,,,,"{""electrical_engineering"": 0, ""computer_science"": 0, ""mechanical_engineering"": 9, ""civil_engineering"": 42, ""production_engineering"": 0, ""administration"": 0, ""data_science"": 0}",https://www.vagas.com.br/vagas/v2829390/assistente-de-engenharia-assistencia-tecnica-de-obra
vagas_com,2825733,Pacaembu Construtora,Analista de Orçamentos Júnior,São Paulo / SP,-23.5475,-46.63611,,,entry_level,"{""electrical_engineering"": 9, ""computer_science"": 0, ""mechanical_engineering"": 9, ""civil_engineering"": 64, ""production_engineering"": 0, ""administration"": 0, ""data_science"": 0}",https://www.vagas.com.br/vagas/v2825733/analista-de-orcamentos-junior
vagas_com,2832524,Pacaembu Construtora,Analista de Viabilidade e Estudos Econômico-Financeiros Júnior,São Paulo / SP,-23.5475,-46.63611,,,entry_level,"{""electrical_engineering"": 0, ""computer_science"": 0, ""mechanical_engineering"": 9, ""civil_engineering"": 42, ""production_engineering"": 12, ""administration"": 17, ""data_science"": 0}",https://www.vagas.com.br/vagas/v2832524/analista-de-viabilidade-e-estudos-economico-financeiros-junior
vagas_com,2834457,Construção,Estágio em Construção e Montagem,Paulínia / SP,-22.76111,-47.15417,Estágio,,internship,"{""electrical_engineering"": 0, ""computer_science"": 0, ""mechanical_engineering"": 0, ""civil_engineering"": 22, ""production_engineering"": 9, ""administration"": 0, ""data_science"": 0}",https://www.vagas.com.br/vagas/v2834457/estagio-em-construcao-e-montagem
vagas_com,2827637,em Engenharia,Estágio em Engenharia Civil,Duque de Caxias / RJ,-22.78556,-43.31167,Estágio,,internship,"{""electrical_engineering"": 0, ""computer_science"": 0, ""mechanical_engineering"": 0, ""civil_engineering"": 82, ""production_engineering"": 0, ""administration"": 0, ""data_science"": 0}",https://www.vagas.com.br/vagas/v2827637/estagio-em-engenharia-civil
vagas_com,2830448,(a) Engenharia,Estagiário (a) Engenharia Civil,São Paulo / SP,-23.5475,-46.63611,Estágio,,internship,"{""electrical_engineering"": 0, ""computer_science"": 0, ""mechanical_engineering"": 0, ""civil_engineering"": 82, ""production_engineering"": 0, ""administration"": 0, ""data_science"": 0}",https://www.vagas.com.br/vagas/v2830448/estagiario-a-engenharia-civil
vagas_com,2830446,(a) Engenharia,Estagiário (a) Engenharia Civil,Campinas / SP,-22.90556,-47.06083,Estágio,,internship,"{""electrical_engineering"": 0, ""computer_science"": 0, ""mechanical_engineering"": 0, ""civil_engineering"": 82, ""production_engineering"": 0, ""administration"": 0, ""data_science"": 0}",https://www.vagas.com.br/vagas/v2830446/estagiario-a-engenharia-civil
vagas_com,2830367,(a) Engenharia,Estagiário (a) Engenharia Civil,Brasília / DF,-15.77972,-47.92972,Estágio,,internship,"{""electrical_engineering"": 0, ""computer_science"": 0, ""mechanical_engineering"": 0, ""civil_engineering"": 82, ""production_engineering"": 0, ""administration"": 0, ""data_science"": 0}",https://www.vagas.com.br/vagas/v2830367/estagiario-a-engenharia-civil
vagas_com,2832858,Pacaembu Construtora,Analista de Comunicação Interna Pleno,São Paulo / SP,-23.5475,-46.63611,Estágio,,internship,"{""electrical_engineering"": 0, ""computer_science"": 0, ""mechanical_engineering"": 9, ""civil_engineering"": 12, ""production_engineering"": 0, ""administration"": 0, ""data_science"": 0}",https://www.vagas.com.br/vagas/v2832858/analista-de-comunicacao-interna-pleno
vagas_com,2833765,Engenharia,"Estágio em Engenharia Civil, Engenharia de Produção e Engenharia Mecânica - 85065",Auxiliar Rio de Janeiro / RJ,,,Estágio,,internship,"{""electrical_engineering"": 0, ""computer_science"": 0, ""mechanical_engineering"": 70, ""civil_engineering"": 79, ""production_engineering"": 70, ""administration"": 0, ""data_science"": 0}",https://www.vagas.com.br/vagas/v2833765/estagio-em-engenharia-civil-engenharia-de-producao-e-engenharia-mecanica-85065
vagas_com,2832557,em Administração Ou,Estágio em Administração Ou Engenharia de Produção - Pier Mauá,Rio de Janeiro / RJ,-22.90642,-43.18223,Estágio,,internship,"{""electrical_engineering"": 0, ""computer_science"": 0, ""mechanical_engineering"": 0, ""civil_engineering"": 0, ""production_engineering"": 70, ""administration"": 70, ""data_science"": 0}",https://www.vagas.com.br/vagas/v2832557/estagio-em-administracao-ou-engenharia-de-producao-pier-maua
vagas_com,2833619,2026 - Gestão da,Programa de Estágio 2026 - Gestão da Produção /Automação - Engenharia - Farmácia - Biomedicina,Vespasiano / MG,-19.69194,-43.92333,Estágio,,internship,"{""electrical_engineering"": 22, ""computer_science"": 0, ""mechanical_engineering"": 0, ""civil_engineering"": 0, ""production_engineering"": 0, ""administration"": 0, ""data_science"": 0}",https://www.vagas.com.br/vagas/v2833619/programa-de-estagio-2026-gestao-da-producao-automacao-engenharia-farmacia-biomedicina
vagas_com,2832341,Logística,Estágio em Logística,São Paulo / SP,-23.5475,-46.63611,Estágio,,internship,"{""electrical_engineering"": 0, ""computer_science"": 0, ""mechanical_engineering"": 0, ""civil_engineering"": 9, ""production_engineering"": 71, ""administration"": 49, ""data_science"": 0}",https://www.vagas.com.br/vagas/v2832341/estagio-em-logistica
vagas_com,2830095,Logística,Estagiário em Logística,Ribeirão das Neves / MG,-19.76694,-44.08667,Estágio,,internship,"{""electrical_engineering"": 9, ""computer_science"": 0, ""mechanical_engineering"": 0, ""civil_engineering"": 0, ""production_engineering"": 71, ""administration"": 49, ""data_science"": 0}",https://www.vagas.com.br/vagas/v2830095/estagiario-em-logistica
vagas_com,2831547,Logística,Estagiário em Logística,Serra / ES,-20.12861,-40.30778,Estágio,,internship,"{""electrical_engineering"": 9, ""computer_science"": 0, ""mechanical_engineering"": 0, ""civil_engineering"": 0, ""production_engineering"": 71, ""administration"": 49, ""data_science"": 0}",https://www.vagas.com.br/vagas/v2831547/estagiario-em-logistica
vagas_com,2833716,em Planejamento de,Estágio em Planejamento de Produção,São Paulo / SP,-23.5475,-46.63611,Estágio,,internship,"{""electrical_engineering"": 9, ""computer_science"": 0, ""mechanical_engineering"": 0, ""civil_engineering"": 9, ""production_engineering"": 17, ""administration"": 0, ""data_science"": 0}",https://www.vagas.com.br/vagas/v2833716/estagio-em-planejamento-de-producao
vagas_com,2827296,(a) de,Estagiário (a) de Logística - Vinhedo/SP,- Vinhedo/SP,-23.02972,-46.97528,Estágio,,internship,"{""electrical_engineering"": 0, ""computer_science"": 0, ""mechanical_engineering"": 49, ""civil_engineering"": 0, ""production_engineering"": 71, ""administration"": 49, ""data_science"": 0}",https://www.vagas.com.br/vagas/v2827296/estagiario-a-de-logistica-vinhedo-sp
vagas_com,2823981,(a) de Compras,Estagiário (a) de Compras,presencialmente em Sete Lagoas/MG;Interesse em desenvolver,,,Estágio,,internship,"{""electrical_engineering"": 9, ""computer_science"": 0, ""mechanical_engineering"": 0, ""civil_engineering"": 0, ""production_engineering"": 61, ""administration"": 66, ""data_science"": 0}",https://www.vagas.com.br/vagas/v2823981/estagiario-a-de-compras
vagas_com,2832234,Produção,Analista de Produção Eletrônica,Belo Horizonte / MG,-19.92083,-43.93778,,,,"{""electrical_engineering"": 22, ""computer_science"": 0, ""mechanical_engineering"": 9, ""civil_engineering"": 0, ""production_engineering"": 0, ""administration"": 0, ""data_science"": 0}",https://www.vagas.com.br/vagas/v2832234/analista-de-producao-eletronica
vagas_com,2832208,- Barão de Cocais,Estagiário - Barão de Cocais,Barão de Cocais / MG,-19.94583,-43.48722,Estágio,,internship,"{""electrical_engineering"": 12, ""computer_science"": 0, ""mechanical_engineering"": 9, ""civil_engineering"": 0, ""production_engineering"": 9, ""administration"": 0, ""data_science"": 0}",https://www.vagas.com.br/vagas/v2832208/estagiario-barao-de-cocais
vagas_com,2834018,(a) Planejamento S&op,Estagiário (a) Planejamento S&op,São Paulo / SP,-23.5475,-46.63611,Estágio,,internship,"{""electrical_engineering"": 0, ""computer_science"": 0, ""mechanical_engineering"": 0, ""civil_engineering"": 0, ""production_engineering"": 66, ""administration"": 49, ""data_science"": 0}",https://www.vagas.com.br/vagas/v2834018/estagiario-a-planejamento-s-op
vagas_com,2834218,(a) Superior - Melhoria Contínua,Estagiário (a) Superior - Melhoria Contínua,Frutal / MG,-20.02472,-48.94056,Estágio,,internship,"{""electrical_engineering"": 9, ""computer_science"": 0, ""mechanical_engineering"": 0, ""civil_engineering"": 0, ""production_engineering"": 71, ""administration"": 0, ""data_science"": 0}",https://www.vagas.com.br/vagas/v2834218/estagiario-a-superior-melhoria-continua
vagas_com,2831320,em Fragrancias | Reckitt Industrial,Estágio em Fragrancias | Reckitt Industrial,São Paulo / SP,-23.5475,-46.63611,Estágio,,internship,"{""electrical_engineering"": 0, ""computer_science"": 0, ""mechanical_engineering"": 0, ""civil_engineering"": 0, ""production_engineering"": 49, ""administration"": 0, ""data_science"": 0}",https://www.vagas.com.br/vagas/v2831320/estagio-em-fragrancias-reckitt-industrial
vagas_com,2818493,2026.2 - Águas de Paraty,Programa de Estágio 2026.2 - Águas de Paraty,enharia de Segurança do Trabalho Engenharia Químic... Parati / RJ,,,Estágio,,internship,"{""electrical_engineering"": 0, ""computer_science"": 0, ""mechanical_engineering"": 0, ""civil_engineering"": 0, ""production_engineering"": 49, ""administration"": 49, ""data_science"": 0}",https://www.vagas.com.br/vagas/v2818493/programa-de-estagio-2026-2-aguas-de-paraty
vagas_com,2830797,RH Aperam Timóteo,Estagiário RH Aperam Timóteo,Timóteo / MG,-19.58106,-42.64953,Estágio,,internship; research,"{""electrical_engineering"": 0, ""computer_science"": 0, ""mechanical_engineering"": 9, ""civil_engineering"": 0, ""production_engineering"": 49, ""administration"": 49, ""data_science"": 0}",https://www.vagas.com.br/vagas/v2830797/estagiario-rh-aperam-timoteo
vagas_com,2832697,"Aperam em Controladoria, Projetos e Gestão Financeira","Estágio Aperam em Controladoria, Projetos e Gestão Financeira",Timóteo / MG,-19.58106,-42.64953,Estágio,,internship,"{""electrical_engineering"": 9, ""computer_science"": 0, ""mechanical_engineering"": 12, ""civil_engineering"": 0, ""production_engineering"": 49, ""administration"": 66, ""data_science"": 0}",https://www.vagas.com.br/vagas/v2832697/estagio-aperam-em-controladoria-projetos-e-gestao-financeira
vagas_com,2831866,Soulan Recursos Humanos,Assistente Comercial,São Paulo / SP,-23.5475,-46.63611,Estágio,,internship,"{""electrical_engineering"": 0, ""computer_science"": 0, ""mechanical_engineering"": 9, ""civil_engineering"": 0, ""production_engineering"": 49, ""administration"": 66, ""data_science"": 0}",https://www.vagas.com.br/vagas/v2831866/assistente-comercial
vagas_com,2833764,(a) de Minas Júnior,Engenheiro (a) de Minas Júnior,Belo Horizonte / MG,-19.92083,-43.93778,,,entry_level,"{""electrical_engineering"": 0, ""computer_science"": 0, ""mechanical_engineering"": 9, ""civil_engineering"": 0, ""production_engineering"": 9, ""administration"": 0, ""data_science"": 0}",https://www.vagas.com.br/vagas/v2833764/engenheiro-a-de-minas-junior
vagas_com,2823521,Produção,Analista de Produção - Aeroporto de Campo de Marte (SP),São Paulo / SP,-23.5475,-46.63611,,,,"{""electrical_engineering"": 0, ""computer_science"": 0, ""mechanical_engineering"": 0, ""civil_engineering"": 0, ""production_engineering"": 0, ""administration"": 0, ""data_science"": 0}",https://www.vagas.com.br/vagas/v2823521/analista-de-producao-aeroporto-de-campo-de-marte-sp
vagas_com,2831428,CODEME,Analista de Planejamento e Suprimentos,Nova Lima / MG,-19.98556,-43.84667,,,,"{""electrical_engineering"": 12, ""computer_science"": 0, ""mechanical_engineering"": 0, ""civil_engineering"": 0, ""production_engineering"": 17, ""administration"": 12, ""data_science"": 0}",https://www.vagas.com.br/vagas/v2831428/analista-de-planejamento-e-suprimentos
vagas_com,2826342,MBRF,Assistente de Controle de Qualidade - Noturno,Várzea Grande / MT,-15.64667,-56.1325,,,,"{""electrical_engineering"": 17, ""computer_science"": 0, ""mechanical_engineering"": 0, ""civil_engineering"": 0, ""production_engineering"": 66, ""administration"": 0, ""data_science"": 0}",https://www.vagas.com.br/vagas/v2826342/assistente-de-controle-de-qualidade-noturno
vagas_com,2834314,Bom Futuro,Analista Administrativo de Sementes,Cuiabá / MT,-15.59611,-56.09667,,,,"{""electrical_engineering"": 12, ""computer_science"": 0, ""mechanical_engineering"": 0, ""civil_engineering"": 0, ""production_engineering"": 58, ""administration"": 49, ""data_science"": 0}",https://www.vagas.com.br/vagas/v2834314/analista-administrativo-de-sementes
vagas_com,2832088,helloo,Pessoa Executiva de Vendas Multiplataforma,Belo Horizonte / MG,-19.92083,-43.93778,,,,"{""electrical_engineering"": 0, ""computer_science"": 0, ""mechanical_engineering"": 9, ""civil_engineering"": 0, ""production_engineering"": 49, ""administration"": 66, ""data_science"": 0}",https://www.vagas.com.br/vagas/v2832088/pessoa-executiva-de-vendas-multiplataforma
vagas_com,2832427,HStern,Analista Financeiro Junior - Rio de Janeiro,Rio de Janeiro / RJ,-22.90642,-43.18223,,,entry_level,"{""electrical_engineering"": 0, ""computer_science"": 0, ""mechanical_engineering"": 0, ""civil_engineering"": 0, ""production_engineering"": 49, ""administration"": 66, ""data_science"": 0}",https://www.vagas.com.br/vagas/v2832427/analista-financeiro-junior-rio-de-janeiro
vagas_com,2831016,Fundação Getulio Vargas,Analista de Negócios Corporativos Jr,Rio de Janeiro / RJ,-22.90642,-43.18223,,,,"{""electrical_engineering"": 0, ""computer_science"": 0, ""mechanical_engineering"": 0, ""civil_engineering"": 0, ""production_engineering"": 49, ""administration"": 49, ""data_science"": 0}",https://www.vagas.com.br/vagas/v2831016/analista-de-negocios-corporativos-jr
vagas_com,2821263,Rio Mais Saneamento,Pessoa Analista de Suprimentos | Exclusiva para Pcd,Rio de Janeiro / RJ,-22.90642,-43.18223,,,,"{""electrical_engineering"": 0, ""computer_science"": 0, ""mechanical_engineering"": 9, ""civil_engineering"": 0, ""production_engineering"": 49, ""administration"": 49, ""data_science"": 0}",https://www.vagas.com.br/vagas/v2821263/pessoa-analista-de-suprimentos-exclusiva-para-pcd
vagas_com,2832226,Tate & Lyle,Analista de Sustentabilidade Jr,Limeira / SP,-22.56472,-47.40167,,,,"{""electrical_engineering"": 9, ""computer_science"": 0, ""mechanical_engineering"": 0, ""civil_engineering"": 0, ""production_engineering"": 0, ""administration"": 9, ""data_science"": 0}",https://www.vagas.com.br/vagas/v2832226/analista-de-sustentabilidade-jr
vagas_com,2820114,Marjan Farma,Analista de Efetividade da Força de Vendas Jr,São Paulo / SP,-23.5475,-46.63611,,,,"{""electrical_engineering"": 0, ""computer_science"": 0, ""mechanical_engineering"": 0, ""civil_engineering"": 0, ""production_engineering"": 49, ""administration"": 66, ""data_science"": 0}",https://www.vagas.com.br/vagas/v2820114/analista-de-efetividade-da-forca-de-vendas-jr
vagas_com,2831661,GWM,Analista Jr. de Recursos Humanos | Recursos Humanos,Iracemápolis / SP,-22.58056,-47.51861,,,,"{""electrical_engineering"": 0, ""computer_science"": 0, ""mechanical_engineering"": 9, ""civil_engineering"": 0, ""production_engineering"": 49, ""administration"": 66, ""data_science"": 0}",https://www.vagas.com.br/vagas/v2831661/analista-jr-de-recursos-humanos-recursos-humanos
vagas_com,2826883,Mineração Taboca S/A,Analista Operacional,Presidente Figueiredo / AM,-2.03444,-60.025,,,,"{""electrical_engineering"": 12, ""computer_science"": 0, ""mechanical_engineering"": 0, ""civil_engineering"": 0, ""production_engineering"": 9, ""administration"": 0, ""data_science"": 0}",https://www.vagas.com.br/vagas/v2826883/analista-operacional
vagas_com,2834159,Processos,Estágio | Processos Industriais,Bragança Paulista / SP,-22.9527,-46.54418,Estágio,,internship,"{""electrical_engineering"": 0, ""computer_science"": 0, ""mechanical_engineering"": 0, ""civil_engineering"": 0, ""production_engineering"": 0, ""administration"": 0, ""data_science"": 0}",https://www.vagas.com.br/vagas/v2834159/estagio-processos-industriais
vagas_com,2823981,(a) de Compras,Estagiário (a) de Compras,Sete Lagoas / MG,-19.46583,-44.24667,Estágio,,internship,"{""electrical_engineering"": 0, ""computer_science"": 0, ""mechanical_engineering"": 9, ""civil_engineering"": 0, ""production_engineering"": 9, ""administration"": 17, ""data_science"": 0}",https://www.vagas.com.br/vagas/v2823981/estagiario-a-de-compras
vagas_com,2833290,em Administração,Estágio em Administração,São Bernardo do Campo / SP,-23.69389,-46.565,Estágio,,internship,"{""electrical_engineering"": 0, ""computer_science"": 0, ""mechanical_engineering"": 0, ""civil_engineering"": 0, ""production_engineering"": 15, ""administration"": 70, ""data_science"": 12}",https://www.vagas.com.br/vagas/v2833290/estagio-em-administracao
vagas_com,2834416,Jurídico,Estagiário Jurídico,Rio de Janeiro / RJ,-22.90642,-43.18223,Estágio,,internship,"{""electrical_engineering"": 0, ""computer_science"": 0, ""mechanical_engineering"": 0, ""civil_engineering"": 0, ""production_engineering"": 0, ""administration"": 0, ""data_science"": 0}",https://www.vagas.com.br/vagas/v2834416/estagiario-juridico
vagas_com,2833713,de TI,Estagiário de TI,São Paulo / SP,-23.5475,-46.63611,Estágio,,internship,"{""electrical_engineering"": 0, ""computer_science"": 0, ""mechanical_engineering"": 0, ""civil_engineering"": 0, ""production_engineering"": 0, ""administration"": 0, ""data_science"": 0}",https://www.vagas.com.br/vagas/v2833713/estagiario-de-ti
vagas_com,2828052,(a) de Compras,Estagiário (a) de Compras,São Bernardo do Campo / SP,-23.69389,-46.565,Estágio,,internship,"{""electrical_engineering"": 0, ""computer_science"": 0, ""mechanical_engineering"": 0, ""civil_engineering"": 0, ""production_engineering"": 0, ""administration"": 66, ""data_science"": 0}",https://www.vagas.com.br/vagas/v2828052/estagiario-a-de-compras
vagas_com,2783038,B3 - 2026,Programa de Estágio B3 - 2026,em São Paulo - SP e/ou Santana de Parnaíba-SP (Engenharia e TI). Etapas do,,,Estágio,,internship,"{""electrical_engineering"": 0, ""computer_science"": 0, ""mechanical_engineering"": 0, ""civil_engineering"": 0, ""production_engineering"": 0, ""administration"": 0, ""data_science"": 0}",https://www.vagas.com.br/vagas/v2783038/programa-de-estagio-b3-2026
vagas_com,2817542,Webmotors,Estágio Webmotors,São Paulo / SP,-23.5475,-46.63611,Estágio,,internship,"{""electrical_engineering"": 9, ""computer_science"": 0, ""mechanical_engineering"": 0, ""civil_engineering"": 0, ""production_engineering"": 0, ""administration"": 0, ""data_science"": 0}",https://www.vagas.com.br/vagas/v2817542/estagio-webmotors
vagas_com,2823787,em Supermercado,Estagio em Supermercado,Araçatuba / SP,-21.20889,-50.43278,Estágio,,internship,"{""electrical_engineering"": 0, ""computer_science"": 0, ""mechanical_engineering"": 17, ""civil_engineering"": 0, ""production_engineering"": 0, ""administration"": 0, ""data_science"": 0}",https://www.vagas.com.br/vagas/v2823787/estagio-em-supermercado
vagas_com,2823542,em Supermercado,Estagio em Supermercado,Bertioga / SP,-23.85444,-46.13861,Estágio,,internship,"{""electrical_engineering"": 0, ""computer_science"": 0, ""mechanical_engineering"": 17, ""civil_engineering"": 0, ""production_engineering"": 0, ""administration"": 0, ""data_science"": 0}",https://www.vagas.com.br/vagas/v2823542/estagio-em-supermercado
vagas_com,2823785,em Supermercado,Estagio em Supermercado,Itanhaém / SP,-24.18306,-46.78889,Estágio,,internship,"{""electrical_engineering"": 0, ""computer_science"": 0, ""mechanical_engineering"": 17, ""civil_engineering"": 0, ""production_engineering"": 0, ""administration"": 0, ""data_science"": 0}",https://www.vagas.com.br/vagas/v2823785/estagio-em-supermercado
vagas_com,2833290,Administração,Estágio em Administração,São Bernardo do Campo / SP,-23.69389,-46.565,Estágio,,internship,"{""electrical_engineering"": 9, ""computer_science"": 0, ""mechanical_engineering"": 9, ""civil_engineering"": 0, ""production_engineering"": 0, ""administration"": 70, ""data_science"": 0}",https://www.vagas.com.br/vagas/v2833290/estagio-em-administracao
vagas_com,2833760,Administração,Estágio em Administração - 85058,Rio de Janeiro / RJ,-22.90642,-43.18223,Estágio,,internship,"{""electrical_engineering"": 0, ""computer_science"": 0, ""mechanical_engineering"": 0, ""civil_engineering"": 0, ""production_engineering"": 0, ""administration"": 70, ""data_science"": 0}",https://www.vagas.com.br/vagas/v2833760/estagio-em-administracao-85058
vagas_com,2829967,Administração,Estágio em Administração Contratual,Rio de Janeiro / RJ,-22.90642,-43.18223,Estágio,,internship,"{""electrical_engineering"": 9, ""computer_science"": 0, ""mechanical_engineering"": 0, ""civil_engineering"": 0, ""production_engineering"": 0, ""administration"": 70, ""data_science"": 0}",https://www.vagas.com.br/vagas/v2829967/estagio-em-administracao-contratual
vagas_com,2834366,Administrativo,Estágio Administrativo - Araucária,Araucária / PR,-25.59306,-49.41028,Estágio,,internship,"{""electrical_engineering"": 9, ""computer_science"": 0, ""mechanical_engineering"": 0, ""civil_engineering"": 0, ""production_engineering"": 0, ""administration"": 58, ""data_science"": 0}",https://www.vagas.com.br/vagas/v2834366/estagio-administrativo-araucaria
vagas_com,2830546,na Área,Estagiário na Área Administrativa - Direção Administrativa,Curitiba / PR,-25.42778,-49.27306,Estágio,,internship,"{""electrical_engineering"": 9, ""computer_science"": 0, ""mechanical_engineering"": 0, ""civil_engineering"": 0, ""production_engineering"": 0, ""administration"": 49, ""data_science"": 0}",https://www.vagas.com.br/vagas/v2830546/estagiario-na-area-administrativa-direcao-administrativa
vagas_com,2832798,Administração,Estagiário de Administração - RH,São Paulo / SP,-23.5475,-46.63611,Estágio,,internship,"{""electrical_engineering"": 0, ""computer_science"": 0, ""mechanical_engineering"": 0, ""civil_engineering"": 0, ""production_engineering"": 0, ""administration"": 70, ""data_science"": 0}",https://www.vagas.com.br/vagas/v2832798/estagiario-de-administracao-rh
vagas_com,2833434,em Relacionamento e,Estágio em Relacionamento e Gestão de Clientes,São Paulo / SP,-23.5475,-46.63611,Estágio,,internship,"{""electrical_engineering"": 0, ""computer_science"": 0, ""mechanical_engineering"": 0, ""civil_engineering"": 0, ""production_engineering"": 0, ""administration"": 49, ""data_science"": 0}",https://www.vagas.com.br/vagas/v2833434/estagio-em-relacionamento-e-gestao-de-clientes
vagas_com,2832697,"Aperam em Controladoria, Projetos e","Estágio Aperam em Controladoria, Projetos e Gestão Financeira",Timóteo / MG,-19.58106,-42.64953,Estágio,,internship,"{""electrical_engineering"": 0, ""computer_science"": 0, ""mechanical_engineering"": 12, ""civil_engineering"": 0, ""production_engineering"": 0, ""administration"": 66, ""data_science"": 0}",https://www.vagas.com.br/vagas/v2832697/estagio-aperam-em-controladoria-projetos-e-gestao-financeira
vagas_com,2832557,Administração,Estágio em Administração Ou Engenharia de Produção - Pier Mauá,Rio de Janeiro / RJ,-22.90642,-43.18223,Estágio,,internship,"{""electrical_engineering"": 0, ""computer_science"": 0, ""mechanical_engineering"": 0, ""civil_engineering"": 0, ""production_engineering"": 70, ""administration"": 70, ""data_science"": 0}",https://www.vagas.com.br/vagas/v2832557/estagio-em-administracao-ou-engenharia-de-producao-pier-maua
vagas_com,2832664,Logística,Estágio em Logística,Lavras / MG,-21.24528,-44.99972,Estágio,,internship,"{""electrical_engineering"": 0, ""computer_science"": 0, ""mechanical_engineering"": 0, ""civil_engineering"": 0, ""production_engineering"": 22, ""administration"": 0, ""data_science"": 0}",https://www.vagas.com.br/vagas/v2832664/estagio-em-logistica
vagas_com,2820227,Estagiária,Pessoa Estagiária de Operações – Gestão Condominial de Shopping Centers,São Paulo / SP,-23.5475,-46.63611,Estágio,,internship,"{""electrical_engineering"": 0, ""computer_science"": 0, ""mechanical_engineering"": 0, ""civil_engineering"": 0, ""production_engineering"": 22, ""administration"": 71, ""data_science"": 0}",https://www.vagas.com.br/vagas/v2820227/pessoa-estagiaria-de-operacoes-gestao-condominial-de-shopping-centers
vagas_com,2833619,2026 -,Programa de Estágio 2026 - Gestão da Produção/Automação - Engenharia - Farmácia - Biomedicina,Vespasiano / MG,-19.69194,-43.92333,Estágio,,internship,"{""electrical_engineering"": 22, ""computer_science"": 0, ""mechanical_engineering"": 0, ""civil_engineering"": 0, ""production_engineering"": 0, ""administration"": 0, ""data_science"": 0}",https://www.vagas.com.br/vagas/v2833619/programa-de-estagio-2026-gestao-da-producao-automacao-engenharia-farmacia-biomedicina
vagas_com,2832903,Logistica,Estágio em Logistica Interna (Inbound),São Bernardo do Campo / SP,-23.69389,-46.565,Estágio,,internship,"{""electrical_engineering"": 0, ""computer_science"": 0, ""mechanical_engineering"": 0, ""civil_engineering"": 0, ""production_engineering"": 22, ""administration"": 49, ""data_science"": 0}",https://www.vagas.com.br/vagas/v2832903/estagio-em-logistica-interna-inbound
vagas_com,2832902,Logistica,Estágio em Logistica Interna (Central de Recebimento),São Bernardo do Campo / SP,-23.69389,-46.565,Estágio,,internship,"{""electrical_engineering"": 0, ""computer_science"": 0, ""mechanical_engineering"": 12, ""civil_engineering"": 17, ""production_engineering"": 22, ""administration"": 49, ""data_science"": 0}",https://www.vagas.com.br/vagas/v2832902/estagio-em-logistica-interna-central-de-recebimento
vagas_com,2833553,Administrativo,Assistente Administrativo Acadêmico,São Paulo / SP,-23.5475,-46.63611,Estágio,,internship,"{""electrical_engineering"": 9, ""computer_science"": 0, ""mechanical_engineering"": 17, ""civil_engineering"": 0, ""production_engineering"": 0, ""administration"": 0, ""data_science"": 0}",https://www.vagas.com.br/vagas/v2833553/assistente-administrativo-academico
vagas_com,2833691,Administrativo,Aprendiz Administrativo - Jurubatuba,Descrição: Faça parte da nossa equipe como Jovem Aprendiz na área Administrativa.Requisitos:Ter de 14 a 24 anos;Ensino Médio cursando ou completo;Residir em Jurubatuba/SP ou regiões próximasAtividades:Cuidar de arquivosOrganização de planilhasDar entrada em Notas FiscaisSuporte aos gestoresOferecemos:Bolsa auxílio compatível com o mercado;Vale-transporte;Wellhub (descontos em academias);Oportun...,,,Estágio,,internship; apprentice,"{""electrical_engineering"": 0, ""computer_science"": 0, ""mechanical_engineering"": 9, ""civil_engineering"": 0, ""production_engineering"": 0, ""administration"": 0, ""data_science"": 0}",https://www.vagas.com.br/vagas/v2833691/aprendiz-administrativo-jurubatuba
vagas_com,2833575,(a) Techtudo,Estágiario (a) Techtudo,Rio de Janeiro / RJ,-22.90642,-43.18223,Estágio,,internship,"{""electrical_engineering"": 0, ""computer_science"": 0, ""mechanical_engineering"": 0, ""civil_engineering"": 0, ""production_engineering"": 0, ""administration"": 49, ""data_science"": 0}",https://www.vagas.com.br/vagas/v2833575/estagiario-a-techtudo
vagas_com,2828622,em Recursos Humanos,Estágio em Recursos Humanos,Manaus / AM,-3.10194,-60.025,Estágio,,internship,"{""electrical_engineering"": 0, ""computer_science"": 0, ""mechanical_engineering"": 0, ""civil_engineering"": 0, ""production_engineering"": 0, ""administration"": 66, ""data_science"": 0}",https://www.vagas.com.br/vagas/v2828622/estagio-em-recursos-humanos
vagas_com,2832025,(a) - Central de Operações,Estagiário (a) - Central de Operações,Brasília / DF,-15.77972,-47.92972,Estágio,,internship,"{""electrical_engineering"": 0, ""computer_science"": 0, ""mechanical_engineering"": 0, ""civil_engineering"": 0, ""production_engineering"": 22, ""administration"": 71, ""data_science"": 0}",https://www.vagas.com.br/vagas/v2832025/estagiario-a-central-de-operacoes
vagas_com,2818019,(a) de Marketing de Produtos,Estagiário (a) de Marketing de Produtos,São Paulo / SP,-23.5475,-46.63611,Estágio,,internship,"{""electrical_engineering"": 0, ""computer_science"": 0, ""mechanical_engineering"": 0, ""civil_engineering"": 0, ""production_engineering"": 0, ""administration"": 66, ""data_science"": 0}",https://www.vagas.com.br/vagas/v2818019/estagiario-a-de-marketing-de-produtos
vagas_com,2829834,em RH,Estágio em RH,"em Recursos Humanos – Suzano/SPEstamos buscando uma pessoa para integrar o time de principalmente as rotinas operacionais da área de RH.A posição é 100% presencial em Suzano/SP, com contrato de",,,Estágio,,internship,"{""electrical_engineering"": 0, ""computer_science"": 0, ""mechanical_engineering"": 0, ""civil_engineering"": 0, ""production_engineering"": 0, ""administration"": 58, ""data_science"": 0}",https://www.vagas.com.br/vagas/v2829834/estagio-em-rh
vagas_com,2832404,em Sinistro (Dados),Estágio em Sinistro (Dados),São Paulo / SP,-23.5475,-46.63611,Estágio,,internship,"{""electrical_engineering"": 0, ""computer_science"": 0, ""mechanical_engineering"": 0, ""civil_engineering"": 0, ""production_engineering"": 0, ""administration"": 49, ""data_science"": 12}",https://www.vagas.com.br/vagas/v2832404/estagio-em-sinistro-dados
vagas_com,2825555,Estagiária,Pessoa Estagiária de Engenharia - Indicadores,São Paulo / SP,-23.5475,-46.63611,Estágio,,internship,"{""electrical_engineering"": 0, ""computer_science"": 0, ""mechanical_engineering"": 17, ""civil_engineering"": 0, ""production_engineering"": 0, ""administration"": 49, ""data_science"": 0}",https://www.vagas.com.br/vagas/v2825555/pessoa-estagiaria-de-engenharia-indicadores
vagas_com,2833896,em Vendas | Reckitt Comercial,Estágio em Vendas | Reckitt Comercial,São Paulo / SP,-23.5475,-46.63611,Estágio,,internship,"{""electrical_engineering"": 0, ""computer_science"": 0, ""mechanical_engineering"": 0, ""civil_engineering"": 0, ""production_engineering"": 0, ""administration"": 22, ""data_science"": 0}",https://www.vagas.com.br/vagas/v2833896/estagio-em-vendas-reckitt-comercial
vagas_com,2829430,de Negócios,Gerente de Negócios,Cuiabá / MT,-15.59611,-56.09667,,,,"{""electrical_engineering"": 0, ""computer_science"": 0, ""mechanical_engineering"": 0, ""civil_engineering"": 0, ""production_engineering"": 0, ""administration"": 64, ""data_science"": 0}",https://www.vagas.com.br/vagas/v2829430/gerente-de-negocios
vagas_com,2831103,de Loja,Gerente de Loja,Juiz de Fora / MG,-21.76417,-43.35028,,,,"{""electrical_engineering"": 0, ""computer_science"": 0, ""mechanical_engineering"": 9, ""civil_engineering"": 0, ""production_engineering"": 0, ""administration"": 12, ""data_science"": 0}",https://www.vagas.com.br/vagas/v2831103/gerente-de-loja
vagas_com,2831107,de Loja,Gerente de Loja,Maricá / RJ,-22.91944,-42.81861,,,,"{""electrical_engineering"": 0, ""computer_science"": 0, ""mechanical_engineering"": 0, ""civil_engineering"": 0, ""production_engineering"": 0, ""administration"": 49, ""data_science"": 0}",https://www.vagas.com.br/vagas/v2831107/gerente-de-loja
vagas_com,2831511,Adm,Suporte Adm,Descrição: Estamos com uma oportunidade em aberto para atuar como Suporte Administrativo na área de Relacionamento. Vaga presencial em Piracicaba - SP.Requisitos:Experiência anterior em atividades administrativas;Conhecimento em informática e pacote Office;Residir em Piracicaba - SP.Interessados deverão se candidatar através da opção abaixo. Venha fazer parte deste time :),,,,,,"{""electrical_engineering"": 0, ""computer_science"": 0, ""mechanical_engineering"": 0, ""civil_engineering"": 0, ""production_engineering"": 0, ""administration"": 0, ""data_science"": 0}",https://www.vagas.com.br/vagas/v2831511/suporte-adm
vagas_com,2832396,Administrativo,ANL Administrativo Jr,São Paulo / SP,-23.5475,-46.63611,,,,"{""electrical_engineering"": 9, ""computer_science"": 0, ""mechanical_engineering"": 0, ""civil_engineering"": 0, ""production_engineering"": 0, ""administration"": 0, ""data_science"": 0}",https://www.vagas.com.br/vagas/v2832396/anl-administrativo-jr
vagas_com,2832708,Administrativo,Analista Administrativo,Governador Valadares / MG,-18.85111,-41.94944,,,,"{""electrical_engineering"": 0, ""computer_science"": 0, ""mechanical_engineering"": 0, ""civil_engineering"": 0, ""production_engineering"": 0, ""administration"": 49, ""data_science"": 0}",https://www.vagas.com.br/vagas/v2832708/analista-administrativo
vagas_com,2832741,Administrativo,Analista Administrativo Jr,São Paulo / SP,-23.5475,-46.63611,,,,"{""electrical_engineering"": 9, ""computer_science"": 0, ""mechanical_engineering"": 0, ""civil_engineering"": 0, ""production_engineering"": 0, ""administration"": 0, ""data_science"": 0}",https://www.vagas.com.br/vagas/v2832741/analista-administrativo-jr
vagas_com,2832209,Administrativo,Analista Administrativo Júnior,Rio de Janeiro / RJ,-22.90642,-43.18223,,,entry_level,"{""electrical_engineering"": 9, ""computer_science"": 0, ""mechanical_engineering"": 0, ""civil_engineering"": 12, ""production_engineering"": 0, ""administration"": 9, ""data_science"": 0}",https://www.vagas.com.br/vagas/v2832209/analista-administrativo-junior
vagas_com,2832196,de Loja,Gerente de Loja,Barueri / SP,-23.51056,-46.87611,,,,"{""electrical_engineering"": 0, ""computer_science"": 0, ""mechanical_engineering"": 0, ""civil_engineering"": 0, ""production_engineering"": 0, ""administration"": 9, ""data_science"": 0}",https://www.vagas.com.br/vagas/v2832196/gerente-de-loja
vagas_com,2832810,Administrativo,Assistente Administrativo,Belo Horizonte / MG,-19.92083,-43.93778,,,,"{""electrical_engineering"": 0, ""computer_science"": 0, ""mechanical_engineering"": 0, ""civil_engineering"": 0, ""production_engineering"": 0, ""administration"": 49, ""data_science"": 0}",https://www.vagas.com.br/vagas/v2832810/assistente-administrativo
vagas_com,2827592,Administrativo,Analista Administrativo Junior,Barueri / SP,-23.51056,-46.87611,,,entry_level,"{""electrical_engineering"": 0, ""computer_science"": 0, ""mechanical_engineering"": 0, ""civil_engineering"": 0, ""production_engineering"": 0, ""administration"": 49, ""data_science"": 0}",https://www.vagas.com.br/vagas/v2827592/analista-administrativo-junior
vagas_com,2834263,Administrativo,Assistente Administrativo,Rio de Janeiro / RJ,-22.90642,-43.18223,,,,"{""electrical_engineering"": 0, ""computer_science"": 0, ""mechanical_engineering"": 0, ""civil_engineering"": 0, ""production_engineering"": 0, ""administration"": 58, ""data_science"": 0}",https://www.vagas.com.br/vagas/v2834263/assistente-administrativo
vagas_com,2833966,de Contas,Gerente de Contas,São Paulo / SP,-23.5475,-46.63611,,,,"{""electrical_engineering"": 9, ""computer_science"": 0, ""mechanical_engineering"": 0, ""civil_engineering"": 0, ""production_engineering"": 0, ""administration"": 49, ""data_science"": 0}",https://www.vagas.com.br/vagas/v2833966/gerente-de-contas
vagas_com,2832782,Administrativo,Analista Administrativo Junior,,,,,,entry_level,"{""electrical_engineering"": 0, ""computer_science"": 0, ""mechanical_engineering"": 0, ""civil_engineering"": 0, ""production_engineering"": 0, ""administration"": 49, ""data_science"": 0}",https://www.vagas.com.br/vagas/v2832782/analista-administrativo-junior
vagas_com,2834506,Administrativo,Assistente Administrativo,Louveira / SP,-23.08639,-46.95056,,,,"{""electrical_engineering"": 0, ""computer_science"": 0, ""mechanical_engineering"": 0, ""civil_engineering"": 0, ""production_engineering"": 0, ""administration"": 49, ""data_science"": 0}",https://www.vagas.com.br/vagas/v2834506/assistente-administrativo
vagas_com,2829642,Administrativo,Banco de Talentos - Administrativo,Sacramento / MG,38.58157,-121.4944,,,,"{""electrical_engineering"": 0, ""computer_science"": 0, ""mechanical_engineering"": 0, ""civil_engineering"": 0, ""production_engineering"": 0, ""administration"": 49, ""data_science"": 0}",https://www.vagas.com.br/vagas/v2829642/banco-de-talentos-administrativo
vagas_com,2830137,Administrativo,Assistente Administrativo Hospitalar,Brasília / DF,-15.77972,-47.92972,,,,"{""electrical_engineering"": 0, ""computer_science"": 0, ""mechanical_engineering"": 0, ""civil_engineering"": 0, ""production_engineering"": 0, ""administration"": 9, ""data_science"": 0}",https://www.vagas.com.br/vagas/v2830137/assistente-administrativo-hospitalar
vagas_com,2828482,Gestão,Analista de Gestão de Saúde Jr,Betim / MG,-19.96778,-44.19833,,,,"{""electrical_engineering"": 0, ""computer_science"": 0, ""mechanical_engineering"": 0, ""civil_engineering"": 0, ""production_engineering"": 0, ""administration"": 9, ""data_science"": 0}",https://www.vagas.com.br/vagas/v2828482/analista-de-gestao-de-saude-jr
vagas_com,2829859,Administrativo,Assistente Administrativo de Compras,"Descrição: Assistente Administrativo de Compras Empresa multinacional do segmento da saúdeLocal: Av. Embaixador Abelardo Bueno, Barra da Tijuca, Rio de Janeiro - RJ, 22775-022Modelo de trabalho: Presencial Dias de trabalho: Segunda a Sexta - 40h semanais - 9h as 18hResponsabilidades:Realizar acompanhamento (follow-up) de solicitações de compras e pedidos junto às áreas internas e fornecedores;P...",,,,,,"{""electrical_engineering"": 0, ""computer_science"": 0, ""mechanical_engineering"": 0, ""civil_engineering"": 0, ""production_engineering"": 0, ""administration"": 17, ""data_science"": 0}",https://www.vagas.com.br/vagas/v2829859/assistente-administrativo-de-compras
vagas_com,2824396,Administrativo,Assistente Administrativo Junior Glae,São Paulo / SP,-23.5475,-46.63611,,,entry_level,"{""electrical_engineering"": 0, ""computer_science"": 0, ""mechanical_engineering"": 0, ""civil_engineering"": 0, ""production_engineering"": 0, ""administration"": 0, ""data_science"": 0}",https://www.vagas.com.br/vagas/v2824396/assistente-administrativo-junior-glae
vagas_com,2831542,de Operações de TI,Gerente de Operações de TI,Brasília / DF,-15.77972,-47.92972,,,,"{""electrical_engineering"": 0, ""computer_science"": 0, ""mechanical_engineering"": 0, ""civil_engineering"": 0, ""production_engineering"": 22, ""administration"": 22, ""data_science"": 0}",https://www.vagas.com.br/vagas/v2831542/gerente-de-operacoes-de-ti
vagas_com,2832560,Gestão,Analista de Gestão de Projetos Jr,Sacramento / MG,38.58157,-121.4944,,,,"{""electrical_engineering"": 0, ""computer_science"": 0, ""mechanical_engineering"": 0, ""civil_engineering"": 0, ""production_engineering"": 0, ""administration"": 49, ""data_science"": 0}",https://www.vagas.com.br/vagas/v2832560/analista-de-gestao-de-projetos-jr
vagas_com,2829678,Administração,Analista de Administração de Pessoal Júnior,São Paulo / SP,-23.5475,-46.63611,,,entry_level,"{""electrical_engineering"": 0, ""computer_science"": 0, ""mechanical_engineering"": 0, ""civil_engineering"": 0, ""production_engineering"": 0, ""administration"": 79, ""data_science"": 0}",https://www.vagas.com.br/vagas/v2829678/analista-de-administracao-de-pessoal-junior
vagas_com,2833706,Administrativo,Auxiliar Administrativo - Ital -059830,Campinas / SP,-22.90556,-47.06083,,,,"{""electrical_engineering"": 0, ""computer_science"": 0, ""mechanical_engineering"": 0, ""civil_engineering"": 0, ""production_engineering"": 0, ""administration"": 0, ""data_science"": 0}",https://www.vagas.com.br/vagas/v2833706/auxiliar-administrativo-ital-059830
vagas_com,2833555,Administrativo,Analista Administrativo Jr - Sede- 059798,São Paulo / SP,-23.5475,-46.63611,,,,"{""electrical_engineering"": 0, ""computer_science"": 0, ""mechanical_engineering"": 0, ""civil_engineering"": 0, ""production_engineering"": 0, ""administration"": 49, ""data_science"": 0}",https://www.vagas.com.br/vagas/v2833555/analista-administrativo-jr-sede-059798
vagas_com,2834314,Administrativo,Analista Administrativo de Sementes,Cuiabá / MT,-15.59611,-56.09667,,,,"{""electrical_engineering"": 0, ""computer_science"": 0, ""mechanical_engineering"": 0, ""civil_engineering"": 0, ""production_engineering"": 12, ""administration"": 49, ""data_science"": 0}",https://www.vagas.com.br/vagas/v2834314/analista-administrativo-de-sementes
vagas_com,2834433,Administração,Analista de Administração de Pessoal Jr,Clementina / SP,,,,,,"{""electrical_engineering"": 0, ""computer_science"": 0, ""mechanical_engineering"": 0, ""civil_engineering"": 0, ""production_engineering"": 0, ""administration"": 70, ""data_science"": 0}",https://www.vagas.com.br/vagas/v2834433/analista-de-administracao-de-pessoal-jr
vagas_com,2834543,Administrativo,Assistente Administrativo de Vendas,São Bernardo do Campo / SP,-23.69389,-46.565,,,,"{""electrical_engineering"": 12, ""computer_science"": 0, ""mechanical_engineering"": 0, ""civil_engineering"": 0, ""production_engineering"": 12, ""administration"": 66, ""data_science"": 0}",https://www.vagas.com.br/vagas/v2834543/assistente-administrativo-de-vendas
vagas_com,2830219,Administração,Analista de Administração de Pessoal (Benefícios),São Paulo / SP,-23.5475,-46.63611,,,,"{""electrical_engineering"": 9, ""computer_science"": 0, ""mechanical_engineering"": 0, ""civil_engineering"": 0, ""production_engineering"": 0, ""administration"": 70, ""data_science"": 0}",https://www.vagas.com.br/vagas/v2830219/analista-de-administracao-de-pessoal-beneficios
vagas_com,2829835,Adm,"Jovem Aprendiz, Adm - Aracaju/SE",- Aracaju/SE,-10.91111,-37.07167,,,apprentice,"{""electrical_engineering"": 0, ""computer_science"": 0, ""mechanical_engineering"": 0, ""civil_engineering"": 0, ""production_engineering"": 0, ""administration"": 49, ""data_science"": 0}",https://www.vagas.com.br/vagas/v2829835/jovem-aprendiz-adm-aracaju-se
vagas_com,2834184,Administrativo,Assistente Administrativo - Pesquisa & Desenvolvimento,Jaboticabal/SP.Formação:· Ensino Superior completo ou cursando em,-21.25472,-48.32222,,,research,"{""electrical_engineering"": 0, ""computer_science"": 0, ""mechanical_engineering"": 0, ""civil_engineering"": 0, ""production_engineering"": 0, ""administration"": 49, ""data_science"": 0}",https://www.vagas.com.br/vagas/v2834184/assistente-administrativo-pesquisa-desenvolvimento
vagas_com,2833345,Administrativo,Assistente de Apoio Administrativo Coordenação de Cursos,Belo Horizonte / MG,-19.92083,-43.93778,,,,"{""electrical_engineering"": 0, ""computer_science"": 0, ""mechanical_engineering"": 9, ""civil_engineering"": 0, ""production_engineering"": 0, ""administration"": 0, ""data_science"": 0}",https://www.vagas.com.br/vagas/v2833345/assistente-de-apoio-administrativo-coordenacao-de-cursos
vagas_com,2832174,Administrativo,Analista Administrativo de Vendas Jr - Backoffice,São Paulo / SP,-23.5475,-46.63611,,,,"{""electrical_engineering"": 0, ""computer_science"": 0, ""mechanical_engineering"": 0, ""civil_engineering"": 0, ""production_engineering"": 0, ""administration"": 66, ""data_science"": 0}",https://www.vagas.com.br/vagas/v2832174/analista-administrativo-de-vendas-jr-backoffice
vagas_com,2832038,Administrativo,Analista Administrativo Financeiro Junior - Presencial - Barueri SP,Barueri / SP,-23.51056,-46.87611,,,entry_level,"{""electrical_engineering"": 9, ""computer_science"": 0, ""mechanical_engineering"": 0, ""civil_engineering"": 0, ""production_engineering"": 0, ""administration"": 17, ""data_science"": 0}",https://www.vagas.com.br/vagas/v2832038/analista-administrativo-financeiro-junior-presencial-barueri-sp
vagas_com,2832647,Gestão,Analista de Gente & Gestão Jr (Foco R&s),Tatuí / SP,-23.35556,-47.85694,,,,"{""electrical_engineering"": 0, ""computer_science"": 0, ""mechanical_engineering"": 0, ""civil_engineering"": 0, ""production_engineering"": 0, ""administration"": 49, ""data_science"": 0}",https://www.vagas.com.br/vagas/v2832647/analista-de-gente-gestao-jr-foco-r-s
vagas_com,2827337,Gestão,Analista de Garantia da Qualidade Jr ( Gestão de Riscos e Mudança) Temporário,Rio de Janeiro / RJ,-22.90642,-43.18223,,,,"{""electrical_engineering"": 9, ""computer_science"": 0, ""mechanical_engineering"": 0, ""civil_engineering"": 0, ""production_engineering"": 17, ""administration"": 0, ""data_science"": 0}",https://www.vagas.com.br/vagas/v2827337/analista-de-garantia-da-qualidade-jr-gestao-de-riscos-e-mudanca-temporario
vagas_com,2830689,Contabilidade,Estágio em Contabilidade,,,,Estágio,,internship,"{""electrical_engineering"": 0, ""computer_science"": 0, ""mechanical_engineering"": 9, ""civil_engineering"": 0, ""production_engineering"": 0, ""administration"": 9, ""data_science"": 0}",https://www.vagas.com.br/vagas/v2830689/estagio-em-contabilidade
vagas_com,2831464,Controladoria,Estagiário em Controladoria,Rio de Janeiro / RJ,-22.90642,-43.18223,Estágio,,internship,"{""electrical_engineering"": 12, ""computer_science"": 0, ""mechanical_engineering"": 0, ""civil_engineering"": 0, ""production_engineering"": 0, ""administration"": 0, ""data_science"": 0}",https://www.vagas.com.br/vagas/v2831464/estagiario-em-controladoria
vagas_com,2823982,(a),Estagiário (a) Financeiro (a),Sete Lagoas / MG,-19.46583,-44.24667,Estágio,,internship,"{""electrical_engineering"": 0, ""computer_science"": 0, ""mechanical_engineering"": 0, ""civil_engineering"": 0, ""production_engineering"": 0, ""administration"": 66, ""data_science"": 0}",https://www.vagas.com.br/vagas/v2823982/estagiario-a-financeiro-a
vagas_com,2832667,Controladoria,Estágio em Controladoria,Lavras / MG,-21.24528,-44.99972,Estágio,,internship,"{""electrical_engineering"": 0, ""computer_science"": 0, ""mechanical_engineering"": 0, ""civil_engineering"": 0, ""production_engineering"": 0, ""administration"": 61, ""data_science"": 0}",https://www.vagas.com.br/vagas/v2832667/estagio-em-controladoria
vagas_com,2834436,Contabilidade,Estágio em Contabilidade,São Paulo / SP,-23.5475,-46.63611,Estágio,,internship,"{""electrical_engineering"": 0, ""computer_science"": 0, ""mechanical_engineering"": 0, ""civil_engineering"": 0, ""production_engineering"": 0, ""administration"": 9, ""data_science"": 0}",https://www.vagas.com.br/vagas/v2834436/estagio-em-contabilidade
vagas_com,2833067,Controladoria,Estágio Controladoria (Contábeis),Betim / MG,-19.96778,-44.19833,Estágio,,internship,"{""electrical_engineering"": 9, ""computer_science"": 0, ""mechanical_engineering"": 0, ""civil_engineering"": 0, ""production_engineering"": 0, ""administration"": 12, ""data_science"": 0}",https://www.vagas.com.br/vagas/v2833067/estagio-controladoria-contabeis
vagas_com,2832697,Aperam em,"Estágio Aperam em Controladoria , Projetos e Gestão Financeira",Timóteo / MG,-19.58106,-42.64953,Estágio,,internship,"{""electrical_engineering"": 12, ""computer_science"": 0, ""mechanical_engineering"": 0, ""civil_engineering"": 0, ""production_engineering"": 0, ""administration"": 17, ""data_science"": 0}",https://www.vagas.com.br/vagas/v2832697/estagio-aperam-em-controladoria-projetos-e-gestao-financeira
vagas_com,2830796,Financeiro,Estágio Financeiro (Rio de Janeiro),Rio de Janeiro / RJ,-22.90642,-43.18223,Estágio,,internship,"{""electrical_engineering"": 0, ""computer_science"": 0, ""mechanical_engineering"": 0, ""civil_engineering"": 0, ""production_engineering"": 0, ""administration"": 17, ""data_science"": 0}",https://www.vagas.com.br/vagas/v2830796/estagio-financeiro-rio-de-janeiro
vagas_com,2832286,na Área,Estágio na Área Fiscal /Tributária,São Paulo / SP,-23.5475,-46.63611,Estágio,,internship,"{""electrical_engineering"": 0, ""computer_science"": 0, ""mechanical_engineering"": 0, ""civil_engineering"": 12, ""production_engineering"": 0, ""administration"": 0, ""data_science"": 0}",https://www.vagas.com.br/vagas/v2832286/estagio-na-area-fiscal-tributaria
vagas_com,2825603,Planejamento,Estagiário Planejamento Financeiro (FP&A),Rio de Janeiro / RJ,-22.90642,-43.18223,Estágio,,internship,"{""electrical_engineering"": 9, ""computer_science"": 0, ""mechanical_engineering"": 0, ""civil_engineering"": 0, ""production_engineering"": 17, ""administration"": 17, ""data_science"": 0}",https://www.vagas.com.br/vagas/v2825603/estagiario-planejamento-financeiro-fp-a
vagas_com,2833539,Superior - Almoxarifado/,Estágio Superior - Almoxarifado/ Controladoria,Dourados / MS,-22.22111,-54.80556,Estágio,,internship,"{""electrical_engineering"": 9, ""computer_science"": 0, ""mechanical_engineering"": 0, ""civil_engineering"": 0, ""production_engineering"": 0, ""administration"": 0, ""data_science"": 0}",https://www.vagas.com.br/vagas/v2833539/estagio-superior-almoxarifado-controladoria
vagas_com,2834482,de Talentos |,Banco de Talentos | Estagiária (o) Superior,Ouroeste / SP,,,Estágio,,internship,"{""electrical_engineering"": 9, ""computer_science"": 0, ""mechanical_engineering"": 0, ""civil_engineering"": 0, ""production_engineering"": 0, ""administration"": 0, ""data_science"": 0}",https://www.vagas.com.br/vagas/v2834482/banco-de-talentos-estagiaria-o-superior
vagas_com,2816449,Superior |,Estagio Superior | Estagio Técnico - Banco de Talentos,Pontes Gestal / SP,,,Estágio,,internship,"{""electrical_engineering"": 9, ""computer_science"": 0, ""mechanical_engineering"": 0, ""civil_engineering"": 0, ""production_engineering"": 0, ""administration"": 0, ""data_science"": 0}",https://www.vagas.com.br/vagas/v2816449/estagio-superior-estagio-tecnico-banco-de-talentos
vagas_com,2833572,em Relações com Investidores e,Estágio em Relações com Investidores e Finanças Corporativas,São Paulo / SP,-23.5475,-46.63611,Estágio,,internship,"{""electrical_engineering"": 0, ""computer_science"": 0, ""mechanical_engineering"": 9, ""civil_engineering"": 0, ""production_engineering"": 0, ""administration"": 22, ""data_science"": 0}",https://www.vagas.com.br/vagas/v2833572/estagio-em-relacoes-com-investidores-e-financas-corporativas
vagas_com,2833885,(a),Estagiário (a) Financeiro | Afirmativo para Pessoas Negras,São Paulo / SP,-23.5475,-46.63611,Estágio,,internship,"{""electrical_engineering"": 0, ""computer_science"": 0, ""mechanical_engineering"": 0, ""civil_engineering"": 0, ""production_engineering"": 0, ""administration"": 17, ""data_science"": 0}",https://www.vagas.com.br/vagas/v2833885/estagiario-a-financeiro-afirmativo-para-pessoas-negras
vagas_com,2831894,de Talentos - Jovem Aprendiz,Banco de Talentos - Jovem Aprendiz,Santos / SP,-23.96083,-46.33361,Estágio,,internship; apprentice,"{""electrical_engineering"": 0, ""computer_science"": 0, ""mechanical_engineering"": 0, ""civil_engineering"": 0, ""production_engineering"": 0, ""administration"": 0, ""data_science"": 0}",https://www.vagas.com.br/vagas/v2831894/banco-de-talentos-jovem-aprendiz
vagas_com,2833965,Banco,Jovem Aprendiz ( Banco de Talentos),Orindiúva / SP,,,Estágio,,internship; apprentice,"{""electrical_engineering"": 9, ""computer_science"": 0, ""mechanical_engineering"": 0, ""civil_engineering"": 0, ""production_engineering"": 0, ""administration"": 0, ""data_science"": 0}",https://www.vagas.com.br/vagas/v2833965/jovem-aprendiz-banco-de-talentos
vagas_com,2828706,Banco,Programa Lapidando Talentos - Banco de Talentos,Rio de Janeiro / RJ,-22.90642,-43.18223,Estágio,,internship,"{""electrical_engineering"": 9, ""computer_science"": 0, ""mechanical_engineering"": 0, ""civil_engineering"": 0, ""production_engineering"": 0, ""administration"": 0, ""data_science"": 0}",https://www.vagas.com.br/vagas/v2828706/programa-lapidando-talentos-banco-de-talentos
99jobs,507732,SA 4.07,Programa de Estágio PDT Siemens Energ... Estágio Híbrido Não informado Siemens Energy 4.6 Eu quero!,"Pleno Presencial Goiânia, GO",,,Estágio,Presencial,internship,"{""electrical_engineering"": 17, ""computer_science"": 0, ""mechanical_engineering"": 0, ""civil_engineering"": 0, ""production_engineering"": 12, ""administration"": 0, ""data_science"": 0}",https://99jobs.com/siemens-energy/jobs/507732-programa-de-estagio-pdt-siemens-energy-2027-1?utm_source=tagportal&utm_medium=ses_oportunis&utm_campaign=programa-de-estagio-pdt-siemens-energy-2027-1&utm_id=001
99jobs,501311,A 3.96,"Programa de Estágio Técnico Suzano 20... Estágio Presencial Goiânia, GO Suzano SA 4.07 Eu quero!","Pleno Presencial Goiânia, GO",,,Estágio,Presencial,internship,"{""electrical_engineering"": 12, ""computer_science"": 0, ""mechanical_engineering"": 0, ""civil_engineering"": 0, ""production_engineering"": 12, ""administration"": 0, ""data_science"": 0}",https://99jobs.com/suzano/jobs/501311-programa-de-estagio-tecnico-suzano-2026-goiania-go?utm_source=tagportal&utm_medium=ses_oportunis&utm_campaign=programa-de-estagio-tecnico-suzano-2026-goiania-go&utm_id=001
